loco id,loco type,zone,manufacture year,cycle,totalcycles,days since service,engine temp   (C),oil pressure (bar),vibration    (mms),fuel efficiency (%),coolant temp (C),bearing temp  (C),RPM,exhaust temp (C),turbo pressure (bar),load factor (%),battery voltage (V),brake pressure (bar),RU,failure label,risk category
WDG4-1001,WDG4,NR,2014,1,174,-12,78.563,3.379,1.993,95.64,76.429,59.894,917.562,323.872,2.033,76.166,24.098,4.137,173,0,Low
WDG4-1001,WDG4,NR,2014,2,174,-10,83.015,3.785,2.354,93.177,77.398,59.337,913.649,325.032,1.775,70.422,23.585,3.951,172,0,Low
WDG4-1001,WDG4,NR,2014,3,174,-8,81.256,3.553,1.808,92.803,72.358,63.438,881.074,318.182,1.891,64.32,24.109,4.28,171,0,Low
WDG4-1001,WDG4,NR,2014,4,174,-6,79.521,3.363,1.887,94.926,76.087,60.413,932.098,324.781,1.746,69.2,23.856,4.069,170,0,Low
WDG4-1001,WDG4,NR,2014,5,174,-4,84.274,3.32,1.862,94.321,74.923,62.649,904.59,316.764,1.902,71.841,24.216,4.08,169,0,Low
WDG4-1001,WDG4,NR,2014,6,174,-2,80.975,3.606,1.947,92.439,70.906,62.36,904.654,317.87,1.782,75.978,24.772,4.424,168,0,Low
WDG4-1001,WDG4,NR,2014,7,174,0,82.206,3.576,1.559,94.546,74.88,62.135,903.802,319.117,1.855,69.57,23.715,4.13,167,0,Low
WDG4-1001,WDG4,NR,2014,8,174,2,84.904,3.373,1.657,93.433,77.24,59.447,929.186,326.688,1.711,76.139,23.888,4.15,166,0,Low
WDG4-1001,WDG4,NR,2014,9,174,4,82.161,3.341,1.924,93.93,72.682,57.64,924.374,319.057,1.862,68.037,24.045,4.361,165,0,Low
WDG4-1001,WDG4,NR,2014,10,174,6,81.396,3.616,1.886,92.317,75.274,58.788,922.48,310.002,1.755,75.64,23.291,4.05,164,0,Low
WDG4-1001,WDG4,NR,2014,11,174,8,80.87,3.505,2.039,96.307,72.606,60.933,886.63,333.276,1.891,71.149,24.506,4.462,163,0,Low
WDG4-1001,WDG4,NR,2014,12,174,10,84.581,3.645,2.049,92.08,76.61,60.926,886.986,318.507,1.671,69.046,24.509,3.804,162,0,Low
WDG4-1001,WDG4,NR,2014,13,174,12,81.249,3.544,1.819,95.033,78.031,55.732,880.883,304.743,1.783,72.576,23.783,3.991,161,0,Low
WDG4-1001,WDG4,NR,2014,14,174,14,81.521,3.461,1.427,93.918,80.523,57.71,913.85,323.442,1.922,68.338,24.134,4.127,160,0,Low
WDG4-1001,WDG4,NR,2014,15,174,16,84.216,3.555,2.007,94.666,76.525,57.586,922.873,332.002,1.868,69.512,23.984,4.333,159,0,Low
WDG4-1001,WDG4,NR,2014,16,174,18,78.359,3.275,2.268,94.449,77.322,63.055,903.11,324.452,1.802,65.315,24.654,4.074,158,0,Low
WDG4-1001,WDG4,NR,2014,17,174,20,85.569,3.525,1.679,92.984,74.137,59.233,897.531,334.275,1.786,74.808,24.04,4.467,157,0,Low
WDG4-1001,WDG4,NR,2014,18,174,22,82.028,3.445,2.062,95.438,80.436,57.494,911.739,327.494,1.798,64.926,24.478,4.403,156,0,Low
WDG4-1001,WDG4,NR,2014,19,174,24,78.33,3.648,1.538,93.608,76.358,61.931,865.612,332.539,1.754,64.706,24.53,3.842,155,0,Low
WDG4-1001,WDG4,NR,2014,20,174,26,86.751,3.483,1.946,93.217,76.056,62.779,912.591,323.115,1.751,77.627,23.631,3.967,154,0,Low
WDG4-1001,WDG4,NR,2014,21,174,28,85.829,3.241,1.852,92.783,77.064,61.913,928.536,301.489,1.668,68.132,23.497,4.264,153,0,Low
WDG4-1001,WDG4,NR,2014,22,174,30,79.241,3.29,1.665,94.477,74.168,57.675,897.427,316.711,1.686,77.789,23.989,4.206,152,0,Low
WDG4-1001,WDG4,NR,2014,23,174,32,81.145,3.39,2.068,91.832,72.947,61.77,881.351,304.846,1.598,73.817,24.236,4.048,151,0,Low
WDG4-1001,WDG4,NR,2014,24,174,34,80.858,3.584,2.007,93.824,76.21,64.325,868.743,325.621,1.806,79.83,23.731,4.035,150,0,Low
WDG4-1001,WDG4,NR,2014,25,174,36,84.289,3.202,1.962,93.575,74.893,59.382,895.713,332.137,1.871,66.455,24.891,4.265,149,0,Low
WDG4-1001,WDG4,NR,2014,26,174,38,80.96,3.576,2.5,94.6,77.811,59.631,869.398,320.839,1.8,71.523,24.35,4.213,148,0,Low
WDG4-1001,WDG4,NR,2014,27,174,40,87.565,3.462,2.069,91.937,75.135,59.774,882.094,317.418,1.68,75.383,23.637,3.915,147,0,Low
WDG4-1001,WDG4,NR,2014,28,174,42,80.571,3.147,1.456,94.393,74.681,62.715,883.59,317.73,1.849,78.877,24.194,3.705,146,0,Low
WDG4-1001,WDG4,NR,2014,29,174,44,84.875,3.529,2.029,93.128,73.902,61.072,881.475,333.164,1.718,71.248,24.453,3.978,145,0,Low
WDG4-1001,WDG4,NR,2014,30,174,46,84.397,3.509,2.013,92.171,73.304,57.509,910.429,310.226,1.875,77.433,23.53,4.331,144,0,Low
WDG4-1001,WDG4,NR,2014,31,174,48,88.861,3.44,2.261,96.667,82.597,60.328,884.725,315.946,1.863,77.071,24.235,3.644,143,0,Low
WDG4-1001,WDG4,NR,2014,32,174,50,83.715,3.502,2.004,93.473,70.2,58.398,829.441,314.348,1.734,68.95,23.595,4.328,142,0,Low
WDG4-1001,WDG4,NR,2014,33,174,52,83.771,3.141,1.931,95.631,77.378,64.147,889.902,301.055,1.867,68.791,24.293,4.282,141,0,Low
WDG4-1001,WDG4,NR,2014,34,174,54,80.994,3.065,1.749,94.957,72.253,61.14,862.901,350.692,1.626,72.973,23.917,3.869,140,0,Low
WDG4-1001,WDG4,NR,2014,35,174,56,83.225,3.358,1.781,92.933,77.496,61.965,903.789,333.168,1.806,74.265,23.61,4.128,139,0,Low
WDG4-1001,WDG4,NR,2014,36,174,58,84.529,3.603,2.271,94.197,75.484,61.455,901.441,332.323,1.838,85.767,24.343,3.832,138,0,Low
WDG4-1001,WDG4,NR,2014,37,174,60,78.486,3.559,2.403,93.753,75.472,61.151,909.178,330.794,1.599,78.549,24.099,3.88,137,0,Low
WDG4-1001,WDG4,NR,2014,38,174,62,85.077,3.378,1.685,92.017,77.33,60.48,892.461,321.324,1.725,68.09,23.951,4.135,136,0,Low
WDG4-1001,WDG4,NR,2014,39,174,64,85.688,3.285,2.227,94.29,73.64,56.395,859.702,317.716,1.748,74.654,23.291,3.96,135,0,Low
WDG4-1001,WDG4,NR,2014,40,174,66,82.031,3.503,1.744,95.849,74.416,59.923,868.622,310.759,1.678,75.126,24.016,4.186,134,0,Low
WDG4-1001,WDG4,NR,2014,41,174,68,83.551,3.43,2.041,91.177,74.801,62.182,902.111,329.734,1.74,72.294,24.011,4.4,133,0,Low
WDG4-1001,WDG4,NR,2014,42,174,70,85.175,3.306,1.94,94.636,72.45,61.001,900.821,304.338,1.779,71.561,24.116,3.966,132,0,Low
WDG4-1001,WDG4,NR,2014,43,174,72,79.327,3.449,2.52,91.796,76.489,60.497,911.3,319.499,1.496,75.971,23.702,4.186,131,0,Low
WDG4-1001,WDG4,NR,2014,44,174,74,83.973,3.353,2.152,93.915,75.865,62.783,906.918,309.028,1.697,68.256,23.157,4.121,130,0,Low
WDG4-1001,WDG4,NR,2014,45,174,76,83.254,3.681,2.131,92.147,76.44,59.837,893.78,321.344,1.627,75.119,24.034,4.167,129,0,Low
WDG4-1001,WDG4,NR,2014,46,174,78,84.071,3.247,2.104,94.62,74.923,61.178,881.922,315.887,1.942,63.622,23.747,3.958,128,0,Low
WDG4-1001,WDG4,NR,2014,47,174,80,80.816,3.177,2.367,94.96,77.456,60.968,880.074,308.948,1.647,71.487,24.015,4.003,127,0,Low
WDG4-1001,WDG4,NR,2014,48,174,82,84.169,3.355,2.205,91.863,75.752,62.302,878.83,308.519,1.619,76.634,24.09,4.518,126,0,Low
WDG4-1001,WDG4,NR,2014,49,174,84,84.358,3.433,1.643,91.837,76.566,64.65,878.874,309.127,1.802,73.623,24.85,3.992,125,0,Low
WDG4-1001,WDG4,NR,2014,50,174,86,85.021,3.648,1.624,92.912,78.342,64.131,911.187,317.428,1.784,80.504,23.821,4.208,124,0,Low
WDG4-1001,WDG4,NR,2014,51,174,88,84.505,3.405,2.301,92.151,72.76,63.025,875.104,316.314,1.776,72.686,24.143,4.067,123,0,Low
WDG4-1001,WDG4,NR,2014,52,174,90,85.063,3.529,1.977,92.435,76.929,62.589,887.412,310.9,1.852,72.932,24.242,4.227,122,0,Low
WDG4-1001,WDG4,NR,2014,53,174,92,85.506,3.264,2.312,93.968,75.046,60.877,898.278,327.336,1.836,73.718,23.204,4.101,121,0,Low
WDG4-1001,WDG4,NR,2014,54,174,94,85.87,3.514,1.779,95.257,75.302,61.768,913.176,312.947,1.66,79.214,24.139,4.179,120,0,Low
WDG4-1001,WDG4,NR,2014,55,174,96,82.216,3.448,2.471,93.34,81.515,61.091,887.256,315.094,1.677,72.182,23.778,4.171,119,0,Low
WDG4-1001,WDG4,NR,2014,56,174,98,85.668,3.278,2.143,94.321,75.917,62.308,865.683,301.638,1.76,80.695,23.431,4.258,118,0,Low
WDG4-1001,WDG4,NR,2014,57,174,100,82.335,3.345,1.735,93.379,75.545,62.891,891.172,309.202,1.632,68.565,24.27,4.35,117,0,Low
WDG4-1001,WDG4,NR,2014,58,174,102,84.936,3.206,1.669,94.156,72.818,63.582,912.753,327.639,1.753,79.169,23.999,4.102,116,0,Low
WDG4-1001,WDG4,NR,2014,59,174,104,84.299,3.34,1.988,92.075,79.952,61.127,903.387,324.549,1.694,75.818,23.125,3.927,115,0,Low
WDG4-1001,WDG4,NR,2014,60,174,106,78.586,3.184,2.0,92.027,80.473,59.263,872.951,327.949,1.739,72.717,23.226,3.952,114,0,Low
WDG4-1001,WDG4,NR,2014,61,174,108,81.668,3.571,2.185,92.501,75.453,61.638,877.552,317.146,1.816,68.289,23.393,3.874,113,0,Low
WDG4-1001,WDG4,NR,2014,62,174,110,84.316,3.084,2.011,91.019,74.387,60.404,898.104,330.203,1.746,73.141,23.258,3.746,112,0,Low
WDG4-1001,WDG4,NR,2014,63,174,112,77.675,3.202,2.461,94.736,74.754,60.287,897.662,314.677,1.829,62.171,24.42,4.315,111,0,Low
WDG4-1001,WDG4,NR,2014,64,174,114,81.491,3.478,2.476,92.615,73.668,61.553,938.024,335.529,1.663,69.766,23.797,4.497,110,0,Low
WDG4-1001,WDG4,NR,2014,65,174,116,84.086,3.315,1.703,94.441,78.063,62.48,908.683,330.63,1.747,82.482,22.99,4.114,109,0,Low
WDG4-1001,WDG4,NR,2014,66,174,118,82.624,3.319,1.689,91.615,77.218,64.423,904.315,335.076,1.668,64.15,23.275,4.185,108,0,Low
WDG4-1001,WDG4,NR,2014,67,174,120,83.931,3.474,2.035,94.057,77.72,62.443,886.838,338.634,1.891,67.876,24.144,4.734,107,0,Low
WDG4-1001,WDG4,NR,2014,68,174,122,83.219,3.096,2.335,90.322,74.918,64.345,914.777,319.839,1.603,70.213,23.967,4.252,106,0,Low
WDG4-1001,WDG4,NR,2014,69,174,124,82.135,3.38,2.191,89.243,78.605,59.466,928.814,314.79,1.769,80.219,24.084,3.731,105,0,Low
WDG4-1001,WDG4,NR,2014,70,174,126,82.969,3.382,2.274,93.374,73.524,63.03,873.593,350.403,1.718,59.299,24.008,3.77,104,0,Low
WDG4-1001,WDG4,NR,2014,71,174,128,85.762,3.317,2.136,91.786,79.736,61.653,890.764,332.181,1.652,73.08,23.583,4.278,103,0,Low
WDG4-1001,WDG4,NR,2014,72,174,130,85.967,3.439,1.758,90.268,77.217,63.357,918.468,319.279,1.774,67.275,23.811,4.082,102,0,Low
WDG4-1001,WDG4,NR,2014,73,174,132,86.331,3.541,1.898,93.052,74.506,61.886,919.81,325.165,1.744,73.403,23.89,4.193,101,0,Low
WDG4-1001,WDG4,NR,2014,74,174,134,88.175,3.047,2.304,91.153,73.78,62.052,905.858,326.303,1.727,65.766,23.742,3.797,100,0,Low
WDG4-1001,WDG4,NR,2014,75,174,136,86.087,3.312,2.22,94.07,76.816,61.398,897.066,323.857,1.764,82.237,23.757,3.884,99,0,Low
WDG4-1001,WDG4,NR,2014,76,174,138,82.995,3.275,2.448,92.03,76.725,63.125,897.683,332.31,1.651,65.873,23.101,3.763,98,0,Low
WDG4-1001,WDG4,NR,2014,77,174,140,89.583,3.098,2.061,92.008,74.447,61.852,899.987,317.638,1.57,70.519,23.806,3.919,97,0,Low
WDG4-1001,WDG4,NR,2014,78,174,142,85.278,3.08,2.376,89.11,79.315,62.898,892.608,333.766,1.741,75.289,22.892,4.184,96,0,Low
WDG4-1001,WDG4,NR,2014,79,174,144,79.568,3.141,2.164,90.802,74.373,62.742,900.425,342.399,1.585,73.763,23.95,4.101,95,0,Low
WDG4-1001,WDG4,NR,2014,80,174,146,77.829,3.2,2.238,91.115,74.261,62.891,895.175,328.471,1.613,80.256,23.596,4.015,94,0,Low
WDG4-1001,WDG4,NR,2014,81,174,148,86.436,3.177,2.495,92.933,79.02,58.706,880.549,302.818,1.755,74.871,24.007,4.033,93,0,Low
WDG4-1001,WDG4,NR,2014,82,174,150,85.596,3.246,2.093,95.946,75.006,62.566,868.869,328.662,1.662,66.473,24.016,3.883,92,0,Low
WDG4-1001,WDG4,NR,2014,83,174,152,87.919,3.493,1.678,89.966,77.806,60.286,904.52,334.617,1.767,73.163,24.256,4.043,91,0,Low
WDG4-1001,WDG4,NR,2014,84,174,154,87.399,3.5,1.969,93.789,79.005,58.608,869.581,322.244,1.738,76.572,23.869,4.03,90,0,Low
WDG4-1001,WDG4,NR,2014,85,174,156,91.115,3.451,2.16,92.101,78.468,59.738,915.719,329.555,1.812,73.638,24.313,4.052,89,0,Low
WDG4-1001,WDG4,NR,2014,86,174,158,84.096,3.42,2.335,96.058,80.706,58.843,901.118,336.643,1.6,78.268,24.036,3.988,88,0,Low
WDG4-1001,WDG4,NR,2014,87,174,160,86.301,3.25,2.402,93.554,77.081,60.578,828.33,323.421,1.696,73.791,24.285,4.01,87,0,Low
WDG4-1001,WDG4,NR,2014,88,174,162,84.853,3.29,2.321,90.944,80.544,61.135,884.099,337.533,1.619,68.867,23.833,4.032,86,0,Low
WDG4-1001,WDG4,NR,2014,89,174,164,84.668,3.272,2.316,92.892,75.76,62.099,889.606,341.893,1.686,69.625,23.875,4.027,85,0,Low
WDG4-1001,WDG4,NR,2014,90,174,166,80.034,3.287,2.467,94.09,75.876,62.472,867.942,322.915,1.642,74.536,24.091,4.152,84,0,Low
WDG4-1001,WDG4,NR,2014,91,174,168,84.392,3.339,2.355,92.906,77.416,60.042,852.383,337.274,1.616,77.888,23.391,3.841,83,0,Low
WDG4-1001,WDG4,NR,2014,92,174,170,87.179,3.399,1.913,93.332,76.375,58.353,867.57,328.334,1.567,68.187,23.226,3.806,82,0,Low
WDG4-1001,WDG4,NR,2014,93,174,172,83.212,3.148,2.478,93.231,80.772,60.783,888.541,327.953,1.729,71.434,22.99,4.233,81,0,Low
WDG4-1001,WDG4,NR,2014,94,174,174,88.866,3.288,2.467,95.669,76.971,58.648,897.038,318.483,1.795,77.158,23.657,3.849,80,0,Low
WDG4-1001,WDG4,NR,2014,95,174,176,88.904,3.206,2.57,91.925,79.154,64.655,916.481,336.471,1.714,68.323,23.944,4.432,79,0,Low
WDG4-1001,WDG4,NR,2014,96,174,178,83.588,3.123,2.543,91.845,80.498,60.877,857.323,333.446,1.617,73.465,23.653,3.969,78,0,Low
WDG4-1001,WDG4,NR,2014,97,174,180,85.749,3.373,1.893,91.144,81.234,63.054,904.67,326.549,1.606,74.724,23.731,3.928,77,0,Low
WDG4-1001,WDG4,NR,2014,98,174,0,82.467,3.227,2.287,91.131,83.179,64.151,890.164,335.761,1.526,68.077,23.488,3.91,76,0,Low
WDG4-1001,WDG4,NR,2014,99,174,2,84.141,3.275,2.331,92.812,78.598,60.782,895.383,331.529,1.556,79.918,23.408,4.062,75,0,Low
WDG4-1001,WDG4,NR,2014,100,174,4,86.183,3.126,2.378,93.526,82.03,58.872,888.207,333.336,1.794,71.179,23.703,3.941,74,0,Low
WDG4-1001,WDG4,NR,2014,101,174,6,83.763,3.255,2.261,90.896,74.457,63.384,897.169,330.202,1.641,69.267,23.905,3.955,73,0,Low
WDG4-1001,WDG4,NR,2014,102,174,8,80.473,3.395,2.45,91.346,74.395,65.011,870.642,338.637,1.704,77.72,23.75,3.746,72,0,Low
WDG4-1001,WDG4,NR,2014,103,174,10,86.722,3.175,2.273,92.884,75.518,60.893,909.138,347.683,1.656,69.545,23.229,4.045,71,0,Low
WDG4-1001,WDG4,NR,2014,104,174,12,89.366,3.29,2.277,90.452,76.648,65.361,886.979,317.822,1.649,72.219,23.473,3.532,70,0,Low
WDG4-1001,WDG4,NR,2014,105,174,14,83.786,3.172,2.422,92.7,75.901,62.333,885.394,337.444,1.712,68.52,23.59,3.938,69,0,Low
WDG4-1001,WDG4,NR,2014,106,174,16,90.651,3.022,2.637,92.978,81.43,62.136,910.4,325.422,1.636,70.557,23.327,3.949,68,0,Low
WDG4-1001,WDG4,NR,2014,107,174,18,82.925,2.967,2.004,90.514,82.789,66.642,868.144,327.631,1.652,70.512,23.991,3.97,67,0,Low
WDG4-1001,WDG4,NR,2014,108,174,20,84.487,3.282,2.457,94.016,78.783,63.887,925.515,337.721,1.73,60.607,23.336,4.309,66,0,Low
WDG4-1001,WDG4,NR,2014,109,174,22,83.431,3.386,2.098,91.084,79.03,59.063,890.023,317.286,1.723,74.259,23.66,4.212,65,0,Low
WDG4-1001,WDG4,NR,2014,110,174,24,85.631,3.32,2.547,92.076,76.97,60.332,889.827,327.082,1.588,65.2,23.934,3.968,64,0,Low
WDG4-1001,WDG4,NR,2014,111,174,26,83.47,3.224,2.609,91.158,77.51,62.762,863.608,332.406,1.693,72.21,22.784,3.696,63,0,Low
WDG4-1001,WDG4,NR,2014,112,174,28,87.721,3.523,2.333,91.329,77.58,62.337,859.962,321.555,1.708,76.953,23.829,3.679,62,0,Low
WDG4-1001,WDG4,NR,2014,113,174,30,90.305,3.404,2.41,93.937,76.36,62.165,859.602,342.876,1.703,75.542,23.794,3.749,61,0,Low
WDG4-1001,WDG4,NR,2014,114,174,32,88.381,3.152,2.608,94.345,75.431,60.763,910.364,325.549,1.65,65.631,23.943,4.296,60,0,Medium
WDG4-1001,WDG4,NR,2014,115,174,34,91.35,3.066,2.428,91.214,74.293,63.043,889.722,341.87,1.731,75.655,24.047,3.774,59,0,Medium
WDG4-1001,WDG4,NR,2014,116,174,36,85.81,3.064,2.595,88.57,81.164,62.059,873.012,336.624,1.585,59.626,23.59,4.08,58,0,Medium
WDG4-1001,WDG4,NR,2014,117,174,38,85.515,3.253,2.122,92.796,74.986,63.745,896.573,320.321,1.572,72.349,23.449,4.095,57,0,Medium
WDG4-1001,WDG4,NR,2014,118,174,40,90.163,3.362,2.086,92.647,78.32,58.49,868.677,335.451,1.58,67.914,23.603,4.097,56,0,Medium
WDG4-1001,WDG4,NR,2014,119,174,42,85.626,3.204,2.705,90.921,77.594,63.242,902.69,321.612,1.549,74.714,23.986,3.973,55,0,Medium
WDG4-1001,WDG4,NR,2014,120,174,44,85.891,3.056,2.47,94.656,78.771,59.181,871.232,331.23,1.558,71.874,23.701,3.792,54,0,Medium
WDG4-1001,WDG4,NR,2014,121,174,46,90.445,3.223,2.28,90.901,81.018,64.377,882.229,342.397,1.7,73.424,24.223,3.863,53,0,Medium
WDG4-1001,WDG4,NR,2014,122,174,48,85.859,3.583,2.228,90.251,71.489,62.014,905.57,330.821,1.642,77.393,24.046,4.28,52,0,Medium
WDG4-1001,WDG4,NR,2014,123,174,50,87.344,2.957,2.328,89.814,77.05,63.08,882.525,312.986,1.639,63.076,23.828,3.891,51,0,Medium
WDG4-1001,WDG4,NR,2014,124,174,52,88.626,3.319,2.523,91.212,80.435,60.65,865.944,314.628,1.626,74.244,23.379,4.012,50,0,Medium
WDG4-1001,WDG4,NR,2014,125,174,54,85.704,3.217,2.609,92.244,77.853,62.044,883.786,313.733,1.718,81.084,23.945,4.133,49,0,Medium
WDG4-1001,WDG4,NR,2014,126,174,56,89.825,3.157,2.171,88.581,77.709,66.393,892.952,345.884,1.537,63.197,23.589,3.775,48,0,Medium
WDG4-1001,WDG4,NR,2014,127,174,58,82.379,3.392,2.032,93.637,77.837,60.58,856.861,335.69,1.634,61.55,23.058,4.245,47,0,Medium
WDG4-1001,WDG4,NR,2014,128,174,60,82.444,3.096,2.114,90.588,75.625,63.456,871.013,316.707,1.766,75.323,23.714,4.432,46,0,Medium
WDG4-1001,WDG4,NR,2014,129,174,62,87.556,3.032,2.36,91.06,78.762,61.42,860.392,333.96,1.701,66.117,23.271,3.673,45,0,Medium
WDG4-1001,WDG4,NR,2014,130,174,64,89.166,3.344,2.754,90.377,77.422,63.123,875.32,345.938,1.602,62.792,24.015,3.778,44,0,Medium
WDG4-1001,WDG4,NR,2014,131,174,66,90.791,3.423,2.092,92.577,80.076,65.432,919.649,314.137,1.607,68.644,23.365,3.781,43,0,Medium
WDG4-1001,WDG4,NR,2014,132,174,68,83.186,3.215,2.622,95.953,75.904,61.423,878.748,340.774,1.703,67.82,23.247,3.654,42,0,Medium
WDG4-1001,WDG4,NR,2014,133,174,70,85.282,3.215,2.08,92.159,79.707,61.772,886.42,335.738,1.683,68.758,23.323,4.206,41,0,Medium
WDG4-1001,WDG4,NR,2014,134,174,72,83.718,3.102,2.873,91.767,80.546,62.897,894.465,323.038,1.603,62.037,23.264,4.007,40,0,Medium
WDG4-1001,WDG4,NR,2014,135,174,74,90.015,3.236,2.075,90.481,78.145,64.446,846.266,305.244,1.594,69.045,24.376,4.095,39,0,Medium
WDG4-1001,WDG4,NR,2014,136,174,76,90.187,3.541,2.16,88.166,82.539,64.762,850.184,326.604,1.699,69.679,23.721,4.422,38,0,Medium
WDG4-1001,WDG4,NR,2014,137,174,78,82.15,3.205,1.941,89.991,79.663,63.289,854.315,333.842,1.698,70.794,22.811,4.257,37,0,Medium
WDG4-1001,WDG4,NR,2014,138,174,80,91.105,2.939,2.416,90.321,80.644,62.983,889.843,330.625,1.562,74.094,23.957,3.888,36,0,Medium
WDG4-1001,WDG4,NR,2014,139,174,82,83.518,3.112,2.857,91.023,84.073,59.641,871.312,323.504,1.628,66.986,23.414,3.86,35,0,Medium
WDG4-1001,WDG4,NR,2014,140,174,84,85.045,3.539,2.491,93.693,79.891,64.929,861.925,343.605,1.702,74.464,23.552,4.072,34,0,Medium
WDG4-1001,WDG4,NR,2014,141,174,86,85.206,3.353,2.454,93.268,78.06,60.213,851.174,310.615,1.691,68.256,23.281,4.355,33,0,Medium
WDG4-1001,WDG4,NR,2014,142,174,88,84.833,3.347,2.854,90.57,82.759,59.166,914.489,340.523,1.635,66.43,23.429,3.671,32,0,Medium
WDG4-1001,WDG4,NR,2014,143,174,90,88.805,3.326,2.123,91.789,76.424,64.467,909.133,320.785,1.667,72.434,23.232,3.959,31,0,Medium
WDG4-1001,WDG4,NR,2014,144,174,92,94.731,2.071,4.258,87.781,90.291,69.84,876.342,357.454,1.161,75.939,22.962,3.645,30,1,High
WDG4-1001,WDG4,NR,2014,145,174,94,94.052,1.94,3.868,85.498,90.363,75.056,842.661,355.925,1.163,78.669,23.057,3.132,29,1,High
WDG4-1001,WDG4,NR,2014,146,174,96,101.468,2.139,4.95,84.862,85.951,70.578,832.525,363.754,1.234,76.822,22.415,3.361,28,1,High
WDG4-1001,WDG4,NR,2014,147,174,98,106.316,2.375,4.573,87.474,88.823,63.381,849.376,356.837,1.113,69.843,21.754,3.557,27,1,High
WDG4-1001,WDG4,NR,2014,148,174,100,103.129,2.265,5.079,87.762,85.587,72.193,882.647,361.984,1.312,67.442,22.703,3.181,26,1,High
WDG4-1001,WDG4,NR,2014,149,174,102,101.249,2.528,4.487,86.406,90.636,71.966,860.171,354.531,1.198,73.126,22.076,3.173,25,1,High
WDG4-1001,WDG4,NR,2014,150,174,104,103.798,2.423,5.044,86.837,86.612,69.509,857.542,350.14,1.096,73.784,22.946,3.169,24,1,High
WDG4-1001,WDG4,NR,2014,151,174,106,107.219,2.349,3.74,87.217,91.02,71.081,860.861,355.389,1.305,70.302,22.421,3.139,23,1,High
WDG4-1001,WDG4,NR,2014,152,174,108,97.324,2.15,5.004,87.823,89.347,68.917,848.99,369.13,1.183,60.871,22.868,3.468,22,1,High
WDG4-1001,WDG4,NR,2014,153,174,110,105.189,2.106,5.42,83.529,89.01,76.168,851.989,375.368,1.093,67.212,22.471,3.209,21,1,High
WDG4-1001,WDG4,NR,2014,154,174,112,105.788,2.448,5.164,86.341,88.105,71.164,876.962,362.438,1.141,73.453,21.939,3.148,20,1,High
WDG4-1001,WDG4,NR,2014,155,174,114,102.594,2.14,5.325,82.004,89.771,76.818,876.897,371.496,1.169,74.012,21.688,2.968,19,1,High
WDG4-1001,WDG4,NR,2014,156,174,116,107.609,2.139,5.734,83.626,90.362,76.651,841.462,352.702,1.096,69.625,21.621,3.446,18,1,High
WDG4-1001,WDG4,NR,2014,157,174,118,107.165,2.117,5.155,82.709,86.946,76.861,852.14,383.189,1.09,72.433,22.243,2.621,17,1,High
WDG4-1001,WDG4,NR,2014,158,174,120,113.697,1.889,4.98,84.819,94.034,75.456,861.762,360.393,1.02,69.824,21.555,2.952,16,1,High
WDG4-1001,WDG4,NR,2014,159,174,122,104.276,2.107,5.812,84.419,92.514,78.497,843.257,369.436,0.918,77.527,21.326,3.121,15,1,High
WDG4-1001,WDG4,NR,2014,160,174,124,110.855,1.75,6.278,82.652,93.745,72.945,829.58,375.431,0.984,80.434,22.765,2.909,14,1,High
WDG4-1001,WDG4,NR,2014,161,174,126,109.15,1.837,5.727,83.273,92.502,77.673,856.594,368.004,0.979,82.983,21.603,3.427,13,1,High
WDG4-1001,WDG4,NR,2014,162,174,128,111.29,2.074,6.37,81.452,94.377,80.805,817.538,363.716,0.856,77.978,21.863,2.517,12,1,High
WDG4-1001,WDG4,NR,2014,163,174,130,110.538,1.564,6.589,80.602,95.054,79.448,797.405,381.313,0.907,81.693,21.536,2.944,11,1,High
WDG4-1001,WDG4,NR,2014,164,174,132,119.067,1.268,7.108,77.201,95.989,79.814,830.891,385.985,0.86,70.876,21.333,2.726,10,1,Critical
WDG4-1001,WDG4,NR,2014,165,174,134,116.021,1.361,6.718,81.19,98.247,84.997,825.225,394.0,0.908,77.52,20.905,2.413,9,1,Critical
WDG4-1001,WDG4,NR,2014,166,174,136,119.432,1.748,7.123,79.675,98.308,83.697,818.271,396.995,0.753,67.425,20.448,2.543,8,1,Critical
WDG4-1001,WDG4,NR,2014,167,174,138,117.155,1.444,7.706,77.379,99.771,86.744,798.85,382.539,0.723,74.745,21.218,2.606,7,1,Critical
WDG4-1001,WDG4,NR,2014,168,174,140,118.408,1.197,7.856,78.418,100.503,83.137,780.494,396.803,0.791,60.097,20.718,2.761,6,1,Critical
WDG4-1001,WDG4,NR,2014,169,174,142,123.693,1.375,7.686,77.942,103.403,88.882,803.869,412.641,0.62,82.201,20.62,2.891,5,1,Critical
WDG4-1001,WDG4,NR,2014,170,174,144,133.91,1.297,8.656,75.052,105.045,87.299,792.337,409.388,0.747,78.527,21.438,2.665,4,1,Critical
WDG4-1001,WDG4,NR,2014,171,174,146,128.726,1.157,8.506,76.022,103.234,87.746,764.402,419.227,0.558,67.752,20.126,2.937,3,1,Critical
WDG4-1001,WDG4,NR,2014,172,174,148,123.985,0.953,8.806,77.809,99.626,92.564,778.027,406.3,0.551,71.033,20.345,2.376,2,1,Critical
WDG4-1001,WDG4,NR,2014,173,174,150,128.324,1.226,9.0,72.998,108.445,94.268,746.369,419.254,0.593,69.534,19.909,2.545,1,1,Critical
WDG4-1001,WDG4,NR,2014,174,174,152,137.891,0.87,9.0,75.063,113.916,96.067,775.351,424.727,0.538,76.842,19.472,2.489,0,1,Critical
WAP7-1002,WAP7,ER,2011,1,174,-32,80.163,3.495,1.721,92.396,72.057,61.284,906.169,322.702,1.761,69.267,24.205,4.135,173,0,Low
WAP7-1002,WAP7,ER,2011,2,174,-30,76.873,3.635,1.91,92.846,71.995,62.911,879.642,331.137,1.824,77.72,24.05,3.926,172,0,Low
WAP7-1002,WAP7,ER,2011,3,174,-28,83.122,3.415,1.733,94.384,73.118,58.793,918.138,340.183,1.776,69.545,23.529,4.225,171,0,Low
WAP7-1002,WAP7,ER,2011,4,174,-26,85.766,3.53,1.737,91.952,74.248,63.261,895.979,310.322,1.769,72.219,23.773,3.712,170,0,Low
WAP7-1002,WAP7,ER,2011,5,174,-24,80.186,3.412,1.882,94.2,73.501,60.233,894.394,329.944,1.832,68.52,23.89,4.118,169,0,Low
WAP7-1002,WAP7,ER,2011,6,174,-22,87.051,3.262,2.097,94.478,79.03,60.036,919.4,317.922,1.756,70.557,23.627,4.129,168,0,Low
WAP7-1002,WAP7,ER,2011,7,174,-20,79.325,3.207,1.464,92.014,80.389,64.542,877.144,320.131,1.772,70.512,24.291,4.15,167,0,Low
WAP7-1002,WAP7,ER,2011,8,174,-18,80.887,3.522,1.917,95.516,76.383,61.787,934.515,330.221,1.85,60.607,23.636,4.489,166,0,Low
WAP7-1002,WAP7,ER,2011,9,174,-16,79.831,3.626,1.558,92.584,76.63,56.963,899.023,309.786,1.843,74.259,23.96,4.392,165,0,Low
WAP7-1002,WAP7,ER,2011,10,174,-14,82.031,3.56,2.007,93.576,74.57,58.232,898.827,319.582,1.708,65.2,24.234,4.148,164,0,Low
WAP7-1002,WAP7,ER,2011,11,174,-12,79.87,3.464,2.069,92.658,75.11,60.662,872.608,324.906,1.813,72.21,23.084,3.876,163,0,Low
WAP7-1002,WAP7,ER,2011,12,174,-10,84.121,3.763,1.793,92.829,75.18,60.237,868.962,314.055,1.828,76.953,24.129,3.859,162,0,Low
WAP7-1002,WAP7,ER,2011,13,174,-8,86.705,3.644,1.87,95.437,73.96,60.065,868.602,335.376,1.823,75.542,24.094,3.929,161,0,Low
WAP7-1002,WAP7,ER,2011,14,174,-6,84.781,3.392,2.068,95.845,73.031,58.663,919.364,318.049,1.77,65.631,24.243,4.476,160,0,Low
WAP7-1002,WAP7,ER,2011,15,174,-4,87.75,3.306,1.888,92.714,71.893,60.943,898.722,334.37,1.851,75.655,24.347,3.954,159,0,Low
WAP7-1002,WAP7,ER,2011,16,174,-2,82.21,3.304,2.055,90.07,78.764,59.959,882.012,329.124,1.705,59.626,23.89,4.26,158,0,Low
WAP7-1002,WAP7,ER,2011,17,174,0,81.915,3.493,1.582,94.296,72.586,61.645,905.573,312.821,1.692,72.349,23.749,4.275,157,0,Low
WAP7-1002,WAP7,ER,2011,18,174,2,86.563,3.602,1.546,94.147,75.92,56.39,877.677,327.951,1.7,67.914,23.903,4.277,156,0,Low
WAP7-1002,WAP7,ER,2011,19,174,4,82.026,3.444,2.165,92.421,75.194,61.142,911.69,314.112,1.669,74.714,24.286,4.153,155,0,Low
WAP7-1002,WAP7,ER,2011,20,174,6,82.291,3.296,1.93,96.156,76.371,57.081,880.232,323.73,1.678,71.874,24.001,3.972,154,0,Low
WAP7-1002,WAP7,ER,2011,21,174,8,86.845,3.463,1.74,92.401,78.618,62.277,891.229,334.897,1.82,73.424,24.523,4.043,153,0,Low
WAP7-1002,WAP7,ER,2011,22,174,10,82.259,3.823,1.688,91.751,69.089,59.914,914.57,323.321,1.762,77.393,24.346,4.46,152,0,Low
WAP7-1002,WAP7,ER,2011,23,174,12,83.744,3.197,1.788,91.314,74.65,60.98,891.525,305.486,1.759,63.076,24.128,4.071,151,0,Low
WAP7-1002,WAP7,ER,2011,24,174,14,85.026,3.559,1.983,92.712,78.035,58.55,874.944,307.128,1.746,74.244,23.679,4.192,150,0,Low
WAP7-1002,WAP7,ER,2011,25,174,16,82.104,3.457,2.069,93.744,75.453,59.944,892.786,306.233,1.838,81.084,24.245,4.313,149,0,Low
WAP7-1002,WAP7,ER,2011,26,174,18,86.225,3.397,1.631,90.081,75.309,64.293,901.952,338.384,1.657,63.197,23.889,3.955,148,0,Low
WAP7-1002,WAP7,ER,2011,27,174,20,78.779,3.632,1.492,95.137,75.437,58.48,865.861,328.19,1.754,61.55,23.358,4.425,147,0,Low
WAP7-1002,WAP7,ER,2011,28,174,22,78.844,3.336,1.574,92.088,73.225,61.356,880.013,309.207,1.886,75.323,24.014,4.612,146,0,Low
WAP7-1002,WAP7,ER,2011,29,174,24,83.956,3.272,1.82,92.56,76.362,59.32,869.392,326.46,1.821,66.117,23.571,3.853,145,0,Low
WAP7-1002,WAP7,ER,2011,30,174,26,85.566,3.584,2.214,91.877,75.022,61.023,884.32,338.438,1.722,62.792,24.315,3.958,144,0,Low
WAP7-1002,WAP7,ER,2011,31,174,28,87.191,3.663,1.552,94.077,77.676,63.332,928.649,306.637,1.727,68.644,23.665,3.961,143,0,Low
WAP7-1002,WAP7,ER,2011,32,174,30,79.586,3.455,2.082,97.453,73.504,59.323,887.748,333.274,1.823,67.82,23.547,3.834,142,0,Low
WAP7-1002,WAP7,ER,2011,33,174,32,81.682,3.455,1.54,93.659,77.307,59.672,895.42,328.238,1.803,68.758,23.623,4.386,141,0,Low
WAP7-1002,WAP7,ER,2011,34,174,34,80.118,3.342,2.333,93.267,78.146,60.797,903.465,315.538,1.723,62.037,23.564,4.187,140,0,Low
WAP7-1002,WAP7,ER,2011,35,174,36,86.415,3.476,1.535,91.981,75.745,62.346,855.266,297.744,1.714,69.045,24.676,4.275,139,0,Low
WAP7-1002,WAP7,ER,2011,36,174,38,86.587,3.781,1.62,89.666,80.139,62.662,859.184,319.104,1.819,69.679,24.021,4.602,138,0,Low
WAP7-1002,WAP7,ER,2011,37,174,40,78.55,3.445,1.401,91.491,77.263,61.189,863.315,326.342,1.818,70.794,23.111,4.437,137,0,Low
WAP7-1002,WAP7,ER,2011,38,174,42,87.505,3.179,1.876,91.821,78.244,60.883,898.843,323.125,1.682,74.094,24.257,4.068,136,0,Low
WAP7-1002,WAP7,ER,2011,39,174,44,79.918,3.352,2.317,92.523,81.673,57.541,880.312,316.004,1.748,66.986,23.714,4.04,135,0,Low
WAP7-1002,WAP7,ER,2011,40,174,46,81.445,3.779,1.951,95.193,77.491,62.829,870.925,336.105,1.822,74.464,23.852,4.252,134,0,Low
WAP7-1002,WAP7,ER,2011,41,174,48,81.606,3.593,1.914,94.768,75.66,58.113,860.174,303.115,1.811,68.256,23.581,4.535,133,0,Low
WAP7-1002,WAP7,ER,2011,42,174,50,81.233,3.587,2.314,92.07,80.359,57.066,923.489,333.023,1.755,66.43,23.729,3.851,132,0,Low
WAP7-1002,WAP7,ER,2011,43,174,52,85.205,3.566,1.583,93.289,74.024,62.367,918.133,313.285,1.787,72.434,23.532,4.139,131,0,Low
WAP7-1002,WAP7,ER,2011,44,174,54,79.035,3.117,1.903,94.321,79.827,60.684,915.582,324.754,1.684,75.939,24.27,4.43,130,0,Low
WAP7-1002,WAP7,ER,2011,45,174,56,78.239,2.993,1.496,92.087,79.821,65.827,882.2,322.984,1.689,78.669,24.375,3.922,129,0,Low
WAP7-1002,WAP7,ER,2011,46,174,58,85.471,3.202,2.55,91.525,75.286,61.226,872.541,330.438,1.766,76.822,23.748,4.157,128,0,Low
WAP7-1002,WAP7,ER,2011,47,174,60,90.068,3.45,2.136,94.239,77.991,53.858,890.046,323.012,1.651,69.843,23.108,4.363,127,0,Low
WAP7-1002,WAP7,ER,2011,48,174,62,86.563,3.355,2.594,94.655,74.543,62.45,924.149,327.517,1.857,67.442,24.083,3.997,126,0,Low
WAP7-1002,WAP7,ER,2011,49,174,64,84.3,3.635,1.945,93.454,79.336,61.954,902.684,319.29,1.752,73.126,23.489,4.001,125,0,Low
WAP7-1002,WAP7,ER,2011,50,174,66,86.398,3.551,2.434,94.067,75.012,59.179,901.242,313.99,1.66,73.784,24.396,4.011,124,0,Low
WAP7-1002,WAP7,ER,2011,51,174,68,89.302,3.499,1.052,94.655,79.075,60.384,905.926,318.198,1.881,70.302,23.914,3.997,123,0,Low
WAP7-1002,WAP7,ER,2011,52,174,70,78.823,3.326,2.229,95.496,77.013,57.805,895.599,330.763,1.772,60.871,24.41,4.343,122,0,Low
WAP7-1002,WAP7,ER,2011,53,174,72,86.037,3.311,2.547,91.464,76.242,64.591,900.319,335.693,1.695,67.212,24.067,4.104,121,0,Low
WAP7-1002,WAP7,ER,2011,54,174,74,85.919,3.684,2.184,94.565,74.859,59.073,927.191,321.321,1.759,73.453,23.595,4.064,120,0,Low
WAP7-1002,WAP7,ER,2011,55,174,76,81.941,3.409,2.227,90.543,76.002,64.165,929.203,328.805,1.804,74.012,23.41,3.907,119,0,Low
WAP7-1002,WAP7,ER,2011,56,174,78,86.105,3.444,2.508,92.506,76.026,63.387,896.022,308.302,1.749,69.625,23.413,4.41,118,0,Low
WAP7-1002,WAP7,ER,2011,57,174,80,84.744,3.462,1.792,91.958,71.999,62.936,909.132,336.948,1.762,72.433,24.112,3.611,117,0,Low
WAP7-1002,WAP7,ER,2011,58,174,82,90.292,3.276,1.47,94.462,78.431,60.823,921.364,312.176,1.713,69.824,23.505,3.97,116,0,Low
WAP7-1002,WAP7,ER,2011,59,174,84,79.82,3.537,2.144,94.484,76.21,63.106,905.647,319.111,1.633,77.527,23.364,4.169,115,0,Low
WAP7-1002,WAP7,ER,2011,60,174,86,85.281,3.228,2.442,93.166,76.696,56.747,894.935,322.864,1.723,80.434,24.896,3.989,114,0,Low
WAP7-1002,WAP7,ER,2011,61,174,88,82.393,3.364,1.714,94.261,74.664,60.62,925.093,313.062,1.742,82.983,23.833,4.54,113,0,Low
WAP7-1002,WAP7,ER,2011,62,174,90,83.282,3.654,2.169,92.942,75.705,62.847,889.358,306.266,1.645,77.978,24.197,3.665,112,0,Low
WAP7-1002,WAP7,ER,2011,63,174,92,81.213,3.198,2.19,92.62,75.504,60.536,872.724,321.222,1.724,81.693,23.979,4.13,111,0,Low
WAP7-1002,WAP7,ER,2011,64,174,94,88.358,2.96,2.502,89.775,75.516,59.9,909.887,323.118,1.706,70.876,23.892,3.95,110,0,Low
WAP7-1002,WAP7,ER,2011,65,174,96,83.861,3.113,1.894,94.345,76.807,64.032,908.075,328.225,1.784,77.52,23.585,3.678,109,0,Low
WAP7-1002,WAP7,ER,2011,66,174,98,85.755,3.563,2.071,93.438,75.857,61.632,905.153,328.178,1.66,67.425,23.254,3.85,108,0,Low
WAP7-1002,WAP7,ER,2011,67,174,100,81.893,3.325,2.417,91.777,76.263,63.53,889.942,310.548,1.664,74.745,24.156,3.958,107,0,Low
WAP7-1002,WAP7,ER,2011,68,174,102,81.496,3.146,2.319,93.478,75.895,58.725,875.974,321.503,1.765,60.097,23.794,4.158,106,0,Low
WAP7-1002,WAP7,ER,2011,69,174,104,85.063,3.395,1.892,93.69,77.65,63.223,903.914,333.899,1.629,82.201,23.84,4.336,105,0,Low
WAP7-1002,WAP7,ER,2011,70,174,106,93.497,3.391,2.594,91.515,78.103,60.344,897.126,327.071,1.794,78.527,24.806,4.159,104,0,Low
WAP7-1002,WAP7,ER,2011,71,174,108,86.462,3.326,2.166,93.227,75.058,59.447,874.112,333.202,1.643,67.752,23.648,4.483,103,0,Low
WAP7-1002,WAP7,ER,2011,72,174,110,79.804,3.202,2.179,95.782,70.171,62.872,892.835,316.433,1.675,71.033,24.026,3.975,102,0,Low
WAP7-1002,WAP7,ER,2011,73,174,112,82.159,3.556,2.148,91.766,77.668,63.133,866.455,325.413,1.758,69.534,23.756,4.199,101,0,Low
WAP7-1002,WAP7,ER,2011,74,174,114,89.675,3.285,1.888,94.653,81.772,63.441,900.891,326.777,1.745,76.842,23.49,4.2,100,0,Low
WAP7-1002,WAP7,ER,2011,75,174,116,81.822,3.253,2.323,92.863,74.286,62.546,894.069,312.716,1.645,75.384,24.435,4.35,99,0,Low
WAP7-1002,WAP7,ER,2011,76,174,118,84.692,3.406,2.724,95.302,80.791,63.054,871.852,339.095,1.634,78.921,24.456,3.967,98,0,Low
WAP7-1002,WAP7,ER,2011,77,174,120,82.616,3.118,2.057,94.31,79.354,62.67,893.297,320.758,1.79,65.441,23.877,3.693,97,0,Low
WAP7-1002,WAP7,ER,2011,78,174,122,85.427,3.566,2.446,92.736,77.331,58.247,896.926,323.477,1.696,71.687,23.454,4.433,96,0,Low
WAP7-1002,WAP7,ER,2011,79,174,124,84.297,3.386,2.208,94.345,76.395,63.585,878.01,327.044,1.772,76.81,23.884,3.921,95,0,Low
WAP7-1002,WAP7,ER,2011,80,174,126,84.193,3.514,2.311,91.436,77.702,58.29,909.982,328.651,1.662,71.464,23.31,4.172,94,0,Low
WAP7-1002,WAP7,ER,2011,81,174,128,84.179,3.372,2.675,94.659,77.321,62.92,894.35,321.246,1.528,75.807,23.943,4.111,93,0,Low
WAP7-1002,WAP7,ER,2011,82,174,130,87.579,3.207,2.099,91.674,77.64,60.914,898.103,321.075,1.61,62.584,23.225,3.912,92,0,Low
WAP7-1002,WAP7,ER,2011,83,174,132,87.284,3.279,2.302,91.411,81.834,63.578,884.784,314.796,1.604,73.85,22.731,3.997,91,0,Low
WAP7-1002,WAP7,ER,2011,84,174,134,87.101,3.379,2.401,92.941,73.134,62.45,883.79,330.305,1.85,73.765,23.623,4.198,90,0,Low
WAP7-1002,WAP7,ER,2011,85,174,136,87.411,3.172,2.589,93.217,82.045,62.34,855.273,327.272,1.572,76.346,23.483,3.819,89,0,Low
WAP7-1002,WAP7,ER,2011,86,174,138,89.064,3.297,2.457,96.052,79.064,59.145,882.904,330.259,1.742,68.474,23.588,4.058,88,0,Low
WAP7-1002,WAP7,ER,2011,87,174,140,87.106,2.952,2.015,93.295,78.766,62.178,879.4,325.858,1.76,72.932,23.773,3.745,87,0,Low
WAP7-1002,WAP7,ER,2011,88,174,142,83.78,3.22,2.041,92.642,71.776,61.096,900.819,322.284,1.679,72.915,25.012,4.328,86,0,Low
WAP7-1002,WAP7,ER,2011,89,174,144,84.523,3.33,2.03,91.559,78.14,59.556,906.123,326.561,1.676,70.706,23.792,4.013,85,0,Low
WAP7-1002,WAP7,ER,2011,90,174,146,88.999,3.349,2.676,93.839,77.582,61.679,878.259,345.407,1.6,80.52,23.616,4.083,84,0,Low
WAP7-1002,WAP7,ER,2011,91,174,148,80.894,3.259,2.847,89.182,71.195,60.81,870.114,330.356,1.749,66.018,23.076,3.798,83,0,Low
WAP7-1002,WAP7,ER,2011,92,174,150,84.528,3.288,1.944,93.223,76.678,61.439,880.548,325.173,1.765,77.947,24.496,3.743,82,0,Low
WAP7-1002,WAP7,ER,2011,93,174,152,83.09,3.334,2.009,91.888,79.731,63.645,896.028,316.213,1.576,77.434,23.057,3.879,81,0,Low
WAP7-1002,WAP7,ER,2011,94,174,154,83.495,3.218,2.601,92.327,76.334,62.208,898.488,344.345,1.709,80.248,23.947,3.715,80,0,Low
WAP7-1002,WAP7,ER,2011,95,174,156,87.296,3.119,2.162,89.929,75.565,65.343,896.332,315.667,1.615,69.885,23.463,4.189,79,0,Low
WAP7-1002,WAP7,ER,2011,96,174,158,89.031,3.118,2.168,93.996,79.117,59.574,883.342,344.226,1.728,81.276,23.954,3.973,78,0,Low
WAP7-1002,WAP7,ER,2011,97,174,160,85.795,3.228,1.936,91.311,75.13,64.632,911.276,324.588,1.631,71.445,23.419,4.164,77,0,Low
WAP7-1002,WAP7,ER,2011,98,174,162,90.886,3.372,1.659,92.277,75.491,61.949,892.551,322.969,1.674,79.907,23.22,4.237,76,0,Low
WAP7-1002,WAP7,ER,2011,99,174,164,86.918,2.936,2.358,95.229,79.019,61.534,882.443,336.849,1.642,70.537,23.968,4.259,75,0,Low
WAP7-1002,WAP7,ER,2011,100,174,166,84.546,3.103,2.317,90.073,75.968,62.243,896.43,317.306,1.752,81.171,24.026,3.792,74,0,Low
WAP7-1002,WAP7,ER,2011,101,174,168,87.981,3.569,2.464,91.665,76.278,60.644,893.464,321.449,1.638,69.352,23.716,3.821,73,0,Low
WAP7-1002,WAP7,ER,2011,102,174,170,84.896,3.463,1.981,92.509,77.356,64.443,901.012,330.362,1.77,74.363,24.18,4.192,72,0,Low
WAP7-1002,WAP7,ER,2011,103,174,172,89.365,3.207,2.514,92.192,76.486,62.807,877.862,341.489,1.601,73.045,23.686,4.108,71,0,Low
WAP7-1002,WAP7,ER,2011,104,174,174,84.109,3.335,2.3,92.259,80.066,62.179,924.391,329.548,1.525,71.601,23.612,3.773,70,0,Low
WAP7-1002,WAP7,ER,2011,105,174,176,84.542,3.23,1.798,93.874,74.895,64.827,886.432,319.787,1.645,72.892,24.289,3.994,69,0,Low
WAP7-1002,WAP7,ER,2011,106,174,178,82.833,3.184,2.167,91.493,80.529,63.291,886.028,322.166,1.649,69.935,23.213,3.731,68,0,Low
WAP7-1002,WAP7,ER,2011,107,174,180,82.799,3.49,1.989,92.031,80.768,61.554,869.296,334.658,1.719,78.757,23.56,4.078,67,0,Low
WAP7-1002,WAP7,ER,2011,108,174,0,88.942,3.22,2.23,92.849,75.284,62.953,915.061,332.801,1.618,74.902,23.407,4.221,66,0,Low
WAP7-1002,WAP7,ER,2011,109,174,2,85.646,3.284,1.97,92.275,77.472,62.043,893.486,312.812,1.699,69.331,23.254,4.384,65,0,Low
WAP7-1002,WAP7,ER,2011,110,174,4,82.98,3.246,2.603,91.788,82.329,63.493,901.946,316.919,1.788,79.979,23.425,3.93,64,0,Low
WAP7-1002,WAP7,ER,2011,111,174,6,87.305,3.234,2.348,92.021,79.127,60.245,909.14,323.316,1.643,71.274,22.925,3.714,63,0,Low
WAP7-1002,WAP7,ER,2011,112,174,8,87.993,3.307,2.754,92.288,76.199,61.361,852.17,342.192,1.695,68.435,23.694,3.783,62,0,Low
WAP7-1002,WAP7,ER,2011,113,174,10,88.203,3.176,2.297,93.115,80.925,62.922,871.109,346.148,1.52,78.955,22.899,3.943,61,0,Low
WAP7-1002,WAP7,ER,2011,114,174,12,85.27,3.207,2.352,93.119,77.796,63.809,904.411,333.838,1.681,70.055,23.309,4.036,60,0,Medium
WAP7-1002,WAP7,ER,2011,115,174,14,85.366,3.051,2.99,90.471,72.524,63.855,873.802,333.413,1.626,68.235,23.457,3.858,59,0,Medium
WAP7-1002,WAP7,ER,2011,116,174,16,90.81,3.21,1.956,92.951,74.519,63.905,914.859,322.502,1.74,76.365,23.734,4.104,58,0,Medium
WAP7-1002,WAP7,ER,2011,117,174,18,81.644,3.244,1.726,91.887,80.615,59.276,936.058,330.023,1.731,74.414,23.483,4.262,57,0,Medium
WAP7-1002,WAP7,ER,2011,118,174,20,88.228,3.097,2.442,91.595,82.116,64.082,897.684,322.04,1.549,74.64,23.617,3.949,56,0,Medium
WAP7-1002,WAP7,ER,2011,119,174,22,89.71,3.378,2.32,92.01,76.498,63.875,901.271,312.283,1.732,72.663,22.921,3.971,55,0,Medium
WAP7-1002,WAP7,ER,2011,120,174,24,86.277,3.428,2.118,92.34,76.908,67.068,874.339,342.004,1.753,67.469,23.784,4.053,54,0,Medium
WAP7-1002,WAP7,ER,2011,121,174,26,79.918,2.847,2.943,92.552,78.279,59.751,907.418,341.866,1.799,80.152,23.661,3.671,53,0,Medium
WAP7-1002,WAP7,ER,2011,122,174,28,85.807,3.096,2.541,92.955,74.739,61.38,892.501,335.495,1.664,70.73,23.457,3.799,52,0,Medium
WAP7-1002,WAP7,ER,2011,123,174,30,84.54,3.001,2.396,88.759,80.109,64.237,903.454,318.901,1.563,76.659,22.901,4.112,51,0,Medium
WAP7-1002,WAP7,ER,2011,124,174,32,83.213,3.374,2.351,91.917,77.039,63.438,883.985,350.192,1.564,67.47,23.751,3.628,50,0,Medium
WAP7-1002,WAP7,ER,2011,125,174,34,90.717,3.304,2.148,90.688,78.222,64.268,887.499,326.562,1.706,72.836,23.863,3.918,49,0,Medium
WAP7-1002,WAP7,ER,2011,126,174,36,85.08,3.266,2.561,92.483,78.568,61.935,860.676,349.079,1.742,72.433,23.242,3.598,48,0,Medium
WAP7-1002,WAP7,ER,2011,127,174,38,86.442,3.276,2.299,91.022,74.006,59.493,902.302,328.127,1.662,65.328,23.499,3.945,47,0,Medium
WAP7-1002,WAP7,ER,2011,128,174,40,85.231,3.335,2.019,90.437,79.05,65.436,908.988,320.5,1.798,76.526,23.389,4.151,46,0,Medium
WAP7-1002,WAP7,ER,2011,129,174,42,85.657,3.26,2.531,93.739,76.541,58.654,843.992,328.953,1.704,67.559,24.145,4.097,45,0,Medium
WAP7-1002,WAP7,ER,2011,130,174,44,91.071,3.37,2.452,94.661,78.746,61.209,898.873,326.98,1.658,74.184,23.667,3.851,44,0,Medium
WAP7-1002,WAP7,ER,2011,131,174,46,88.052,2.962,2.461,92.474,80.866,58.714,910.387,338.456,1.641,73.98,23.204,3.892,43,0,Medium
WAP7-1002,WAP7,ER,2011,132,174,48,86.198,3.16,2.172,92.479,77.694,63.651,900.595,332.319,1.689,67.622,22.709,3.718,42,0,Medium
WAP7-1002,WAP7,ER,2011,133,174,50,86.584,2.894,2.477,92.616,76.293,65.865,914.846,334.281,1.669,71.702,24.544,4.165,41,0,Medium
WAP7-1002,WAP7,ER,2011,134,174,52,83.222,3.381,2.644,91.225,77.743,60.537,900.221,321.553,1.769,81.704,23.704,3.989,40,0,Medium
WAP7-1002,WAP7,ER,2011,135,174,54,90.757,3.354,2.318,86.817,79.121,60.701,907.209,308.616,1.656,70.094,23.5,4.003,39,0,Medium
WAP7-1002,WAP7,ER,2011,136,174,56,90.688,3.181,2.332,90.035,78.996,61.326,921.442,333.52,1.509,71.291,23.259,3.745,38,0,Medium
WAP7-1002,WAP7,ER,2011,137,174,58,92.564,3.216,2.499,93.602,78.644,63.332,922.933,345.573,1.626,76.105,23.77,3.761,37,0,Medium
WAP7-1002,WAP7,ER,2011,138,174,60,85.419,3.3,2.875,91.703,75.963,62.059,886.218,338.663,1.612,78.677,23.844,3.875,36,0,Medium
WAP7-1002,WAP7,ER,2011,139,174,62,88.475,3.274,2.674,91.657,80.504,61.011,883.866,326.632,1.638,77.99,23.285,3.827,35,0,Medium
WAP7-1002,WAP7,ER,2011,140,174,64,87.157,3.151,2.852,91.392,79.012,62.503,841.233,326.918,1.765,83.49,23.297,4.009,34,0,Medium
WAP7-1002,WAP7,ER,2011,141,174,66,91.196,2.991,2.459,91.563,77.708,64.351,873.172,332.78,1.544,78.689,23.382,3.81,33,0,Medium
WAP7-1002,WAP7,ER,2011,142,174,68,89.562,3.357,2.316,93.326,75.693,65.311,931.196,314.964,1.48,67.661,23.14,4.192,32,0,Medium
WAP7-1002,WAP7,ER,2011,143,174,70,91.162,3.207,2.044,92.388,75.619,63.109,868.061,338.18,1.68,64.931,24.238,3.668,31,0,Medium
WAP7-1002,WAP7,ER,2011,144,174,72,98.832,2.407,4.478,85.933,90.427,68.626,840.625,344.212,1.294,72.967,22.696,3.306,30,1,High
WAP7-1002,WAP7,ER,2011,145,174,74,104.196,2.303,4.796,87.889,84.036,70.884,854.335,333.65,1.28,75.492,21.985,3.313,29,1,High
WAP7-1002,WAP7,ER,2011,146,174,76,99.899,2.336,4.527,88.315,87.526,66.731,871.451,352.305,1.257,70.187,22.014,3.172,28,1,High
WAP7-1002,WAP7,ER,2011,147,174,78,100.949,2.435,4.131,86.596,87.952,72.42,872.647,353.377,1.07,75.005,23.262,3.223,27,1,High
WAP7-1002,WAP7,ER,2011,148,174,80,100.773,2.191,4.152,87.346,89.118,71.826,852.383,356.838,1.164,68.634,22.546,3.001,26,1,High
WAP7-1002,WAP7,ER,2011,149,174,82,105.611,2.269,4.39,85.467,88.048,73.065,856.716,358.738,1.212,77.158,23.267,3.478,25,1,High
WAP7-1002,WAP7,ER,2011,150,174,84,102.258,2.398,4.512,84.025,85.294,69.729,834.587,367.994,1.192,73.805,22.372,3.272,24,1,High
WAP7-1002,WAP7,ER,2011,151,174,86,103.149,2.138,4.863,84.826,86.681,72.3,873.648,357.614,1.138,69.728,22.487,3.182,23,1,High
WAP7-1002,WAP7,ER,2011,152,174,88,103.075,2.25,5.205,84.675,85.83,71.718,836.026,345.355,1.121,67.97,22.047,3.287,22,1,High
WAP7-1002,WAP7,ER,2011,153,174,90,103.489,2.008,5.095,86.252,93.794,69.426,859.53,383.625,1.121,63.996,22.299,3.222,21,1,High
WAP7-1002,WAP7,ER,2011,154,174,92,101.315,2.034,5.824,83.064,88.717,72.087,840.022,376.282,1.142,77.241,22.432,2.958,20,1,High
WAP7-1002,WAP7,ER,2011,155,174,94,109.09,2.199,5.69,82.351,88.166,75.824,864.06,373.466,1.193,70.115,23.087,3.192,19,1,High
WAP7-1002,WAP7,ER,2011,156,174,96,109.191,1.88,4.993,82.408,87.963,73.506,837.908,363.023,1.065,69.565,21.953,2.905,18,1,High
WAP7-1002,WAP7,ER,2011,157,174,98,100.091,1.801,5.285,85.671,93.131,71.703,838.374,379.43,1.044,71.067,21.427,3.008,17,1,High
WAP7-1002,WAP7,ER,2011,158,174,100,105.127,1.998,5.892,82.89,93.474,77.15,813.444,384.012,1.031,69.318,21.203,3.259,16,1,High
WAP7-1002,WAP7,ER,2011,159,174,102,109.296,1.752,6.076,82.079,90.155,74.445,818.433,385.977,1.039,70.345,21.842,2.843,15,1,High
WAP7-1002,WAP7,ER,2011,160,174,104,110.456,1.757,6.019,82.986,96.145,75.773,825.425,385.635,1.05,71.969,21.635,2.849,14,1,High
WAP7-1002,WAP7,ER,2011,161,174,106,114.412,1.825,6.226,82.934,97.546,76.392,802.063,400.874,0.99,74.125,21.268,3.456,13,1,High
WAP7-1002,WAP7,ER,2011,162,174,108,109.83,1.816,6.172,80.149,95.926,79.024,835.822,370.296,0.845,66.459,21.747,3.32,12,1,High
WAP7-1002,WAP7,ER,2011,163,174,110,117.111,1.741,6.503,82.16,93.567,82.103,809.211,380.538,0.85,69.226,21.223,3.217,11,1,High
WAP7-1002,WAP7,ER,2011,164,174,112,114.483,1.667,6.827,79.236,94.689,80.112,837.853,383.441,0.785,72.022,21.469,3.19,10,1,Critical
WAP7-1002,WAP7,ER,2011,165,174,114,115.745,1.493,6.973,79.295,97.724,81.283,869.894,405.314,0.807,69.067,21.213,2.633,9,1,Critical
WAP7-1002,WAP7,ER,2011,166,174,116,122.484,1.555,7.483,80.547,101.573,82.167,795.346,394.861,0.822,78.537,21.659,2.712,8,1,Critical
WAP7-1002,WAP7,ER,2011,167,174,118,121.841,1.841,7.098,80.765,99.047,86.447,807.384,409.797,0.976,69.787,21.03,2.7,7,1,Critical
WAP7-1002,WAP7,ER,2011,168,174,120,113.271,1.49,7.637,77.099,103.784,84.405,795.793,388.408,0.672,65.867,20.498,2.781,6,1,Critical
WAP7-1002,WAP7,ER,2011,169,174,122,122.912,1.231,7.615,76.687,103.835,86.695,800.06,411.196,0.749,71.964,20.14,2.878,5,1,Critical
WAP7-1002,WAP7,ER,2011,170,174,124,127.132,1.438,8.245,78.044,99.964,87.68,803.548,410.66,0.71,78.689,19.977,2.605,4,1,Critical
WAP7-1002,WAP7,ER,2011,171,174,126,128.043,1.183,8.554,77.114,107.928,83.857,759.663,410.603,0.627,71.473,20.449,2.588,3,1,Critical
WAP7-1002,WAP7,ER,2011,172,174,128,129.509,1.034,9.0,74.082,109.207,93.44,809.586,418.363,0.578,70.393,20.498,3.007,2,1,Critical
WAP7-1002,WAP7,ER,2011,173,174,130,129.721,1.037,8.97,72.077,108.074,91.774,763.569,406.328,0.507,73.079,20.358,2.769,1,1,Critical
WAP7-1002,WAP7,ER,2011,174,174,132,126.978,0.773,9.0,76.978,110.908,97.776,774.29,406.426,0.542,75.075,20.186,2.608,0,1,Critical
WDG4-1003,WDG4,CR,2010,1,134,2,84.381,3.809,1.924,93.165,73.878,58.544,902.464,313.949,1.758,69.352,24.016,4.001,133,0,Low
WDG4-1003,WDG4,CR,2010,2,134,4,81.296,3.703,1.441,94.009,74.956,62.343,910.012,322.862,1.89,74.363,24.48,4.372,132,0,Low
WDG4-1003,WDG4,CR,2010,3,134,6,85.765,3.447,1.974,93.692,74.086,60.707,886.862,333.989,1.721,73.045,23.986,4.288,131,0,Low
WDG4-1003,WDG4,CR,2010,4,134,8,80.509,3.575,1.76,93.759,77.666,60.079,933.391,322.048,1.645,71.601,23.912,3.953,130,0,Low
WDG4-1003,WDG4,CR,2010,5,134,10,80.942,3.47,1.258,95.374,72.495,62.727,895.432,312.287,1.765,72.892,24.589,4.174,129,0,Low
WDG4-1003,WDG4,CR,2010,6,134,12,79.233,3.424,1.627,92.993,78.129,61.191,895.028,314.666,1.769,69.935,23.513,3.911,128,0,Low
WDG4-1003,WDG4,CR,2010,7,134,14,79.199,3.73,1.449,93.531,78.368,59.454,878.296,327.158,1.839,78.757,23.86,4.258,127,0,Low
WDG4-1003,WDG4,CR,2010,8,134,16,85.342,3.46,1.69,94.349,72.884,60.853,924.061,325.301,1.738,74.902,23.707,4.401,126,0,Low
WDG4-1003,WDG4,CR,2010,9,134,18,82.046,3.524,1.43,93.775,75.072,59.943,902.486,305.312,1.819,69.331,23.554,4.564,125,0,Low
WDG4-1003,WDG4,CR,2010,10,134,20,79.38,3.486,2.063,93.288,79.929,61.393,910.946,309.419,1.908,79.979,23.725,4.11,124,0,Low
WDG4-1003,WDG4,CR,2010,11,134,22,83.705,3.474,1.808,93.521,76.727,58.145,918.14,315.816,1.763,71.274,23.225,3.894,123,0,Low
WDG4-1003,WDG4,CR,2010,12,134,24,84.393,3.547,2.214,93.788,73.799,59.261,861.17,334.692,1.815,68.435,23.994,3.963,122,0,Low
WDG4-1003,WDG4,CR,2010,13,134,26,84.603,3.416,1.757,94.615,78.525,60.822,880.109,338.648,1.64,78.955,23.199,4.123,121,0,Low
WDG4-1003,WDG4,CR,2010,14,134,28,81.67,3.447,1.812,94.619,75.396,61.709,913.411,326.338,1.801,70.055,23.609,4.216,120,0,Low
WDG4-1003,WDG4,CR,2010,15,134,30,81.766,3.291,2.45,91.971,70.124,61.755,882.802,325.913,1.746,68.235,23.757,4.038,119,0,Low
WDG4-1003,WDG4,CR,2010,16,134,32,87.21,3.45,1.416,94.451,72.119,61.805,923.859,315.002,1.86,76.365,24.034,4.284,118,0,Low
WDG4-1003,WDG4,CR,2010,17,134,34,78.044,3.484,1.186,93.387,78.215,57.176,945.058,322.523,1.851,74.414,23.783,4.442,117,0,Low
WDG4-1003,WDG4,CR,2010,18,134,36,84.628,3.337,1.902,93.095,79.716,61.982,906.684,314.54,1.669,74.64,23.917,4.129,116,0,Low
WDG4-1003,WDG4,CR,2010,19,134,38,86.11,3.618,1.78,93.51,74.098,61.775,910.271,304.783,1.852,72.663,23.221,4.151,115,0,Low
WDG4-1003,WDG4,CR,2010,20,134,40,82.677,3.668,1.578,93.84,74.508,64.968,883.339,334.504,1.873,67.469,24.084,4.233,114,0,Low
WDG4-1003,WDG4,CR,2010,21,134,42,76.318,3.087,2.403,94.052,75.879,57.651,916.418,334.366,1.919,80.152,23.961,3.851,113,0,Low
WDG4-1003,WDG4,CR,2010,22,134,44,82.207,3.336,2.001,94.455,72.339,59.28,901.501,327.995,1.784,70.73,23.757,3.979,112,0,Low
WDG4-1003,WDG4,CR,2010,23,134,46,80.94,3.241,1.856,90.259,77.709,62.137,912.454,311.401,1.683,76.659,23.201,4.292,111,0,Low
WDG4-1003,WDG4,CR,2010,24,134,48,79.613,3.614,1.811,93.417,74.639,61.338,892.985,342.692,1.684,67.47,24.051,3.808,110,0,Low
WDG4-1003,WDG4,CR,2010,25,134,50,87.117,3.544,1.608,92.188,75.822,62.168,896.499,319.062,1.826,72.836,24.163,4.098,109,0,Low
WDG4-1003,WDG4,CR,2010,26,134,52,81.48,3.506,2.021,93.983,76.168,59.835,869.676,341.579,1.862,72.433,23.542,3.778,108,0,Low
WDG4-1003,WDG4,CR,2010,27,134,54,82.842,3.516,1.759,92.522,71.606,57.393,911.302,320.627,1.782,65.328,23.799,4.125,107,0,Low
WDG4-1003,WDG4,CR,2010,28,134,56,81.631,3.575,1.479,91.937,76.65,63.336,917.988,313.0,1.918,76.526,23.689,4.331,106,0,Low
WDG4-1003,WDG4,CR,2010,29,134,58,82.057,3.5,1.991,95.239,74.141,56.554,852.992,321.453,1.824,67.559,24.445,4.277,105,0,Low
WDG4-1003,WDG4,CR,2010,30,134,60,87.471,3.61,1.912,96.161,76.346,59.109,907.873,319.48,1.778,74.184,23.967,4.031,104,0,Low
WDG4-1003,WDG4,CR,2010,31,134,62,84.452,3.202,1.921,93.974,78.466,56.614,919.387,330.956,1.761,73.98,23.504,4.072,103,0,Low
WDG4-1003,WDG4,CR,2010,32,134,64,82.598,3.4,1.632,93.979,75.294,61.551,909.595,324.819,1.809,67.622,23.009,3.898,102,0,Low
WDG4-1003,WDG4,CR,2010,33,134,66,82.984,3.134,1.937,94.116,73.893,63.765,923.846,326.781,1.789,71.702,24.844,4.345,101,0,Low
WDG4-1003,WDG4,CR,2010,34,134,68,79.622,3.621,2.104,92.725,75.343,58.437,909.221,314.053,1.889,81.704,24.004,4.169,100,0,Low
WDG4-1003,WDG4,CR,2010,35,134,70,87.157,3.594,1.778,88.317,76.721,58.601,916.209,301.116,1.776,70.094,23.8,4.183,99,0,Low
WDG4-1003,WDG4,CR,2010,36,134,72,87.088,3.421,1.792,91.535,76.596,59.226,930.442,326.02,1.629,71.291,23.559,3.925,98,0,Low
WDG4-1003,WDG4,CR,2010,37,134,74,88.964,3.456,1.959,95.102,76.244,61.232,931.933,338.073,1.746,76.105,24.07,3.941,97,0,Low
WDG4-1003,WDG4,CR,2010,38,134,76,81.819,3.54,2.335,93.203,73.563,59.959,895.218,331.163,1.732,78.677,24.144,4.055,96,0,Low
WDG4-1003,WDG4,CR,2010,39,134,78,84.875,3.514,2.134,93.157,78.104,58.911,892.866,319.132,1.758,77.99,23.585,4.007,95,0,Low
WDG4-1003,WDG4,CR,2010,40,134,80,83.557,3.391,2.312,92.892,76.612,60.403,850.233,319.418,1.885,83.49,23.597,4.189,94,0,Low
WDG4-1003,WDG4,CR,2010,41,134,82,87.596,3.231,1.919,93.063,75.308,62.251,882.172,325.28,1.664,78.689,23.682,3.99,93,0,Low
WDG4-1003,WDG4,CR,2010,42,134,84,85.962,3.597,1.776,94.826,73.293,63.211,940.196,307.464,1.6,67.661,23.44,4.372,92,0,Low
WDG4-1003,WDG4,CR,2010,43,134,86,87.562,3.447,1.504,93.888,73.219,61.009,877.061,330.68,1.8,64.931,24.538,3.848,91,0,Low
WDG4-1003,WDG4,CR,2010,44,134,88,83.136,3.454,2.123,92.473,79.963,59.47,879.865,311.512,1.817,72.967,24.004,4.091,90,0,Low
WDG4-1003,WDG4,CR,2010,45,134,90,88.383,3.356,2.424,94.477,73.494,61.655,893.874,300.709,1.806,75.492,23.303,4.103,89,0,Low
WDG4-1003,WDG4,CR,2010,46,134,92,83.902,3.399,2.127,94.979,76.861,57.379,911.467,318.988,1.788,70.187,23.347,3.969,88,0,Low
WDG4-1003,WDG4,CR,2010,47,134,94,84.701,3.51,1.694,93.361,77.12,62.897,913.317,319.552,1.607,75.005,24.616,4.028,87,0,Low
WDG4-1003,WDG4,CR,2010,48,134,96,84.208,3.282,1.667,94.24,78.075,62.082,893.885,322.371,1.709,68.634,23.926,3.817,86,0,Low
WDG4-1003,WDG4,CR,2010,49,134,98,88.661,3.377,1.847,92.515,76.748,63.053,899.228,323.496,1.765,77.158,24.68,4.307,85,0,Low
WDG4-1003,WDG4,CR,2010,50,134,100,84.858,3.526,1.902,91.255,73.694,59.399,878.287,331.844,1.756,73.805,23.822,4.114,84,0,Low
WDG4-1003,WDG4,CR,2010,51,134,102,85.231,3.289,2.175,92.264,74.736,61.604,918.714,320.422,1.714,69.728,23.98,4.04,83,0,Low
WDG4-1003,WDG4,CR,2010,52,134,104,84.574,3.427,2.43,92.348,73.496,60.605,882.635,306.988,1.709,67.97,23.589,4.163,82,0,Low
WDG4-1003,WDG4,CR,2010,53,134,106,84.337,3.213,2.222,94.187,81.026,57.849,907.86,343.95,1.723,63.996,23.895,4.116,81,0,Low
WDG4-1003,WDG4,CR,2010,54,134,108,81.446,3.269,2.844,91.288,75.471,59.997,890.251,335.165,1.759,77.241,24.088,3.873,80,0,Low
WDG4-1003,WDG4,CR,2010,55,134,110,88.436,3.468,2.592,90.889,74.397,63.171,916.366,330.775,1.828,70.115,24.808,4.131,79,0,Low
WDG4-1003,WDG4,CR,2010,56,134,112,87.687,3.186,1.768,91.288,73.627,60.242,892.468,318.623,1.718,69.565,23.745,3.868,78,0,Low
WDG4-1003,WDG4,CR,2010,57,134,114,77.669,3.146,1.921,94.92,78.183,57.778,895.366,333.188,1.716,71.067,23.295,3.998,77,0,Low
WDG4-1003,WDG4,CR,2010,58,134,116,81.722,3.384,2.381,92.533,77.871,62.516,873.046,335.795,1.724,69.318,23.154,4.277,76,0,Low
WDG4-1003,WDG4,CR,2010,59,134,118,84.84,3.182,2.407,92.144,73.851,59.054,880.823,335.652,1.754,70.345,23.88,3.89,75,0,Low
WDG4-1003,WDG4,CR,2010,60,134,120,84.883,3.234,2.183,93.5,79.096,59.576,890.78,333.068,1.789,71.969,23.766,3.929,74,0,Low
WDG4-1003,WDG4,CR,2010,61,134,122,87.655,3.352,2.213,93.922,79.708,59.339,870.562,345.932,1.753,74.125,23.498,4.569,73,0,Low
WDG4-1003,WDG4,CR,2010,62,134,124,81.822,3.395,1.97,91.639,77.254,61.066,907.642,312.846,1.635,66.459,24.081,4.468,72,0,Low
WDG4-1003,WDG4,CR,2010,63,134,126,87.786,3.375,2.104,94.178,74.017,63.191,884.53,320.447,1.667,69.226,23.667,4.403,71,0,Low
WDG4-1003,WDG4,CR,2010,64,134,128,83.774,3.359,2.221,91.809,74.217,60.198,916.849,320.574,1.631,72.022,24.028,4.415,70,0,Low
WDG4-1003,WDG4,CR,2010,65,134,130,83.585,3.245,2.149,92.45,76.284,60.318,952.744,339.539,1.683,69.067,23.893,3.898,69,0,Low
WDG4-1003,WDG4,CR,2010,66,134,132,88.806,3.37,2.432,94.31,79.122,60.102,882.228,326.045,1.729,78.537,24.465,4.02,68,0,Low
WDG4-1003,WDG4,CR,2010,67,134,134,86.58,3.722,1.809,95.163,75.54,63.233,898.476,337.806,1.917,69.787,23.968,4.052,67,0,Low
WDG4-1003,WDG4,CR,2010,68,134,136,76.359,3.439,2.101,92.159,79.176,59.993,891.273,313.108,1.646,65.867,23.574,4.179,66,0,Low
WDG4-1003,WDG4,CR,2010,69,134,138,84.283,3.251,1.821,92.436,78.082,61.036,900.106,332.454,1.759,71.964,23.359,4.323,65,0,Low
WDG4-1003,WDG4,CR,2010,70,134,140,86.719,3.531,2.183,94.508,73.022,60.725,908.337,328.343,1.756,78.689,23.345,4.1,64,0,Low
WDG4-1003,WDG4,CR,2010,71,134,142,85.779,3.353,2.215,94.319,79.752,55.558,869.373,324.578,1.711,71.473,23.971,4.134,63,0,Low
WDG4-1003,WDG4,CR,2010,72,134,144,85.328,3.283,2.59,92.055,79.753,63.748,924.395,328.497,1.702,70.393,24.179,4.606,62,0,Low
WDG4-1003,WDG4,CR,2010,73,134,146,83.555,3.367,2.045,90.845,77.297,60.639,883.654,312.487,1.672,73.079,24.205,4.423,61,0,Low
WDG4-1003,WDG4,CR,2010,74,134,148,78.762,3.187,1.898,96.568,78.764,65.15,899.83,308.476,1.749,75.075,24.204,4.319,60,0,Medium
WDG4-1003,WDG4,CR,2010,75,134,150,84.983,3.424,2.33,92.06,75.207,64.033,901.85,328.613,1.72,72.15,24.266,4.226,59,0,Medium
WDG4-1003,WDG4,CR,2010,76,134,152,85.289,3.552,2.519,93.141,77.608,62.598,894.179,334.614,1.603,73.978,23.684,4.017,58,0,Medium
WDG4-1003,WDG4,CR,2010,77,134,154,84.908,3.408,2.42,92.237,78.483,60.32,876.579,307.244,1.83,76.807,23.825,4.28,57,0,Medium
WDG4-1003,WDG4,CR,2010,78,134,156,81.333,3.534,2.717,91.518,75.758,62.097,867.307,346.016,1.758,67.613,23.463,4.007,56,0,Medium
WDG4-1003,WDG4,CR,2010,79,134,158,84.085,3.078,2.035,91.98,76.255,65.591,898.259,322.701,1.684,71.36,24.227,3.984,55,0,Medium
WDG4-1003,WDG4,CR,2010,80,134,160,84.645,3.349,2.615,91.507,74.417,62.11,914.939,354.089,1.556,63.917,23.56,4.202,54,0,Medium
WDG4-1003,WDG4,CR,2010,81,134,162,82.962,3.354,2.382,94.766,76.268,65.325,907.386,327.124,1.75,71.428,24.248,3.916,53,0,Medium
WDG4-1003,WDG4,CR,2010,82,134,164,83.002,3.269,2.22,91.687,77.136,60.791,857.934,314.64,1.502,78.862,23.944,4.044,52,0,Medium
WDG4-1003,WDG4,CR,2010,83,134,166,88.616,3.386,2.258,91.407,77.596,61.756,871.393,320.973,1.61,69.417,24.098,4.26,51,0,Medium
WDG4-1003,WDG4,CR,2010,84,134,168,81.032,3.364,2.472,91.346,76.552,61.738,915.553,315.507,1.822,72.422,24.051,4.042,50,0,Medium
WDG4-1003,WDG4,CR,2010,85,134,170,86.753,3.345,2.551,93.079,76.845,61.264,909.043,328.93,1.532,73.058,23.625,4.197,49,0,Medium
WDG4-1003,WDG4,CR,2010,86,134,172,83.388,3.422,2.25,93.111,78.323,61.463,878.599,332.093,1.758,66.996,23.813,4.317,48,0,Medium
WDG4-1003,WDG4,CR,2010,87,134,174,86.718,3.161,2.203,93.373,73.813,62.289,895.206,325.052,1.564,78.504,23.798,3.74,47,0,Medium
WDG4-1003,WDG4,CR,2010,88,134,176,85.32,3.28,1.821,91.884,80.388,63.822,865.892,324.538,1.697,68.789,23.297,4.1,46,0,Medium
WDG4-1003,WDG4,CR,2010,89,134,178,83.104,3.109,2.338,92.474,79.84,63.035,852.106,341.463,1.693,71.021,23.963,4.168,45,0,Medium
WDG4-1003,WDG4,CR,2010,90,134,180,83.121,3.363,2.294,93.222,83.289,64.403,911.156,317.164,1.801,69.022,23.589,3.754,44,0,Medium
WDG4-1003,WDG4,CR,2010,91,134,0,78.663,3.323,1.776,92.318,76.884,61.055,900.028,326.564,1.693,71.891,23.119,3.582,43,0,Medium
WDG4-1003,WDG4,CR,2010,92,134,2,88.576,3.309,2.301,92.135,78.197,62.822,902.128,320.378,1.759,69.936,23.655,4.336,42,0,Medium
WDG4-1003,WDG4,CR,2010,93,134,4,81.663,3.427,2.574,94.066,71.532,63.117,879.167,318.111,1.811,58.569,23.624,4.092,41,0,Medium
WDG4-1003,WDG4,CR,2010,94,134,6,86.108,3.279,2.135,93.477,76.448,60.805,896.624,321.609,1.699,68.043,23.77,4.269,40,0,Medium
WDG4-1003,WDG4,CR,2010,95,134,8,90.201,3.066,1.962,93.351,75.679,62.322,881.129,334.197,1.659,78.548,23.416,4.039,39,0,Medium
WDG4-1003,WDG4,CR,2010,96,134,10,89.792,3.457,1.972,92.733,73.66,62.676,915.249,343.063,1.529,78.353,23.319,3.884,38,0,Medium
WDG4-1003,WDG4,CR,2010,97,134,12,85.407,3.248,2.058,93.855,76.56,61.421,900.406,328.538,1.726,75.265,23.46,3.702,37,0,Medium
WDG4-1003,WDG4,CR,2010,98,134,14,84.0,3.064,2.45,93.536,81.167,62.483,866.239,325.561,1.587,84.966,23.823,3.966,36,0,Medium
WDG4-1003,WDG4,CR,2010,99,134,16,86.725,3.376,2.436,91.639,79.106,59.627,897.525,326.648,1.68,82.803,23.781,4.149,35,0,Medium
WDG4-1003,WDG4,CR,2010,100,134,18,84.832,3.529,2.014,92.738,81.068,62.943,897.346,328.513,1.689,79.003,23.941,4.041,34,0,Medium
WDG4-1003,WDG4,CR,2010,101,134,20,89.513,3.362,2.569,93.153,82.298,61.6,929.081,337.082,1.769,68.346,23.618,4.303,33,0,Medium
WDG4-1003,WDG4,CR,2010,102,134,22,85.969,3.299,2.525,92.629,76.087,64.462,866.227,351.651,1.624,82.245,23.389,4.197,32,0,Medium
WDG4-1003,WDG4,CR,2010,103,134,24,84.241,3.165,2.069,91.222,74.404,64.27,897.183,322.982,1.79,77.11,23.43,4.005,31,0,Medium
WDG4-1003,WDG4,CR,2010,104,134,26,92.682,2.733,4.147,89.883,79.179,66.742,884.089,358.575,1.579,63.605,22.915,3.853,30,1,High
WDG4-1003,WDG4,CR,2010,105,134,28,98.622,2.698,3.631,89.413,81.968,65.562,866.951,362.251,1.354,76.556,23.663,3.539,29,1,High
WDG4-1003,WDG4,CR,2010,106,134,30,94.873,2.515,4.108,90.088,84.671,67.536,873.248,344.953,1.456,68.542,22.033,3.915,28,1,High
WDG4-1003,WDG4,CR,2010,107,134,32,93.705,2.476,3.895,85.803,85.352,63.95,844.543,354.019,1.327,65.519,22.989,3.584,27,1,High
WDG4-1003,WDG4,CR,2010,108,134,34,97.503,2.714,3.575,89.685,85.298,68.63,858.288,329.254,1.389,78.752,23.664,3.248,26,1,High
WDG4-1003,WDG4,CR,2010,109,134,36,96.354,2.435,3.97,86.754,83.209,68.286,847.632,362.611,1.251,70.453,22.429,3.422,25,1,High
WDG4-1003,WDG4,CR,2010,110,134,38,99.063,2.758,4.348,89.079,89.096,66.075,870.961,352.492,1.412,69.543,23.218,3.767,24,1,High
WDG4-1003,WDG4,CR,2010,111,134,40,91.683,2.197,4.233,88.562,89.137,70.322,848.411,349.376,1.484,73.81,22.568,3.445,23,1,High
WDG4-1003,WDG4,CR,2010,112,134,42,108.263,2.299,3.842,88.175,85.25,67.661,877.726,347.839,1.236,72.605,22.907,3.164,22,1,High
WDG4-1003,WDG4,CR,2010,113,134,44,100.8,2.436,3.509,88.793,88.259,68.948,865.63,362.857,1.356,79.069,23.575,3.281,21,1,High
WDG4-1003,WDG4,CR,2010,114,134,46,101.443,2.297,4.481,86.081,81.098,70.81,831.666,351.333,1.318,69.37,23.057,3.572,20,1,High
WDG4-1003,WDG4,CR,2010,115,134,48,102.039,2.21,4.583,86.944,85.369,73.24,882.146,370.79,1.19,67.832,22.479,3.573,19,1,High
WDG4-1003,WDG4,CR,2010,116,134,50,101.132,2.612,4.423,83.548,86.032,73.809,877.673,352.402,1.184,73.685,22.366,3.472,18,1,High
WDG4-1003,WDG4,CR,2010,117,134,52,106.58,1.991,5.462,86.774,86.372,77.117,826.466,358.348,1.189,71.702,21.979,3.378,17,1,High
WDG4-1003,WDG4,CR,2010,118,134,54,99.885,2.228,5.393,83.67,86.359,74.131,800.898,367.27,1.053,68.465,21.815,3.038,16,1,High
WDG4-1003,WDG4,CR,2010,119,134,56,100.573,2.137,5.153,84.994,89.158,74.223,832.823,384.261,1.138,73.668,22.495,3.405,15,1,High
WDG4-1003,WDG4,CR,2010,120,134,58,105.084,2.341,5.174,84.126,89.269,73.583,834.722,376.631,1.176,74.714,22.047,3.12,14,1,High
WDG4-1003,WDG4,CR,2010,121,134,60,105.863,2.29,5.886,85.003,91.705,76.155,804.089,365.079,1.122,73.509,22.011,3.387,13,1,High
WDG4-1003,WDG4,CR,2010,122,134,62,107.113,2.151,5.529,81.976,92.757,80.41,819.881,370.35,1.008,69.332,21.289,2.999,12,1,High
WDG4-1003,WDG4,CR,2010,123,134,64,109.05,1.983,5.848,83.511,93.514,77.175,825.348,362.453,1.148,75.308,21.423,3.421,11,1,High
WDG4-1003,WDG4,CR,2010,124,134,66,107.884,1.786,5.684,80.411,97.321,79.233,818.446,383.326,1.062,66.999,22.321,2.799,10,1,Critical
WDG4-1003,WDG4,CR,2010,125,134,68,108.725,1.954,6.222,84.568,93.954,82.754,795.052,371.562,1.059,66.092,21.705,3.047,9,1,Critical
WDG4-1003,WDG4,CR,2010,126,134,70,114.182,1.77,6.581,75.588,95.342,82.236,782.264,382.566,0.991,72.881,21.913,3.053,8,1,Critical
WDG4-1003,WDG4,CR,2010,127,134,72,113.253,1.644,6.76,81.568,97.124,80.92,806.701,392.787,0.913,73.945,21.28,2.868,7,1,Critical
WDG4-1003,WDG4,CR,2010,128,134,74,120.547,1.417,7.081,83.2,97.305,81.823,825.413,396.788,0.847,67.822,21.486,2.827,6,1,Critical
WDG4-1003,WDG4,CR,2010,129,134,76,113.929,1.654,7.103,80.57,98.714,84.799,788.234,417.106,0.876,73.302,20.597,2.622,5,1,Critical
WDG4-1003,WDG4,CR,2010,130,134,78,116.649,1.642,7.192,76.936,102.304,86.182,784.814,409.153,0.905,75.415,21.267,2.933,4,1,Critical
WDG4-1003,WDG4,CR,2010,131,134,80,124.161,1.392,7.773,78.337,104.242,87.05,780.363,397.966,0.777,71.988,20.164,2.79,3,1,Critical
WDG4-1003,WDG4,CR,2010,132,134,82,126.417,1.351,7.852,77.376,98.211,86.324,786.871,415.05,0.795,75.125,21.392,2.933,2,1,Critical
WDG4-1003,WDG4,CR,2010,133,134,84,125.406,1.175,8.139,76.31,101.619,91.105,781.366,415.998,0.859,72.682,20.46,2.624,1,1,Critical
WDG4-1003,WDG4,CR,2010,134,134,86,130.21,1.337,8.787,75.213,106.922,92.897,785.913,405.421,0.792,72.65,20.509,2.709,0,1,Critical
WDG4-1004,WDG4,ER,2018,1,109,-36,85.913,3.602,2.029,94.653,79.898,59.5,938.081,329.582,1.889,68.346,23.918,4.483,108,0,Low
WDG4-1004,WDG4,ER,2018,2,109,-34,82.369,3.539,1.985,94.129,73.687,62.362,875.227,344.151,1.744,82.245,23.689,4.377,107,0,Low
WDG4-1004,WDG4,ER,2018,3,109,-32,80.641,3.405,1.529,92.722,72.004,62.17,906.183,315.482,1.91,77.11,23.73,4.185,106,0,Low
WDG4-1004,WDG4,ER,2018,4,109,-30,80.346,3.555,2.296,95.023,70.955,59.546,914.929,332.875,1.99,63.605,23.943,4.47,105,0,Low
WDG4-1004,WDG4,ER,2018,5,109,-28,86.168,3.527,1.763,94.602,73.666,58.293,898.09,336.31,1.769,76.556,24.7,4.161,104,0,Low
WDG4-1004,WDG4,ER,2018,6,109,-26,82.236,3.354,2.212,95.352,76.246,60.145,904.863,318.636,1.875,68.542,23.086,4.544,103,0,Low
WDG4-1004,WDG4,ER,2018,7,109,-24,80.817,3.327,1.962,91.168,76.76,56.387,876.813,327.194,1.752,65.519,24.063,4.222,102,0,Low
WDG4-1004,WDG4,ER,2018,8,109,-22,84.298,3.58,1.594,95.179,76.495,60.847,891.39,301.787,1.822,78.752,24.764,3.896,101,0,Low
WDG4-1004,WDG4,ER,2018,9,109,-20,82.765,3.319,1.931,92.403,74.15,60.234,881.744,334.37,1.693,70.453,23.561,4.082,100,0,Low
WDG4-1004,WDG4,ER,2018,10,109,-18,85.023,3.662,2.242,94.909,79.736,57.705,906.261,323.342,1.864,69.543,24.388,4.441,99,0,Low
WDG4-1004,WDG4,ER,2018,11,109,-16,77.126,3.124,2.049,94.6,79.432,61.585,885.077,319.185,1.948,73.81,23.781,4.135,98,0,Low
WDG4-1004,WDG4,ER,2018,12,109,-14,93.122,3.251,1.571,94.448,75.155,58.508,915.935,316.472,1.713,72.605,24.168,3.871,97,0,Low
WDG4-1004,WDG4,ER,2018,13,109,-12,85.008,3.417,1.14,95.328,77.731,59.331,905.56,330.182,1.847,79.069,24.891,4.007,96,0,Low
WDG4-1004,WDG4,ER,2018,14,109,-10,84.934,3.309,2.004,92.905,70.091,60.68,873.495,317.217,1.824,69.37,24.433,4.319,95,0,Low
WDG4-1004,WDG4,ER,2018,15,109,-8,84.746,3.256,1.989,94.083,73.841,62.548,926.051,335.099,1.712,67.832,23.92,4.343,94,0,Low
WDG4-1004,WDG4,ER,2018,16,109,-6,82.988,3.693,1.701,91.028,73.936,62.505,923.833,315.002,1.725,73.685,23.878,4.267,93,0,Low
WDG4-1004,WDG4,ER,2018,17,109,-4,87.519,3.111,2.603,94.622,73.664,65.153,875.058,319.106,1.749,71.702,23.567,4.199,92,0,Low
WDG4-1004,WDG4,ER,2018,18,109,-2,79.84,3.39,2.386,91.913,72.995,61.458,852.101,326.053,1.634,68.465,23.485,3.888,91,0,Low
WDG4-1004,WDG4,ER,2018,19,109,0,79.477,3.343,1.989,93.659,75.094,60.792,886.813,340.936,1.742,73.668,24.253,4.285,90,0,Low
WDG4-1004,WDG4,ER,2018,20,109,2,82.871,3.594,1.842,93.239,74.46,59.346,891.678,331.064,1.803,74.714,23.898,4.032,89,0,Low
WDG4-1004,WDG4,ER,2018,21,109,4,82.466,3.593,2.376,94.591,76.107,61.061,864.188,317.138,1.773,73.509,23.961,4.332,88,0,Low
WDG4-1004,WDG4,ER,2018,22,109,6,82.465,3.506,1.832,92.066,76.325,64.412,883.301,319.9,1.685,69.332,23.343,3.98,87,0,Low
WDG4-1004,WDG4,ER,2018,23,109,8,83.085,3.393,1.953,94.129,76.203,60.224,892.267,309.361,1.854,75.308,23.586,4.439,86,0,Low
WDG4-1004,WDG4,ER,2018,24,109,10,80.535,3.254,1.582,91.585,79.088,61.279,889.041,327.459,1.796,66.999,24.6,3.856,85,0,Low
WDG4-1004,WDG4,ER,2018,25,109,12,79.925,3.482,1.902,96.323,74.754,63.749,869.502,312.787,1.823,66.092,24.105,4.144,84,0,Low
WDG4-1004,WDG4,ER,2018,26,109,14,83.865,3.36,2.034,87.951,75.13,62.131,860.746,320.75,1.786,72.881,24.439,4.192,83,0,Low
WDG4-1004,WDG4,ER,2018,27,109,16,81.351,3.3,1.975,94.566,75.856,59.666,889.393,327.795,1.741,73.945,23.939,4.052,82,0,Low
WDG4-1004,WDG4,ER,2018,28,109,18,86.995,3.142,2.048,96.86,74.937,59.371,912.493,328.488,1.709,67.822,24.282,4.057,81,0,Low
WDG4-1004,WDG4,ER,2018,29,109,20,78.66,3.45,1.813,94.918,75.201,61.1,879.88,345.364,1.773,73.302,23.536,3.899,80,0,Low
WDG4-1004,WDG4,ER,2018,30,109,22,79.596,3.511,1.634,91.999,77.602,61.187,881.203,333.837,1.84,75.415,24.355,4.26,79,0,Low
WDG4-1004,WDG4,ER,2018,31,109,24,85.257,3.337,1.938,94.142,78.306,60.711,881.673,318.941,1.75,71.988,23.406,4.168,78,0,Low
WDG4-1004,WDG4,ER,2018,32,109,26,85.595,3.376,1.729,93.949,70.996,58.591,893.28,332.183,1.807,75.125,24.793,4.364,77,0,Low
WDG4-1004,WDG4,ER,2018,33,109,28,82.601,3.281,1.719,93.678,73.082,61.93,893.051,329.156,1.912,72.682,24.027,4.11,76,0,Low
WDG4-1004,WDG4,ER,2018,34,109,30,85.354,3.528,2.059,93.403,77.018,62.231,903.053,314.471,1.887,72.65,24.247,4.251,75,0,Low
WDG4-1004,WDG4,ER,2018,35,109,32,83.881,3.57,1.834,92.494,77.679,62.456,875.227,325.183,1.795,70.107,23.96,3.883,74,0,Low
WDG4-1004,WDG4,ER,2018,36,109,34,82.414,3.311,2.115,91.728,78.311,60.405,913.354,312.017,1.755,70.283,24.408,4.13,73,0,Low
WDG4-1004,WDG4,ER,2018,37,109,36,87.266,3.423,2.309,95.16,77.492,59.68,866.454,314.248,1.719,69.221,22.821,4.041,72,0,Low
WDG4-1004,WDG4,ER,2018,38,109,38,79.444,3.343,1.648,93.826,77.907,59.35,918.752,330.038,1.82,71.93,23.398,3.953,71,0,Low
WDG4-1004,WDG4,ER,2018,39,109,40,83.712,3.357,1.95,90.962,76.78,61.024,893.976,328.059,1.937,71.418,23.637,4.49,70,0,Low
WDG4-1004,WDG4,ER,2018,40,109,42,80.415,3.651,1.551,95.366,77.338,62.014,917.901,320.025,1.615,71.23,24.375,4.011,69,0,Low
WDG4-1004,WDG4,ER,2018,41,109,44,84.25,3.306,2.151,93.97,73.822,59.314,922.266,331.686,1.743,80.854,23.931,4.325,68,0,Low
WDG4-1004,WDG4,ER,2018,42,109,46,83.283,3.537,1.942,93.188,78.35,63.57,840.987,306.803,1.621,74.329,22.781,3.931,67,0,Low
WDG4-1004,WDG4,ER,2018,43,109,48,80.278,3.501,2.213,95.069,74.247,62.275,886.876,327.637,1.727,72.129,23.408,4.203,66,0,Low
WDG4-1004,WDG4,ER,2018,44,109,50,84.768,3.588,1.762,91.718,75.421,60.161,898.377,309.955,1.802,67.548,24.152,3.899,65,0,Low
WDG4-1004,WDG4,ER,2018,45,109,52,85.689,3.229,1.975,92.452,73.439,61.332,886.649,325.451,1.854,81.467,23.581,4.158,64,0,Low
WDG4-1004,WDG4,ER,2018,46,109,54,82.116,3.366,2.461,94.488,75.592,63.991,927.923,326.454,1.604,75.757,24.388,4.024,63,0,Low
WDG4-1004,WDG4,ER,2018,47,109,56,89.509,3.117,1.645,92.668,76.087,57.298,894.628,302.552,1.874,77.2,23.259,4.055,62,0,Low
WDG4-1004,WDG4,ER,2018,48,109,58,80.731,3.342,2.561,94.719,78.312,57.629,923.046,313.343,1.829,73.089,23.437,4.036,61,0,Low
WDG4-1004,WDG4,ER,2018,49,109,60,82.733,3.338,2.592,95.548,74.395,58.549,889.47,329.609,1.687,74.714,23.49,4.154,60,0,Medium
WDG4-1004,WDG4,ER,2018,50,109,62,86.403,3.028,1.861,94.717,74.216,64.552,897.932,324.453,1.576,81.564,22.903,4.087,59,0,Medium
WDG4-1004,WDG4,ER,2018,51,109,64,79.252,3.37,2.219,91.352,73.83,62.351,901.742,326.991,1.62,56.16,23.165,4.274,58,0,Medium
WDG4-1004,WDG4,ER,2018,52,109,66,88.989,3.269,1.966,95.447,72.207,61.284,887.548,327.718,1.507,80.166,24.299,4.127,57,0,Medium
WDG4-1004,WDG4,ER,2018,53,109,68,83.943,3.454,2.332,93.019,75.783,61.581,879.927,320.103,1.794,75.873,23.526,3.831,56,0,Medium
WDG4-1004,WDG4,ER,2018,54,109,70,82.76,3.291,1.97,94.288,77.189,62.474,907.361,316.986,1.762,69.223,23.642,4.296,55,0,Medium
WDG4-1004,WDG4,ER,2018,55,109,72,87.275,3.363,1.727,92.845,79.41,59.853,898.599,333.707,1.796,71.081,23.501,4.131,54,0,Medium
WDG4-1004,WDG4,ER,2018,56,109,74,84.526,3.455,2.209,92.493,74.571,62.246,923.585,327.779,1.749,55.839,24.943,4.127,53,0,Medium
WDG4-1004,WDG4,ER,2018,57,109,76,86.667,3.315,2.242,93.682,76.977,67.726,931.073,328.687,1.749,70.807,23.776,4.226,52,0,Medium
WDG4-1004,WDG4,ER,2018,58,109,78,82.517,3.302,1.814,93.806,76.407,60.984,883.883,334.576,1.678,68.904,24.04,3.986,51,0,Medium
WDG4-1004,WDG4,ER,2018,59,109,80,87.643,3.339,2.14,90.437,78.066,63.123,875.097,324.164,1.764,74.772,23.272,3.975,50,0,Medium
WDG4-1004,WDG4,ER,2018,60,109,82,86.657,3.557,1.707,92.8,75.501,62.164,883.234,323.564,1.746,76.729,23.445,4.118,49,0,Medium
WDG4-1004,WDG4,ER,2018,61,109,84,81.033,3.685,2.154,92.574,72.012,64.915,879.119,321.875,1.672,70.85,23.811,4.285,48,0,Medium
WDG4-1004,WDG4,ER,2018,62,109,86,80.719,3.261,1.984,95.864,74.761,65.106,889.359,332.018,1.676,74.722,23.722,3.678,47,0,Medium
WDG4-1004,WDG4,ER,2018,63,109,88,90.249,3.183,2.458,92.137,73.215,60.675,890.493,318.236,1.63,71.841,22.943,3.98,46,0,Medium
WDG4-1004,WDG4,ER,2018,64,109,90,80.303,3.415,2.154,92.611,74.603,62.517,886.573,317.571,1.801,70.743,23.72,4.493,45,0,Medium
WDG4-1004,WDG4,ER,2018,65,109,92,82.838,3.369,2.429,92.261,72.684,64.261,895.805,319.772,1.621,71.758,23.708,4.344,44,0,Medium
WDG4-1004,WDG4,ER,2018,66,109,94,81.253,3.305,2.203,92.242,82.43,62.726,890.394,326.506,1.575,66.817,23.119,4.308,43,0,Medium
WDG4-1004,WDG4,ER,2018,67,109,96,82.894,3.459,1.818,94.482,81.122,60.212,890.192,315.918,1.856,68.896,23.31,4.244,42,0,Medium
WDG4-1004,WDG4,ER,2018,68,109,98,82.714,3.246,2.247,92.398,77.372,62.342,899.602,327.749,1.714,73.419,23.49,3.81,41,0,Medium
WDG4-1004,WDG4,ER,2018,69,109,100,82.963,3.432,2.092,93.506,74.003,63.583,869.576,322.813,1.722,79.039,24.035,4.388,40,0,Medium
WDG4-1004,WDG4,ER,2018,70,109,102,91.237,3.419,2.228,92.774,76.959,60.72,874.693,336.694,1.696,80.058,24.267,4.248,39,0,Medium
WDG4-1004,WDG4,ER,2018,71,109,104,79.415,3.162,2.634,93.952,80.002,58.898,876.516,335.884,1.825,70.95,24.051,4.207,38,0,Medium
WDG4-1004,WDG4,ER,2018,72,109,106,82.737,3.443,2.442,93.587,74.953,63.161,885.095,317.292,1.789,64.46,23.956,4.226,37,0,Medium
WDG4-1004,WDG4,ER,2018,73,109,108,80.546,3.243,2.014,92.386,74.888,60.48,895.201,323.282,1.717,67.027,23.114,4.162,36,0,Medium
WDG4-1004,WDG4,ER,2018,74,109,110,82.212,3.325,2.591,93.171,76.977,63.698,911.319,328.836,1.701,70.156,23.39,4.082,35,0,Medium
WDG4-1004,WDG4,ER,2018,75,109,112,83.803,3.589,2.383,92.227,80.681,64.181,880.001,330.798,1.751,81.255,23.671,3.965,34,0,Medium
WDG4-1004,WDG4,ER,2018,76,109,114,83.756,3.243,1.997,90.951,74.183,61.935,879.183,332.449,1.825,69.481,23.55,4.376,33,0,Medium
WDG4-1004,WDG4,ER,2018,77,109,116,86.356,3.153,2.078,90.429,80.524,62.165,877.442,304.507,1.721,67.397,23.83,3.979,32,0,Medium
WDG4-1004,WDG4,ER,2018,78,109,118,89.303,3.423,2.361,93.788,79.449,60.11,877.268,317.853,1.908,69.182,23.805,3.893,31,0,Medium
WDG4-1004,WDG4,ER,2018,79,109,120,88.363,2.875,2.763,87.906,84.097,64.72,842.202,351.935,1.433,75.726,22.839,3.688,30,1,High
WDG4-1004,WDG4,ER,2018,80,109,122,89.865,3.054,3.087,91.476,83.145,70.5,845.592,328.227,1.559,68.95,22.776,3.502,29,1,High
WDG4-1004,WDG4,ER,2018,81,109,124,90.601,2.923,2.894,88.84,80.387,64.848,857.077,350.536,1.473,70.489,23.764,3.918,28,1,High
WDG4-1004,WDG4,ER,2018,82,109,126,89.948,2.772,3.565,87.903,84.568,68.703,877.071,341.245,1.489,72.954,23.268,3.314,27,1,High
WDG4-1004,WDG4,ER,2018,83,109,128,92.8,2.882,3.793,87.448,83.892,72.663,937.832,336.42,1.511,65.975,22.992,4.004,26,1,High
WDG4-1004,WDG4,ER,2018,84,109,130,93.256,2.882,3.512,91.78,80.849,68.526,885.266,348.629,1.441,79.799,23.222,3.579,25,1,High
WDG4-1004,WDG4,ER,2018,85,109,132,89.615,2.674,3.575,87.954,84.823,67.331,874.173,343.834,1.385,65.289,23.312,4.032,24,1,High
WDG4-1004,WDG4,ER,2018,86,109,134,94.555,2.666,3.521,88.251,82.354,70.287,853.071,361.535,1.311,74.117,23.2,3.683,23,1,High
WDG4-1004,WDG4,ER,2018,87,109,136,91.35,2.542,3.696,89.204,83.552,64.618,845.289,344.004,1.531,71.009,23.217,3.602,22,1,High
WDG4-1004,WDG4,ER,2018,88,109,138,93.7,2.464,4.209,88.72,83.818,71.006,842.265,353.275,1.18,66.682,22.056,3.77,21,1,High
WDG4-1004,WDG4,ER,2018,89,109,140,95.641,2.578,4.061,88.322,83.367,68.127,886.397,341.406,1.539,68.891,23.041,3.597,20,1,High
WDG4-1004,WDG4,ER,2018,90,109,142,99.569,2.589,3.843,89.362,83.705,66.633,879.553,352.44,1.453,60.394,22.756,3.425,19,1,High
WDG4-1004,WDG4,ER,2018,91,109,144,102.732,2.677,4.222,85.383,81.172,67.918,857.568,362.43,1.388,70.011,22.124,4.217,18,1,High
WDG4-1004,WDG4,ER,2018,92,109,146,98.911,2.353,3.944,87.845,84.427,71.299,820.377,346.971,1.274,80.876,22.584,3.424,17,1,High
WDG4-1004,WDG4,ER,2018,93,109,148,99.911,2.454,4.111,88.215,90.982,70.087,882.439,359.011,1.148,69.172,22.882,3.798,16,1,High
WDG4-1004,WDG4,ER,2018,94,109,150,101.496,2.419,5.048,87.687,88.467,71.364,845.601,357.871,1.238,70.692,22.82,3.282,15,1,High
WDG4-1004,WDG4,ER,2018,95,109,152,98.197,2.188,5.054,85.239,85.408,75.842,812.305,358.981,1.132,68.573,22.801,3.489,14,1,High
WDG4-1004,WDG4,ER,2018,96,109,154,101.794,2.37,4.225,86.084,85.432,73.875,830.725,352.056,1.357,67.858,22.13,3.591,13,1,High
WDG4-1004,WDG4,ER,2018,97,109,156,103.883,2.327,5.361,83.771,87.688,71.985,855.535,361.122,1.197,64.973,21.885,3.182,12,1,High
WDG4-1004,WDG4,ER,2018,98,109,158,106.442,2.339,5.18,86.182,96.356,78.324,844.625,364.515,1.137,75.731,22.138,3.366,11,1,High
WDG4-1004,WDG4,ER,2018,99,109,160,111.388,1.966,5.47,86.727,92.854,76.775,819.237,389.536,1.127,65.631,21.545,3.515,10,1,Critical
WDG4-1004,WDG4,ER,2018,100,109,162,110.228,1.972,6.135,81.015,93.323,75.932,797.226,361.75,1.088,71.676,21.537,3.332,9,1,Critical
WDG4-1004,WDG4,ER,2018,101,109,164,111.424,2.095,5.755,82.866,95.933,79.648,841.174,380.192,1.028,71.184,22.394,3.431,8,1,Critical
WDG4-1004,WDG4,ER,2018,102,109,166,115.211,2.003,6.558,80.101,100.732,75.935,842.17,386.887,1.053,77.509,21.847,3.202,7,1,Critical
WDG4-1004,WDG4,ER,2018,103,109,168,112.373,1.925,6.835,82.306,93.695,80.276,836.383,381.304,1.038,70.977,20.807,3.196,6,1,Critical
WDG4-1004,WDG4,ER,2018,104,109,170,115.503,2.038,7.089,79.714,98.1,85.37,839.551,390.14,0.958,68.299,21.882,3.048,5,1,Critical
WDG4-1004,WDG4,ER,2018,105,109,172,119.845,1.675,7.139,80.287,97.72,81.961,786.005,388.699,0.986,77.346,20.411,2.757,4,1,Critical
WDG4-1004,WDG4,ER,2018,106,109,174,121.207,1.896,7.324,76.234,92.294,87.287,773.729,389.241,0.831,81.211,21.193,3.113,3,1,Critical
WDG4-1004,WDG4,ER,2018,107,109,176,122.166,1.629,7.631,78.336,100.034,88.103,763.386,393.263,0.865,64.398,20.691,2.899,2,1,Critical
WDG4-1004,WDG4,ER,2018,108,109,178,126.928,1.476,8.125,77.786,97.398,88.144,822.525,407.096,0.82,77.198,21.271,3.102,1,1,Critical
WDG4-1004,WDG4,ER,2018,109,109,180,127.64,1.113,8.247,78.458,99.313,89.444,778.58,385.02,0.834,80.907,19.99,3.0,0,1,Critical
WDG4-1005,WDG4,CR,2020,1,105,-32,83.207,3.546,1.522,94.355,77.122,60.768,914.407,322.75,1.754,71.184,24.746,4.465,104,0,Low
WDG4-1005,WDG4,CR,2020,2,105,-30,85.409,3.519,2.088,92.224,80.864,55.906,919.612,326.271,1.811,77.509,24.331,4.28,103,0,Low
WDG4-1005,WDG4,CR,2020,3,105,-28,80.921,3.51,2.117,95.091,72.727,59.049,918.213,317.379,1.831,70.977,23.428,4.321,102,0,Low
WDG4-1005,WDG4,CR,2020,4,105,-26,82.334,3.694,2.114,93.187,75.987,62.897,925.946,322.774,1.786,68.299,24.646,4.22,101,0,Low
WDG4-1005,WDG4,CR,2020,5,105,-24,84.891,3.405,1.896,94.476,74.418,58.192,877.144,317.758,1.851,77.346,23.324,3.979,100,0,Low
WDG4-1005,WDG4,CR,2020,6,105,-22,84.403,3.701,1.803,91.164,67.758,62.173,869.789,314.591,1.734,81.211,24.26,4.387,99,0,Low
WDG4-1005,WDG4,CR,2020,7,105,-20,83.445,3.513,1.822,94.034,74.22,61.595,864.545,314.772,1.807,64.398,23.917,4.225,98,0,Low
WDG4-1005,WDG4,CR,2020,8,105,-18,86.223,3.442,2.019,94.279,70.262,60.194,928.96,324.63,1.803,77.198,24.663,4.483,97,0,Low
WDG4-1005,WDG4,CR,2020,9,105,-16,84.884,3.164,1.834,95.773,70.809,60.003,890.47,298.445,1.859,80.907,23.553,4.438,96,0,Low
WDG4-1005,WDG4,CR,2020,10,105,-14,81.504,3.205,2.013,97.039,75.519,60.567,889.611,350.299,1.686,79.895,24.121,3.887,95,0,Low
WDG4-1005,WDG4,CR,2020,11,105,-12,83.278,3.414,2.17,93.678,71.519,56.69,905.451,318.182,1.712,68.661,23.676,4.337,94,0,Low
WDG4-1005,WDG4,CR,2020,12,105,-10,89.668,3.278,1.562,92.935,77.683,57.013,914.653,335.953,1.702,71.323,23.771,4.051,93,0,Low
WDG4-1005,WDG4,CR,2020,13,105,-8,79.543,3.353,1.859,97.315,69.216,59.587,932.636,353.978,1.966,72.989,24.025,4.111,92,0,Low
WDG4-1005,WDG4,CR,2020,14,105,-6,79.475,3.787,1.899,93.144,73.504,59.012,884.043,311.396,1.84,79.036,24.304,4.212,91,0,Low
WDG4-1005,WDG4,CR,2020,15,105,-4,82.427,3.273,2.36,90.389,77.984,59.613,891.608,331.509,1.799,64.287,23.855,4.483,90,0,Low
WDG4-1005,WDG4,CR,2020,16,105,-2,81.483,3.516,1.873,89.456,74.75,62.086,913.818,338.731,1.744,79.259,23.476,4.284,89,0,Low
WDG4-1005,WDG4,CR,2020,17,105,0,78.941,3.529,2.258,95.167,71.978,62.88,918.859,330.377,1.787,67.037,24.339,4.599,88,0,Low
WDG4-1005,WDG4,CR,2020,18,105,2,82.449,3.497,2.333,95.625,77.387,62.401,897.25,308.222,1.906,59.014,24.071,4.264,87,0,Low
WDG4-1005,WDG4,CR,2020,19,105,4,81.389,3.417,1.9,95.559,80.858,63.089,919.0,325.057,1.779,75.72,24.345,3.975,86,0,Low
WDG4-1005,WDG4,CR,2020,20,105,6,79.338,3.436,2.502,93.642,74.377,63.071,935.064,330.252,1.867,76.998,23.566,4.131,85,0,Low
WDG4-1005,WDG4,CR,2020,21,105,8,82.81,3.384,1.424,95.293,72.429,59.965,912.648,318.724,1.569,71.824,24.554,4.091,84,0,Low
WDG4-1005,WDG4,CR,2020,22,105,10,88.329,3.241,1.953,93.592,77.725,63.917,894.31,311.28,1.845,72.092,23.634,4.05,83,0,Low
WDG4-1005,WDG4,CR,2020,23,105,12,82.267,3.652,1.879,96.199,73.343,60.341,907.364,331.463,1.896,71.864,24.144,4.001,82,0,Low
WDG4-1005,WDG4,CR,2020,24,105,14,80.81,3.313,1.66,95.61,71.885,62.732,904.375,322.011,1.844,65.568,23.912,4.019,81,0,Low
WDG4-1005,WDG4,CR,2020,25,105,16,81.624,3.516,2.09,94.234,71.089,61.583,878.555,324.112,1.733,70.447,23.35,4.021,80,0,Low
WDG4-1005,WDG4,CR,2020,26,105,18,82.961,3.45,1.41,95.464,76.583,63.943,928.341,312.112,1.652,74.747,22.765,4.218,79,0,Low
WDG4-1005,WDG4,CR,2020,27,105,20,85.549,3.163,2.429,91.545,78.041,60.981,845.26,312.608,1.805,80.695,23.994,4.274,78,0,Low
WDG4-1005,WDG4,CR,2020,28,105,22,78.293,3.259,1.641,92.749,80.251,59.6,901.591,318.476,1.7,66.152,24.373,4.264,77,0,Low
WDG4-1005,WDG4,CR,2020,29,105,24,85.088,3.305,1.664,96.211,71.704,58.361,891.009,324.634,1.731,70.877,24.533,4.263,76,0,Low
WDG4-1005,WDG4,CR,2020,30,105,26,81.079,3.294,2.046,93.229,77.172,56.932,886.421,318.088,1.822,68.086,23.516,4.017,75,0,Low
WDG4-1005,WDG4,CR,2020,31,105,28,81.331,3.306,1.997,93.591,75.915,60.65,892.031,317.47,1.695,71.154,24.157,4.243,74,0,Low
WDG4-1005,WDG4,CR,2020,32,105,30,81.534,3.083,2.208,93.613,76.176,61.505,913.17,329.964,1.869,78.973,24.155,4.228,73,0,Low
WDG4-1005,WDG4,CR,2020,33,105,32,83.436,3.364,1.973,95.025,77.65,61.567,902.94,313.778,1.783,60.029,23.898,4.028,72,0,Low
WDG4-1005,WDG4,CR,2020,34,105,34,83.566,3.396,2.095,94.022,72.232,57.761,878.586,324.9,1.705,76.79,23.644,4.058,71,0,Low
WDG4-1005,WDG4,CR,2020,35,105,36,80.689,3.304,2.491,93.533,73.814,59.403,895.399,319.547,1.814,71.627,24.145,3.974,70,0,Low
WDG4-1005,WDG4,CR,2020,36,105,38,81.951,3.103,1.856,92.859,74.945,58.194,919.396,333.334,1.768,80.243,24.218,3.842,69,0,Low
WDG4-1005,WDG4,CR,2020,37,105,40,84.369,3.464,1.848,93.208,77.093,60.14,892.872,333.243,1.748,66.05,23.541,4.221,68,0,Low
WDG4-1005,WDG4,CR,2020,38,105,42,80.487,3.284,1.527,95.619,75.625,62.21,915.157,320.42,1.606,69.377,24.501,4.252,67,0,Low
WDG4-1005,WDG4,CR,2020,39,105,44,90.101,3.468,1.894,94.165,72.91,60.358,893.1,312.963,1.792,73.023,23.833,4.251,66,0,Low
WDG4-1005,WDG4,CR,2020,40,105,46,83.804,3.375,1.722,92.386,76.619,59.932,906.649,334.47,1.635,71.996,24.491,4.233,65,0,Low
WDG4-1005,WDG4,CR,2020,41,105,48,85.921,3.062,1.519,93.464,76.278,64.089,896.607,322.327,1.801,70.389,23.46,4.224,64,0,Low
WDG4-1005,WDG4,CR,2020,42,105,50,82.944,3.313,2.399,93.188,73.06,61.145,899.879,330.294,1.773,61.026,24.093,4.263,63,0,Low
WDG4-1005,WDG4,CR,2020,43,105,52,85.352,3.201,1.957,93.872,75.635,57.375,887.034,324.328,1.795,66.542,24.018,3.932,62,0,Low
WDG4-1005,WDG4,CR,2020,44,105,54,82.532,3.192,2.279,93.337,73.176,62.434,918.553,305.847,1.702,70.701,24.172,4.204,61,0,Low
WDG4-1005,WDG4,CR,2020,45,105,56,87.605,3.442,2.116,93.231,76.278,57.716,895.912,301.013,1.822,69.632,23.051,4.116,60,0,Medium
WDG4-1005,WDG4,CR,2020,46,105,58,86.884,3.148,2.344,92.421,73.029,60.71,867.719,317.638,1.663,79.544,24.31,3.836,59,0,Medium
WDG4-1005,WDG4,CR,2020,47,105,60,79.587,3.284,2.067,93.724,72.546,64.614,903.981,318.787,1.849,64.883,23.942,4.39,58,0,Medium
WDG4-1005,WDG4,CR,2020,48,105,62,79.113,3.086,2.383,90.262,73.532,59.013,911.08,334.982,1.612,70.074,24.403,4.344,57,0,Medium
WDG4-1005,WDG4,CR,2020,49,105,64,84.322,3.637,2.364,93.168,70.218,62.582,917.773,305.124,1.674,65.609,24.196,3.947,56,0,Medium
WDG4-1005,WDG4,CR,2020,50,105,66,81.531,3.348,2.23,92.243,78.471,57.386,876.974,334.883,1.888,74.955,23.817,4.329,55,0,Medium
WDG4-1005,WDG4,CR,2020,51,105,68,83.85,3.57,2.146,93.495,79.638,59.368,849.386,323.331,1.814,73.009,23.434,4.127,54,0,Medium
WDG4-1005,WDG4,CR,2020,52,105,70,86.349,3.276,2.134,93.482,73.592,62.681,898.489,320.554,1.718,67.787,23.161,4.633,53,0,Medium
WDG4-1005,WDG4,CR,2020,53,105,72,84.795,3.477,2.268,94.973,79.202,61.645,915.476,320.287,1.803,67.806,24.494,3.864,52,0,Medium
WDG4-1005,WDG4,CR,2020,54,105,74,81.238,3.454,2.168,90.885,75.413,59.907,884.953,329.767,1.766,65.966,23.662,4.06,51,0,Medium
WDG4-1005,WDG4,CR,2020,55,105,76,80.206,3.453,2.258,91.154,75.792,60.064,918.968,325.772,1.751,66.179,23.33,3.96,50,0,Medium
WDG4-1005,WDG4,CR,2020,56,105,78,83.687,3.312,1.963,94.593,77.567,59.917,896.046,340.491,1.894,69.675,23.911,4.033,49,0,Medium
WDG4-1005,WDG4,CR,2020,57,105,80,85.171,3.367,1.876,92.963,76.605,62.224,873.253,316.497,1.68,69.997,24.169,4.372,48,0,Medium
WDG4-1005,WDG4,CR,2020,58,105,82,86.967,3.323,2.191,93.234,76.603,62.012,851.657,338.592,1.744,68.508,23.898,4.035,47,0,Medium
WDG4-1005,WDG4,CR,2020,59,105,84,85.923,2.993,1.919,91.883,74.27,61.902,868.876,328.816,1.669,66.398,24.088,4.138,46,0,Medium
WDG4-1005,WDG4,CR,2020,60,105,86,88.59,3.357,2.106,92.933,76.337,63.812,893.629,320.941,1.646,64.866,23.078,4.145,45,0,Medium
WDG4-1005,WDG4,CR,2020,61,105,88,90.903,3.463,1.934,93.39,78.44,59.487,872.446,331.892,1.614,80.123,23.473,4.157,44,0,Medium
WDG4-1005,WDG4,CR,2020,62,105,90,83.379,3.593,1.875,90.257,75.165,62.126,910.452,311.913,1.813,71.063,23.345,3.977,43,0,Medium
WDG4-1005,WDG4,CR,2020,63,105,92,88.526,3.472,2.503,93.903,75.749,61.126,904.382,314.208,1.709,67.938,23.049,3.848,42,0,Medium
WDG4-1005,WDG4,CR,2020,64,105,94,84.622,3.614,2.215,94.0,78.772,59.362,861.556,329.568,1.6,77.465,24.081,3.679,41,0,Medium
WDG4-1005,WDG4,CR,2020,65,105,96,85.826,3.447,1.823,92.634,79.091,63.739,869.383,329.284,1.78,69.121,23.721,4.07,40,0,Medium
WDG4-1005,WDG4,CR,2020,66,105,98,83.691,3.415,2.213,93.848,74.241,63.118,935.718,316.159,1.532,70.358,23.568,4.09,39,0,Medium
WDG4-1005,WDG4,CR,2020,67,105,100,83.109,3.303,1.905,93.072,81.45,60.667,926.319,335.334,1.707,72.684,24.038,3.866,38,0,Medium
WDG4-1005,WDG4,CR,2020,68,105,102,81.715,3.412,1.881,91.347,77.529,59.364,922.31,328.666,1.714,70.849,23.383,4.138,37,0,Medium
WDG4-1005,WDG4,CR,2020,69,105,104,76.945,3.284,2.333,90.991,77.145,61.677,931.486,333.248,1.771,71.708,23.772,4.367,36,0,Medium
WDG4-1005,WDG4,CR,2020,70,105,106,80.574,3.492,2.746,94.971,77.74,61.657,910.425,311.702,1.808,72.878,23.634,4.23,35,0,Medium
WDG4-1005,WDG4,CR,2020,71,105,108,80.93,3.34,2.3,93.087,74.544,60.993,903.78,338.207,1.723,81.1,23.912,4.031,34,0,Medium
WDG4-1005,WDG4,CR,2020,72,105,110,88.27,3.224,2.393,95.325,74.713,59.829,909.836,320.527,1.803,77.772,23.378,4.268,33,0,Medium
WDG4-1005,WDG4,CR,2020,73,105,112,84.012,3.411,2.092,90.248,79.575,60.574,934.947,330.94,1.654,78.781,23.547,3.981,32,0,Medium
WDG4-1005,WDG4,CR,2020,74,105,114,86.66,3.269,1.875,91.91,75.353,60.045,893.334,325.165,1.719,72.665,23.863,3.906,31,0,Medium
WDG4-1005,WDG4,CR,2020,75,105,116,90.761,2.791,2.913,88.174,76.971,65.432,883.923,315.776,1.276,76.017,22.572,3.615,30,1,High
WDG4-1005,WDG4,CR,2020,76,105,118,94.869,2.952,3.155,87.422,82.605,65.299,880.724,340.847,1.443,74.029,23.232,3.516,29,1,High
WDG4-1005,WDG4,CR,2020,77,105,120,92.622,3.083,2.994,91.932,80.578,63.673,906.186,343.673,1.441,72.483,23.193,3.739,28,1,High
WDG4-1005,WDG4,CR,2020,78,105,122,92.994,2.634,2.755,87.875,80.381,66.185,878.703,364.207,1.521,63.487,22.612,3.844,27,1,High
WDG4-1005,WDG4,CR,2020,79,105,124,92.397,2.791,3.588,89.654,80.456,66.595,877.853,341.014,1.436,75.922,23.308,3.688,26,1,High
WDG4-1005,WDG4,CR,2020,80,105,126,91.005,2.689,3.028,88.302,85.248,69.469,867.421,343.995,1.542,73.445,22.614,3.474,25,1,High
WDG4-1005,WDG4,CR,2020,81,105,128,92.284,2.832,3.27,90.504,79.509,68.639,882.512,332.878,1.369,67.184,23.613,3.555,24,1,High
WDG4-1005,WDG4,CR,2020,82,105,130,89.708,2.789,3.885,86.304,78.277,67.759,876.006,343.818,1.421,69.324,23.347,3.621,23,1,High
WDG4-1005,WDG4,CR,2020,83,105,132,94.63,2.692,3.843,91.346,86.017,67.324,883.346,370.632,1.401,81.183,22.954,3.753,22,1,High
WDG4-1005,WDG4,CR,2020,84,105,134,92.718,2.829,3.89,87.466,83.575,71.54,887.279,354.904,1.334,70.024,22.35,3.932,21,1,High
WDG4-1005,WDG4,CR,2020,85,105,136,93.757,2.613,3.803,91.795,84.534,66.474,850.539,343.545,1.426,76.987,22.867,3.65,20,1,High
WDG4-1005,WDG4,CR,2020,86,105,138,98.604,2.556,4.415,89.343,88.707,72.232,883.576,341.718,1.519,64.92,22.524,3.212,19,1,High
WDG4-1005,WDG4,CR,2020,87,105,140,90.358,2.816,4.039,88.219,82.495,68.149,861.437,363.045,1.397,60.056,22.36,3.191,18,1,High
WDG4-1005,WDG4,CR,2020,88,105,142,96.313,2.521,4.165,86.127,84.941,75.644,859.163,360.3,1.467,71.037,22.712,3.82,17,1,High
WDG4-1005,WDG4,CR,2020,89,105,144,100.955,2.383,4.646,86.488,90.997,70.929,844.905,359.433,1.329,73.614,22.136,3.557,16,1,High
WDG4-1005,WDG4,CR,2020,90,105,146,93.998,2.404,4.209,87.188,85.99,70.035,853.167,362.319,1.215,67.951,22.443,3.507,15,1,High
WDG4-1005,WDG4,CR,2020,91,105,148,100.37,2.698,5.11,87.713,87.426,75.858,869.577,361.974,1.287,63.703,22.632,3.34,14,1,High
WDG4-1005,WDG4,CR,2020,92,105,150,101.965,2.271,5.032,84.344,85.734,70.501,818.051,365.858,1.218,72.778,21.67,3.358,13,1,High
WDG4-1005,WDG4,CR,2020,93,105,152,98.042,1.878,4.973,84.339,93.819,73.444,789.337,379.743,1.213,78.995,22.696,3.609,12,1,High
WDG4-1005,WDG4,CR,2020,94,105,154,101.375,2.394,5.099,84.544,88.146,75.269,849.093,354.094,1.127,74.354,22.395,3.28,11,1,High
WDG4-1005,WDG4,CR,2020,95,105,156,108.642,2.436,5.307,83.887,92.574,76.915,858.021,366.108,1.205,70.23,21.31,3.137,10,1,Critical
WDG4-1005,WDG4,CR,2020,96,105,158,108.816,2.152,6.006,81.294,93.767,72.827,821.907,377.556,1.011,73.976,21.844,3.617,9,1,Critical
WDG4-1005,WDG4,CR,2020,97,105,160,109.345,2.089,5.408,87.049,96.041,80.636,848.738,382.437,1.115,73.405,21.516,3.182,8,1,Critical
WDG4-1005,WDG4,CR,2020,98,105,162,114.542,1.783,5.912,81.506,94.575,82.937,802.249,361.732,1.06,85.168,21.493,3.262,7,1,Critical
WDG4-1005,WDG4,CR,2020,99,105,164,115.331,2.08,6.513,79.857,100.634,82.074,826.957,371.084,1.07,71.636,21.246,3.362,6,1,Critical
WDG4-1005,WDG4,CR,2020,100,105,166,113.23,1.968,6.933,81.376,99.051,82.919,812.422,400.26,0.929,78.326,20.846,3.033,5,1,Critical
WDG4-1005,WDG4,CR,2020,101,105,168,120.876,1.987,7.383,78.963,100.835,82.193,803.756,385.633,1.12,76.384,21.157,2.938,4,1,Critical
WDG4-1005,WDG4,CR,2020,102,105,170,120.569,1.806,7.508,78.918,99.867,86.801,804.369,398.52,0.98,70.31,20.482,2.844,3,1,Critical
WDG4-1005,WDG4,CR,2020,103,105,172,120.079,1.709,7.386,79.85,102.876,87.318,801.895,398.071,1.034,67.804,20.766,2.727,2,1,Critical
WDG4-1005,WDG4,CR,2020,104,105,174,123.4,1.713,7.505,78.658,99.924,87.21,825.069,399.925,0.906,80.147,20.717,2.981,1,1,Critical
WDG4-1005,WDG4,CR,2020,105,105,176,124.254,1.721,8.514,78.347,103.962,93.184,770.033,394.572,0.786,73.0,20.231,2.668,0,1,Critical
WAG9-1006,WAG9,ER,2019,1,137,-14,86.259,3.694,2.19,93.011,77.756,58.62,894.055,315.391,1.974,76.384,24.042,4.143,136,0,Low
WAG9-1006,WAG9,ER,2019,2,137,-12,84.101,3.589,2.038,93.708,75.555,61.883,899.589,324.57,1.872,70.31,23.521,4.1,135,0,Low
WAG9-1006,WAG9,ER,2019,3,137,-10,81.694,3.571,1.629,95.409,77.286,61.006,902.214,320.28,1.965,67.804,23.964,4.037,134,0,Low
WAG9-1006,WAG9,ER,2019,4,137,-8,83.031,3.657,1.449,95.011,73.011,59.456,930.664,318.158,1.878,80.147,24.081,4.346,133,0,Low
WAG9-1006,WAG9,ER,2019,5,137,-6,81.834,3.749,2.151,95.522,75.682,63.939,881.083,308.697,1.8,73.0,23.766,4.089,132,0,Low
WAG9-1006,WAG9,ER,2019,6,137,-4,76.664,3.374,2.039,94.512,72.969,58.935,911.685,313.012,1.747,75.587,24.145,4.667,131,0,Low
WAG9-1006,WAG9,ER,2019,7,137,-2,81.356,3.338,2.385,91.863,73.946,60.839,887.457,325.85,1.752,67.125,23.427,4.121,130,0,Low
WAG9-1006,WAG9,ER,2019,8,137,0,85.972,3.721,1.717,94.355,76.947,61.421,919.348,317.48,1.737,78.276,23.34,3.706,129,0,Low
WAG9-1006,WAG9,ER,2019,9,137,2,83.131,3.585,2.323,94.734,78.875,58.341,893.472,320.511,1.652,72.692,24.179,4.25,128,0,Low
WAG9-1006,WAG9,ER,2019,10,137,4,83.101,2.961,2.32,94.802,76.899,58.748,892.331,325.711,1.555,77.551,24.034,3.775,127,0,Low
WAG9-1006,WAG9,ER,2019,11,137,6,76.175,3.738,1.317,93.01,69.956,55.08,924.869,315.616,1.656,70.444,23.75,4.059,126,0,Low
WAG9-1006,WAG9,ER,2019,12,137,8,79.335,3.384,1.746,93.507,75.328,59.588,888.759,329.698,1.809,75.001,23.269,4.291,125,0,Low
WAG9-1006,WAG9,ER,2019,13,137,10,85.831,3.244,2.067,95.471,77.809,60.477,893.713,308.593,1.791,71.24,24.499,4.118,124,0,Low
WAG9-1006,WAG9,ER,2019,14,137,12,80.281,3.392,1.679,92.416,73.379,62.815,897.395,302.938,1.762,69.863,24.819,4.219,123,0,Low
WAG9-1006,WAG9,ER,2019,15,137,14,82.354,3.613,2.003,92.003,79.259,63.956,904.267,322.016,1.796,69.766,23.785,3.875,122,0,Low
WAG9-1006,WAG9,ER,2019,16,137,16,82.673,3.47,1.508,93.656,74.937,64.753,894.479,311.415,1.799,74.232,24.031,3.762,121,0,Low
WAG9-1006,WAG9,ER,2019,17,137,18,80.157,3.215,1.801,91.361,75.123,62.829,870.663,317.614,1.599,68.209,24.746,4.458,120,0,Low
WAG9-1006,WAG9,ER,2019,18,137,20,80.502,3.514,2.271,95.235,76.604,60.803,901.892,319.743,1.755,72.588,24.114,4.267,119,0,Low
WAG9-1006,WAG9,ER,2019,19,137,22,86.699,3.206,2.064,92.074,80.092,66.517,892.504,319.844,1.809,66.952,24.448,4.125,118,0,Low
WAG9-1006,WAG9,ER,2019,20,137,24,84.406,3.371,1.692,94.712,77.026,61.412,929.342,315.465,1.849,73.408,23.478,4.223,117,0,Low
WAG9-1006,WAG9,ER,2019,21,137,26,87.612,3.531,1.685,91.278,74.422,62.514,878.243,324.743,1.678,75.446,23.554,4.389,116,0,Low
WAG9-1006,WAG9,ER,2019,22,137,28,83.06,3.182,2.092,91.114,76.108,58.928,896.813,315.749,1.736,74.138,24.348,4.089,115,0,Low
WAG9-1006,WAG9,ER,2019,23,137,30,86.382,3.453,1.832,94.826,78.407,58.731,905.739,323.336,1.781,62.005,23.602,3.888,114,0,Low
WAG9-1006,WAG9,ER,2019,24,137,32,81.893,3.281,1.783,91.251,77.34,59.236,879.38,316.747,1.801,64.534,24.384,3.964,113,0,Low
WAG9-1006,WAG9,ER,2019,25,137,34,78.89,3.517,1.879,93.775,76.72,56.009,878.724,303.637,1.85,70.598,24.119,4.048,112,0,Low
WAG9-1006,WAG9,ER,2019,26,137,36,82.064,3.429,1.26,93.137,81.703,63.029,905.082,319.832,1.764,62.49,24.198,4.067,111,0,Low
WAG9-1006,WAG9,ER,2019,27,137,38,86.132,3.384,2.968,91.574,75.749,57.873,866.455,309.131,1.844,75.02,24.078,4.246,110,0,Low
WAG9-1006,WAG9,ER,2019,28,137,40,80.902,3.398,2.205,94.653,73.137,60.786,867.697,320.953,1.768,73.539,24.039,3.923,109,0,Low
WAG9-1006,WAG9,ER,2019,29,137,42,87.187,3.583,2.04,95.079,74.979,59.73,898.301,323.083,1.804,75.168,24.413,4.459,108,0,Low
WAG9-1006,WAG9,ER,2019,30,137,44,86.599,3.375,2.32,93.493,79.941,57.36,926.481,328.032,1.772,73.408,23.258,4.557,107,0,Low
WAG9-1006,WAG9,ER,2019,31,137,46,88.765,3.441,1.46,94.712,74.645,63.426,916.457,320.036,1.744,73.559,23.807,4.172,106,0,Low
WAG9-1006,WAG9,ER,2019,32,137,48,81.158,3.466,2.177,93.98,77.487,59.89,879.338,322.713,1.879,70.91,24.025,4.142,105,0,Low
WAG9-1006,WAG9,ER,2019,33,137,50,83.409,3.489,2.089,93.674,77.105,60.852,895.259,316.415,1.702,74.066,24.51,4.181,104,0,Low
WAG9-1006,WAG9,ER,2019,34,137,52,87.214,3.189,1.93,90.477,75.256,59.237,909.29,312.063,1.784,70.092,23.662,4.081,103,0,Low
WAG9-1006,WAG9,ER,2019,35,137,54,83.569,3.22,1.494,95.071,73.007,61.195,880.249,340.334,1.811,70.41,24.286,3.973,102,0,Low
WAG9-1006,WAG9,ER,2019,36,137,56,82.341,3.521,2.097,92.912,77.882,60.518,918.315,332.216,1.762,67.882,23.561,4.33,101,0,Low
WAG9-1006,WAG9,ER,2019,37,137,58,89.973,3.546,1.985,93.851,76.749,60.908,893.393,315.021,1.678,70.161,24.19,3.562,100,0,Low
WAG9-1006,WAG9,ER,2019,38,137,60,86.218,3.457,1.895,95.097,77.633,60.246,917.926,320.592,1.704,78.474,24.295,4.047,99,0,Low
WAG9-1006,WAG9,ER,2019,39,137,62,82.352,3.648,2.13,93.325,72.112,62.303,884.219,296.092,1.742,66.427,23.675,4.264,98,0,Low
WAG9-1006,WAG9,ER,2019,40,137,64,86.736,3.381,2.667,93.621,74.97,60.285,919.992,335.986,1.674,77.226,23.865,3.9,97,0,Low
WAG9-1006,WAG9,ER,2019,41,137,66,83.957,3.492,2.144,93.923,72.038,58.368,893.452,316.869,1.664,70.269,24.121,4.247,96,0,Low
WAG9-1006,WAG9,ER,2019,42,137,68,87.084,3.377,2.077,94.61,78.566,60.628,918.825,326.922,1.729,63.478,24.129,4.117,95,0,Low
WAG9-1006,WAG9,ER,2019,43,137,70,87.02,3.492,2.086,92.161,74.903,68.803,945.492,337.559,1.703,65.447,24.178,4.25,94,0,Low
WAG9-1006,WAG9,ER,2019,44,137,72,80.771,3.688,1.822,92.689,77.989,65.039,911.536,334.277,1.903,72.046,23.665,4.25,93,0,Low
WAG9-1006,WAG9,ER,2019,45,137,74,85.731,3.247,2.317,90.759,76.657,61.891,908.346,327.939,1.707,68.683,23.636,4.119,92,0,Low
WAG9-1006,WAG9,ER,2019,46,137,76,79.841,3.354,1.766,92.371,77.024,61.268,937.358,324.493,1.77,79.267,23.526,4.082,91,0,Low
WAG9-1006,WAG9,ER,2019,47,137,78,85.249,3.686,2.344,92.009,76.907,59.312,871.113,320.68,1.685,75.928,24.192,4.314,90,0,Low
WAG9-1006,WAG9,ER,2019,48,137,80,80.291,3.572,1.902,91.16,73.845,62.301,909.478,321.421,1.709,73.426,23.969,4.14,89,0,Low
WAG9-1006,WAG9,ER,2019,49,137,82,87.25,3.2,1.755,91.396,74.797,62.231,898.111,305.152,1.693,66.505,23.813,4.128,88,0,Low
WAG9-1006,WAG9,ER,2019,50,137,84,85.42,3.471,2.572,94.518,76.983,61.714,883.561,327.921,1.851,70.202,24.506,3.627,87,0,Low
WAG9-1006,WAG9,ER,2019,51,137,86,86.406,3.538,2.153,96.173,79.851,66.031,923.525,330.685,1.829,72.996,23.767,4.266,86,0,Low
WAG9-1006,WAG9,ER,2019,52,137,88,86.655,3.405,2.149,93.386,76.776,58.718,889.001,332.741,1.716,70.15,23.846,4.13,85,0,Low
WAG9-1006,WAG9,ER,2019,53,137,90,83.542,3.343,2.12,94.41,76.483,63.309,895.19,321.991,1.728,66.274,23.969,3.8,84,0,Low
WAG9-1006,WAG9,ER,2019,54,137,92,81.999,3.298,2.709,93.414,77.587,61.651,933.153,325.315,1.681,76.573,23.483,4.111,83,0,Low
WAG9-1006,WAG9,ER,2019,55,137,94,85.3,3.081,2.165,93.585,74.987,60.273,890.965,319.367,1.76,70.235,23.68,4.025,82,0,Low
WAG9-1006,WAG9,ER,2019,56,137,96,81.4,3.701,2.377,92.908,79.187,58.641,862.613,316.521,1.78,70.243,23.707,4.215,81,0,Low
WAG9-1006,WAG9,ER,2019,57,137,98,84.922,3.079,2.715,94.303,76.732,60.253,921.698,316.373,1.882,71.553,24.171,3.989,80,0,Low
WAG9-1006,WAG9,ER,2019,58,137,100,83.876,3.525,2.352,94.309,75.593,61.425,866.673,317.588,1.83,66.57,23.719,4.38,79,0,Low
WAG9-1006,WAG9,ER,2019,59,137,102,78.541,3.43,2.136,94.704,78.401,58.092,922.318,319.529,1.798,66.683,24.264,4.132,78,0,Low
WAG9-1006,WAG9,ER,2019,60,137,104,83.226,3.342,2.073,90.446,78.181,64.882,897.145,318.762,1.786,73.194,23.975,4.431,77,0,Low
WAG9-1006,WAG9,ER,2019,61,137,106,87.596,3.474,2.543,91.593,76.068,65.48,871.715,329.575,1.769,78.043,23.581,4.287,76,0,Low
WAG9-1006,WAG9,ER,2019,62,137,108,84.762,3.294,1.936,96.326,78.068,58.276,886.061,350.597,1.758,76.914,23.548,4.28,75,0,Low
WAG9-1006,WAG9,ER,2019,63,137,110,79.907,3.411,2.175,94.59,75.286,62.811,873.558,332.092,1.802,72.258,23.195,4.433,74,0,Low
WAG9-1006,WAG9,ER,2019,64,137,112,87.036,3.28,2.201,92.769,79.134,58.764,869.686,307.913,1.675,83.537,23.717,3.792,73,0,Low
WAG9-1006,WAG9,ER,2019,65,137,114,83.65,3.783,2.09,93.228,77.501,61.856,872.792,317.926,1.772,73.029,23.588,3.974,72,0,Low
WAG9-1006,WAG9,ER,2019,66,137,116,80.673,3.317,2.042,91.917,75.391,61.921,886.202,326.538,1.667,70.484,23.734,4.137,71,0,Low
WAG9-1006,WAG9,ER,2019,67,137,118,83.543,3.329,2.525,93.373,72.833,60.776,888.065,313.442,1.68,71.51,24.188,4.19,70,0,Low
WAG9-1006,WAG9,ER,2019,68,137,120,77.816,3.438,2.447,90.173,73.9,64.191,909.522,328.065,1.628,75.619,23.589,4.221,69,0,Low
WAG9-1006,WAG9,ER,2019,69,137,122,82.293,3.196,2.444,91.569,75.7,59.332,906.374,320.386,1.781,68.804,23.81,4.014,68,0,Low
WAG9-1006,WAG9,ER,2019,70,137,124,78.083,3.455,1.987,94.823,76.251,56.425,874.178,329.121,1.762,75.644,24.775,4.133,67,0,Low
WAG9-1006,WAG9,ER,2019,71,137,126,86.101,3.53,2.613,95.825,78.112,60.115,887.086,334.126,1.659,72.213,23.434,3.878,66,0,Low
WAG9-1006,WAG9,ER,2019,72,137,128,89.43,3.092,2.05,93.79,75.345,60.936,890.837,325.792,1.761,70.078,24.111,4.067,65,0,Low
WAG9-1006,WAG9,ER,2019,73,137,130,85.743,3.455,2.644,92.986,80.802,59.485,858.896,307.191,1.795,80.832,24.08,4.082,64,0,Low
WAG9-1006,WAG9,ER,2019,74,137,132,86.228,3.567,1.871,91.603,76.362,61.381,910.664,310.136,1.918,77.26,23.832,3.963,63,0,Low
WAG9-1006,WAG9,ER,2019,75,137,134,88.751,3.333,2.449,95.885,71.891,60.724,901.222,317.019,1.715,74.841,23.365,4.347,62,0,Low
WAG9-1006,WAG9,ER,2019,76,137,136,82.444,3.471,2.017,90.553,77.568,64.241,868.06,316.577,1.731,75.361,23.843,4.126,61,0,Low
WAG9-1006,WAG9,ER,2019,77,137,138,84.306,3.215,2.835,93.23,75.546,61.471,895.033,342.111,1.638,79.195,23.893,3.85,60,0,Medium
WAG9-1006,WAG9,ER,2019,78,137,140,85.72,3.039,1.984,91.918,74.735,64.724,911.517,333.985,1.758,78.959,23.212,4.12,59,0,Medium
WAG9-1006,WAG9,ER,2019,79,137,142,86.526,3.265,2.646,92.915,72.949,65.181,848.241,336.766,1.66,76.242,23.346,4.173,58,0,Medium
WAG9-1006,WAG9,ER,2019,80,137,144,83.903,3.18,2.538,92.95,75.804,57.547,901.597,318.173,1.796,66.364,23.071,4.078,57,0,Medium
WAG9-1006,WAG9,ER,2019,81,137,146,88.599,3.429,2.244,91.86,75.855,60.813,864.998,338.984,1.676,74.546,23.704,3.91,56,0,Medium
WAG9-1006,WAG9,ER,2019,82,137,148,89.411,3.425,1.956,92.99,78.102,61.401,875.121,327.847,1.639,75.392,23.026,4.41,55,0,Medium
WAG9-1006,WAG9,ER,2019,83,137,150,93.021,3.332,2.545,93.162,74.238,62.205,920.914,314.083,1.628,63.708,23.273,4.026,54,0,Medium
WAG9-1006,WAG9,ER,2019,84,137,152,89.37,3.395,1.936,93.318,75.701,60.577,896.415,321.804,1.675,67.576,23.243,4.073,53,0,Medium
WAG9-1006,WAG9,ER,2019,85,137,154,82.913,3.261,2.403,92.576,74.916,62.551,885.538,322.911,1.835,74.982,23.488,3.937,52,0,Medium
WAG9-1006,WAG9,ER,2019,86,137,156,86.156,3.292,2.36,91.634,75.828,62.364,919.394,332.356,1.827,71.854,23.698,3.603,51,0,Medium
WAG9-1006,WAG9,ER,2019,87,137,158,85.609,3.132,2.09,92.089,80.722,63.96,879.33,323.78,1.596,71.645,23.769,4.034,50,0,Medium
WAG9-1006,WAG9,ER,2019,88,137,160,79.644,3.356,2.718,90.332,81.231,60.384,867.695,320.575,1.671,73.062,23.294,3.73,49,0,Medium
WAG9-1006,WAG9,ER,2019,89,137,162,88.021,3.468,2.155,91.249,74.227,62.657,886.383,331.287,1.783,68.191,24.325,4.278,48,0,Medium
WAG9-1006,WAG9,ER,2019,90,137,164,83.923,3.13,2.582,94.28,79.003,59.606,890.857,330.503,1.681,69.666,22.985,4.13,47,0,Medium
WAG9-1006,WAG9,ER,2019,91,137,166,82.108,3.41,2.957,95.622,82.346,57.809,873.275,324.346,1.645,70.522,24.336,3.775,46,0,Medium
WAG9-1006,WAG9,ER,2019,92,137,168,82.896,3.157,2.117,92.853,76.298,62.244,886.557,330.608,1.624,74.796,23.065,4.063,45,0,Medium
WAG9-1006,WAG9,ER,2019,93,137,170,86.996,3.124,2.368,92.184,76.129,61.927,892.362,351.692,1.696,79.379,23.679,3.839,44,0,Medium
WAG9-1006,WAG9,ER,2019,94,137,172,85.342,3.213,2.331,92.634,76.303,61.81,922.451,318.756,1.764,67.367,23.549,4.076,43,0,Medium
WAG9-1006,WAG9,ER,2019,95,137,174,87.085,3.251,2.492,90.572,82.824,63.378,880.352,341.87,1.727,79.005,23.516,3.886,42,0,Medium
WAG9-1006,WAG9,ER,2019,96,137,176,86.09,3.268,2.489,92.753,78.288,59.264,869.854,322.124,1.714,65.144,23.504,3.982,41,0,Medium
WAG9-1006,WAG9,ER,2019,97,137,178,85.95,3.286,1.422,95.142,78.912,61.925,890.392,320.78,1.733,78.829,23.973,3.872,40,0,Medium
WAG9-1006,WAG9,ER,2019,98,137,180,86.914,3.156,2.55,91.296,79.536,61.488,873.714,316.293,1.703,71.415,23.208,3.919,39,0,Medium
WAG9-1006,WAG9,ER,2019,99,137,0,85.792,3.135,2.191,91.8,83.577,62.932,860.15,336.086,1.632,63.468,23.872,4.394,38,0,Medium
WAG9-1006,WAG9,ER,2019,100,137,2,81.657,3.453,2.35,91.601,75.903,64.297,873.577,323.246,1.605,67.963,23.74,3.969,37,0,Medium
WAG9-1006,WAG9,ER,2019,101,137,4,85.954,3.398,2.135,91.66,76.993,61.886,900.385,320.361,1.67,79.644,24.019,3.671,36,0,Medium
WAG9-1006,WAG9,ER,2019,102,137,6,89.172,3.433,2.444,91.315,75.496,63.37,913.297,338.624,1.694,64.394,23.78,3.809,35,0,Medium
WAG9-1006,WAG9,ER,2019,103,137,8,82.411,3.438,2.076,93.219,77.536,62.171,899.777,327.952,1.671,72.318,23.848,4.224,34,0,Medium
WAG9-1006,WAG9,ER,2019,104,137,10,82.332,3.274,2.426,91.869,79.162,61.469,899.901,325.899,1.853,75.987,23.141,3.906,33,0,Medium
WAG9-1006,WAG9,ER,2019,105,137,12,86.584,3.042,1.985,94.745,80.805,62.536,891.307,324.6,1.716,72.324,23.657,4.228,32,0,Medium
WAG9-1006,WAG9,ER,2019,106,137,14,82.57,3.258,2.485,91.07,79.79,61.569,871.551,323.495,1.666,71.003,24.119,4.015,31,0,Medium
WAG9-1006,WAG9,ER,2019,107,137,16,96.951,2.302,3.649,89.574,83.733,66.265,872.06,345.806,1.378,67.53,23.167,3.736,30,1,High
WAG9-1006,WAG9,ER,2019,108,137,18,95.913,2.563,3.468,86.379,83.739,67.59,874.41,329.587,1.306,66.374,23.768,3.297,29,1,High
WAG9-1006,WAG9,ER,2019,109,137,20,96.758,2.92,3.663,87.058,87.383,66.201,819.89,360.896,1.152,73.746,22.609,3.793,28,1,High
WAG9-1006,WAG9,ER,2019,110,137,22,97.706,2.563,3.458,86.225,85.42,68.44,889.195,365.722,1.368,80.998,23.414,3.784,27,1,High
WAG9-1006,WAG9,ER,2019,111,137,24,91.907,2.413,3.963,90.603,83.05,67.813,873.872,343.625,1.388,76.147,23.402,3.581,26,1,High
WAG9-1006,WAG9,ER,2019,112,137,26,93.12,2.833,4.216,89.28,87.721,65.721,871.77,342.578,1.421,74.037,23.382,3.639,25,1,High
WAG9-1006,WAG9,ER,2019,113,137,28,97.661,2.811,4.047,87.313,86.059,71.548,886.452,354.996,1.477,74.956,22.212,3.403,24,1,High
WAG9-1006,WAG9,ER,2019,114,137,30,100.358,2.489,3.851,87.607,84.496,67.251,863.031,354.059,1.227,71.8,22.566,3.854,23,1,High
WAG9-1006,WAG9,ER,2019,115,137,32,100.942,2.436,4.601,88.177,83.454,68.615,825.669,349.723,1.201,80.874,23.115,3.828,22,1,High
WAG9-1006,WAG9,ER,2019,116,137,34,99.869,2.399,3.62,83.533,85.177,69.851,850.545,341.032,1.293,70.043,22.42,3.132,21,1,High
WAG9-1006,WAG9,ER,2019,117,137,36,97.198,2.256,4.236,85.699,82.476,71.582,849.731,358.4,1.228,67.219,22.948,3.406,20,1,High
WAG9-1006,WAG9,ER,2019,118,137,38,101.004,2.091,4.575,86.595,84.373,69.685,881.469,353.259,1.335,76.102,22.783,3.508,19,1,High
WAG9-1006,WAG9,ER,2019,119,137,40,104.197,2.441,4.781,86.348,86.185,71.654,876.504,358.333,1.328,73.125,22.077,3.226,18,1,High
WAG9-1006,WAG9,ER,2019,120,137,42,102.489,2.257,4.561,85.947,89.569,74.03,870.246,361.276,1.232,76.051,22.651,3.004,17,1,High
WAG9-1006,WAG9,ER,2019,121,137,44,102.699,2.243,4.974,83.163,89.023,75.789,853.632,363.462,1.162,73.019,22.657,3.243,16,1,High
WAG9-1006,WAG9,ER,2019,122,137,46,106.39,2.403,5.097,81.284,92.656,74.976,819.906,356.6,1.163,72.027,22.354,3.505,15,1,High
WAG9-1006,WAG9,ER,2019,123,137,48,104.591,2.229,5.518,84.402,92.606,72.664,824.929,363.21,1.099,67.619,22.077,2.939,14,1,High
WAG9-1006,WAG9,ER,2019,124,137,50,101.538,2.142,5.549,84.068,92.535,75.562,780.307,370.179,1.141,72.762,22.739,2.898,13,1,High
WAG9-1006,WAG9,ER,2019,125,137,52,108.126,1.998,5.39,83.644,91.423,76.895,829.724,365.905,1.206,66.751,21.582,2.962,12,1,High
WAG9-1006,WAG9,ER,2019,126,137,54,109.569,1.71,5.76,84.038,98.26,75.419,803.477,373.707,1.142,62.288,21.854,3.088,11,1,High
WAG9-1006,WAG9,ER,2019,127,137,56,109.905,1.972,6.254,79.578,98.196,77.044,833.788,386.255,1.025,77.95,21.915,3.137,10,1,Critical
WAG9-1006,WAG9,ER,2019,128,137,58,110.683,1.906,6.553,82.451,97.579,77.623,824.968,388.117,0.946,74.117,21.969,3.012,9,1,Critical
WAG9-1006,WAG9,ER,2019,129,137,60,113.598,1.836,6.938,82.768,95.811,75.01,827.681,386.386,0.963,75.173,21.402,3.163,8,1,Critical
WAG9-1006,WAG9,ER,2019,130,137,62,116.855,1.712,6.951,82.593,100.634,83.93,814.4,396.501,1.033,66.3,21.192,3.558,7,1,Critical
WAG9-1006,WAG9,ER,2019,131,137,64,117.138,1.497,7.342,81.191,99.653,83.233,802.505,388.558,0.884,68.892,21.364,2.746,6,1,Critical
WAG9-1006,WAG9,ER,2019,132,137,66,123.9,1.772,7.136,79.679,102.351,85.003,784.402,364.911,0.895,66.279,20.664,3.076,5,1,Critical
WAG9-1006,WAG9,ER,2019,133,137,68,118.783,1.443,7.864,77.52,101.289,85.182,818.099,386.309,0.883,73.565,20.893,2.984,4,1,Critical
WAG9-1006,WAG9,ER,2019,134,137,70,125.038,1.471,7.783,78.502,101.989,82.571,780.959,418.138,0.715,81.249,21.178,2.721,3,1,Critical
WAG9-1006,WAG9,ER,2019,135,137,72,123.706,1.313,8.193,75.675,104.387,87.349,785.23,408.072,0.721,75.926,20.344,2.719,2,1,Critical
WAG9-1006,WAG9,ER,2019,136,137,74,124.002,1.277,8.416,77.095,106.07,89.57,785.543,399.481,0.748,75.332,20.819,2.355,1,1,Critical
WAG9-1006,WAG9,ER,2019,137,137,76,130.815,1.153,8.406,75.454,104.162,95.841,801.018,424.141,0.568,74.822,20.189,2.728,0,1,Critical
WDG4-1007,WDG4,ER,2016,1,169,-18,82.354,3.638,1.595,93.16,74.593,59.786,909.385,312.861,1.79,79.644,24.319,3.851,168,0,Low
WDG4-1007,WDG4,ER,2016,2,169,-16,85.572,3.673,1.904,92.815,73.096,61.27,922.297,331.124,1.814,64.394,24.08,3.989,167,0,Low
WDG4-1007,WDG4,ER,2016,3,169,-14,78.811,3.678,1.536,94.719,75.136,60.071,908.777,320.452,1.791,72.318,24.148,4.404,166,0,Low
WDG4-1007,WDG4,ER,2016,4,169,-12,78.732,3.514,1.886,93.369,76.762,59.369,908.901,318.399,1.973,75.987,23.441,4.086,165,0,Low
WDG4-1007,WDG4,ER,2016,5,169,-10,82.984,3.282,1.445,96.245,78.405,60.436,900.307,317.1,1.836,72.324,23.957,4.408,164,0,Low
WDG4-1007,WDG4,ER,2016,6,169,-8,78.97,3.498,1.945,92.57,77.39,59.469,880.551,315.995,1.786,71.003,24.419,4.195,163,0,Low
WDG4-1007,WDG4,ER,2016,7,169,-6,84.363,3.141,1.761,94.819,75.341,58.922,903.53,319.581,1.798,67.53,24.216,4.365,162,0,Low
WDG4-1007,WDG4,ER,2016,8,169,-4,83.208,3.409,1.562,91.672,75.269,60.173,906.179,303.121,1.729,66.374,24.827,3.932,161,0,Low
WDG4-1007,WDG4,ER,2016,9,169,-2,83.869,3.776,1.729,92.426,78.79,58.663,852.135,334.055,1.58,73.746,23.683,4.434,160,0,Low
WDG4-1007,WDG4,ER,2016,10,169,0,84.566,3.431,1.487,91.695,76.66,60.73,922.095,338.372,1.802,80.998,24.509,4.434,159,0,Low
WDG4-1007,WDG4,ER,2016,11,169,2,78.449,3.296,1.945,96.202,74.079,59.882,907.604,315.633,1.83,76.147,24.524,4.242,158,0,Low
WDG4-1007,WDG4,ER,2016,12,169,4,79.279,3.733,2.14,95.033,78.494,57.522,906.512,313.811,1.871,74.037,24.536,4.312,157,0,Low
WDG4-1007,WDG4,ER,2016,13,169,6,83.369,3.732,1.903,93.248,76.531,63.031,922.382,325.321,1.937,74.956,23.403,4.09,156,0,Low
WDG4-1007,WDG4,ER,2016,14,169,8,85.549,3.433,1.63,93.75,74.623,58.367,900.327,323.342,1.699,71.8,23.8,4.557,155,0,Low
WDG4-1007,WDG4,ER,2016,15,169,10,85.549,3.405,2.292,94.555,73.192,59.316,864.508,317.832,1.686,80.874,24.398,4.548,154,0,Low
WDG4-1007,WDG4,ER,2016,16,169,12,83.825,3.397,1.214,90.173,74.481,60.087,891.105,307.832,1.792,70.043,23.757,3.871,153,0,Low
WDG4-1007,WDG4,ER,2016,17,169,14,80.436,3.285,1.722,92.627,71.302,61.304,892.189,323.758,1.742,67.219,24.345,4.166,152,0,Low
WDG4-1007,WDG4,ER,2016,18,169,16,83.459,3.153,1.943,93.838,72.676,58.845,926.004,317.042,1.866,76.102,24.246,4.291,151,0,Low
WDG4-1007,WDG4,ER,2016,19,169,18,85.801,3.539,2.022,93.933,73.921,60.203,923.294,320.408,1.877,73.125,23.61,4.033,150,0,Low
WDG4-1007,WDG4,ER,2016,20,169,20,83.175,3.395,1.664,93.9,76.694,61.918,919.468,321.509,1.801,76.051,24.261,3.838,149,0,Low
WDG4-1007,WDG4,ER,2016,21,169,22,82.402,3.422,1.929,91.511,75.492,62.969,905.464,321.72,1.752,73.019,24.349,4.105,148,0,Low
WDG4-1007,WDG4,ER,2016,22,169,24,85.042,3.626,1.895,90.054,78.424,61.398,874.526,312.75,1.775,72.027,24.133,4.397,147,0,Low
WDG4-1007,WDG4,ER,2016,23,169,26,82.125,3.499,2.148,93.62,77.63,58.28,882.514,317.119,1.734,67.619,23.949,3.863,146,0,Low
WDG4-1007,WDG4,ER,2016,24,169,28,77.889,3.462,2.001,93.761,76.768,60.321,841.036,321.712,1.801,72.762,24.71,3.856,145,0,Low
WDG4-1007,WDG4,ER,2016,25,169,30,83.226,3.37,1.655,93.839,74.823,60.75,893.774,314.93,1.892,66.751,23.657,3.955,144,0,Low
WDG4-1007,WDG4,ER,2016,26,169,32,83.352,3.137,1.828,94.762,80.781,58.321,871.025,320.09,1.855,62.288,24.038,4.118,143,0,Low
WDG4-1007,WDG4,ER,2016,27,169,34,82.304,3.456,2.113,90.857,79.796,58.943,905.014,329.864,1.768,77.95,24.215,4.206,142,0,Low
WDG4-1007,WDG4,ER,2016,28,169,36,81.631,3.451,2.195,94.311,78.211,58.471,900.048,328.817,1.718,74.117,24.39,4.122,141,0,Low
WDG4-1007,WDG4,ER,2016,29,169,38,83.029,3.444,2.353,95.236,75.432,54.758,906.793,324.045,1.767,75.173,23.949,4.315,140,0,Low
WDG4-1007,WDG4,ER,2016,30,169,40,84.702,3.386,2.128,95.697,79.199,62.529,897.722,330.984,1.87,66.3,23.871,4.755,139,0,Low
WDG4-1007,WDG4,ER,2016,31,169,42,83.334,3.239,2.271,94.956,77.117,60.634,890.215,319.733,1.755,68.892,24.181,3.988,138,0,Low
WDG4-1007,WDG4,ER,2016,32,169,44,88.379,3.585,1.807,94.132,78.67,61.157,876.677,292.644,1.801,66.279,23.624,4.366,137,0,Low
WDG4-1007,WDG4,ER,2016,33,169,46,81.477,3.329,2.269,92.689,76.419,60.04,915.118,310.468,1.826,73.565,24.002,4.324,136,0,Low
WDG4-1007,WDG4,ER,2016,34,169,48,85.882,3.434,1.909,94.412,75.885,56.085,882.899,338.588,1.696,81.249,24.441,4.112,135,0,Low
WDG4-1007,WDG4,ER,2016,35,169,50,82.632,3.355,2.032,92.353,77.005,59.47,892.269,324.68,1.742,75.926,23.767,4.163,134,0,Low
WDG4-1007,WDG4,ER,2016,36,169,52,80.945,3.4,1.958,94.568,77.365,60.248,897.859,312.115,1.809,75.332,24.407,3.854,133,0,Low
WDG4-1007,WDG4,ER,2016,37,169,54,85.707,3.36,1.64,93.749,74.09,65.028,918.788,332.666,1.672,74.822,23.948,4.284,132,0,Low
WDG4-1007,WDG4,ER,2016,38,169,56,82.897,3.795,1.74,92.192,72.265,59.41,912.902,301.487,1.723,70.984,24.019,4.196,131,0,Low
WDG4-1007,WDG4,ER,2016,39,169,58,84.742,3.568,1.705,93.731,75.678,61.951,874.535,331.708,1.633,72.353,22.896,4.013,130,0,Low
WDG4-1007,WDG4,ER,2016,40,169,60,80.424,3.289,2.231,93.105,70.587,60.743,916.251,310.503,1.769,76.265,23.889,4.044,129,0,Low
WDG4-1007,WDG4,ER,2016,41,169,62,88.076,3.349,1.905,93.353,78.801,62.464,900.765,316.027,1.698,75.105,23.735,3.893,128,0,Low
WDG4-1007,WDG4,ER,2016,42,169,64,81.549,3.327,2.163,94.699,81.778,58.032,877.272,333.9,1.73,62.53,23.93,4.489,127,0,Low
WDG4-1007,WDG4,ER,2016,43,169,66,82.938,3.272,2.461,93.629,74.478,61.218,923.328,313.588,1.799,76.821,23.568,4.205,126,0,Low
WDG4-1007,WDG4,ER,2016,44,169,68,86.863,3.273,1.908,94.254,76.176,62.228,857.78,320.565,1.645,82.188,23.822,3.946,125,0,Low
WDG4-1007,WDG4,ER,2016,45,169,70,78.549,3.445,2.123,92.397,75.656,57.888,909.107,320.305,1.776,74.274,23.249,4.369,124,0,Low
WDG4-1007,WDG4,ER,2016,46,169,72,88.599,3.541,2.084,92.904,73.977,62.406,917.696,339.023,1.861,75.528,23.351,3.804,123,0,Low
WDG4-1007,WDG4,ER,2016,47,169,74,85.783,3.009,2.29,93.145,78.232,65.446,906.337,342.126,1.783,69.3,23.294,4.015,122,0,Low
WDG4-1007,WDG4,ER,2016,48,169,76,82.167,3.484,2.262,90.151,75.503,59.961,895.757,321.844,1.8,76.899,24.392,3.971,121,0,Low
WDG4-1007,WDG4,ER,2016,49,169,78,80.924,3.434,2.409,95.463,71.69,60.804,888.144,337.461,1.746,76.277,23.475,3.747,120,0,Low
WDG4-1007,WDG4,ER,2016,50,169,80,81.305,3.493,2.568,92.675,76.714,61.255,902.08,329.043,1.813,67.583,23.459,4.573,119,0,Low
WDG4-1007,WDG4,ER,2016,51,169,82,81.305,3.484,2.072,92.897,78.63,60.213,916.131,326.247,1.744,77.578,24.3,4.421,118,0,Low
WDG4-1007,WDG4,ER,2016,52,169,84,85.72,3.393,1.842,93.063,72.593,63.027,889.447,338.928,1.844,66.634,23.844,4.399,117,0,Low
WDG4-1007,WDG4,ER,2016,53,169,86,84.554,3.367,2.46,94.194,78.77,60.361,887.699,331.582,1.753,68.321,24.194,4.43,116,0,Low
WDG4-1007,WDG4,ER,2016,54,169,88,80.104,3.226,2.357,92.724,72.824,58.64,911.187,338.67,1.661,72.816,22.743,4.361,115,0,Low
WDG4-1007,WDG4,ER,2016,55,169,90,86.525,3.067,1.976,94.173,74.748,62.315,910.236,303.17,1.806,73.702,23.05,4.495,114,0,Low
WDG4-1007,WDG4,ER,2016,56,169,92,80.228,3.256,1.695,93.049,76.121,56.229,941.28,323.134,1.789,69.145,23.399,4.222,113,0,Low
WDG4-1007,WDG4,ER,2016,57,169,94,86.574,3.109,1.834,91.363,80.796,63.268,887.9,332.25,1.747,73.85,22.821,4.445,112,0,Low
WDG4-1007,WDG4,ER,2016,58,169,96,78.985,3.502,1.725,90.342,79.237,64.26,919.781,318.373,1.769,65.968,23.567,3.969,111,0,Low
WDG4-1007,WDG4,ER,2016,59,169,98,79.726,3.424,1.917,91.373,76.877,58.998,873.883,347.222,1.822,60.15,23.468,3.889,110,0,Low
WDG4-1007,WDG4,ER,2016,60,169,100,81.845,3.32,2.191,95.444,75.187,59.948,909.827,321.066,1.688,70.691,24.014,3.926,109,0,Low
WDG4-1007,WDG4,ER,2016,61,169,102,82.523,3.611,2.207,93.326,73.463,60.68,885.281,331.762,1.594,73.531,24.253,3.907,108,0,Low
WDG4-1007,WDG4,ER,2016,62,169,104,89.543,3.659,2.11,93.229,76.799,63.597,872.886,328.775,1.791,65.937,23.315,4.227,107,0,Low
WDG4-1007,WDG4,ER,2016,63,169,106,81.412,3.326,2.045,95.007,77.391,67.127,880.148,341.141,1.654,73.023,22.93,4.294,106,0,Low
WDG4-1007,WDG4,ER,2016,64,169,108,84.35,3.276,2.519,93.817,80.856,60.053,867.28,307.696,1.683,77.231,25.098,4.03,105,0,Low
WDG4-1007,WDG4,ER,2016,65,169,110,91.41,3.209,2.163,94.501,71.701,61.924,853.727,299.892,1.625,67.43,23.42,4.177,104,0,Low
WDG4-1007,WDG4,ER,2016,66,169,112,87.052,3.26,1.533,92.091,70.677,59.095,898.776,314.88,1.905,70.175,24.11,4.072,103,0,Low
WDG4-1007,WDG4,ER,2016,67,169,114,87.13,3.25,1.861,94.168,78.474,63.01,896.687,327.405,1.717,74.934,23.9,4.012,102,0,Low
WDG4-1007,WDG4,ER,2016,68,169,116,87.543,3.253,2.186,93.931,75.234,62.285,915.031,336.967,1.696,71.284,23.977,4.071,101,0,Low
WDG4-1007,WDG4,ER,2016,69,169,118,83.991,3.249,1.169,91.462,81.077,59.625,892.686,317.965,1.692,74.06,24.243,4.311,100,0,Low
WDG4-1007,WDG4,ER,2016,70,169,120,81.938,3.554,2.517,90.186,77.258,58.937,868.523,306.523,1.766,65.598,23.717,4.369,99,0,Low
WDG4-1007,WDG4,ER,2016,71,169,122,83.511,3.527,2.604,91.022,81.423,60.425,910.455,338.865,1.654,70.597,24.364,3.963,98,0,Low
WDG4-1007,WDG4,ER,2016,72,169,124,86.367,3.353,1.976,92.397,70.478,59.438,911.869,316.595,1.623,76.278,24.172,4.278,97,0,Low
WDG4-1007,WDG4,ER,2016,73,169,126,82.812,3.549,2.121,92.94,76.747,60.313,902.97,337.63,1.82,76.621,23.241,3.815,96,0,Low
WDG4-1007,WDG4,ER,2016,74,169,128,85.398,3.405,2.64,93.801,72.251,62.785,886.449,326.999,1.718,63.185,23.941,3.74,95,0,Low
WDG4-1007,WDG4,ER,2016,75,169,130,87.225,3.379,2.046,95.159,79.93,62.618,878.878,320.365,1.841,72.791,23.21,3.669,94,0,Low
WDG4-1007,WDG4,ER,2016,76,169,132,90.166,3.184,2.367,92.743,76.0,61.657,923.325,334.066,1.653,79.803,23.593,4.344,93,0,Low
WDG4-1007,WDG4,ER,2016,77,169,134,88.131,3.41,2.217,92.301,74.013,63.178,866.223,309.449,1.667,73.786,23.889,4.221,92,0,Low
WDG4-1007,WDG4,ER,2016,78,169,136,81.886,3.257,2.11,92.723,80.025,62.546,896.81,349.015,1.668,76.996,24.321,4.443,91,0,Low
WDG4-1007,WDG4,ER,2016,79,169,138,83.632,3.635,2.376,90.0,75.585,58.422,871.126,332.951,1.699,68.295,22.184,4.248,90,0,Low
WDG4-1007,WDG4,ER,2016,80,169,140,87.597,3.391,1.906,90.52,77.713,59.4,910.266,341.372,1.692,77.284,23.982,4.216,89,0,Low
WDG4-1007,WDG4,ER,2016,81,169,142,86.389,3.522,2.418,91.12,76.441,62.128,896.306,341.09,1.751,77.618,23.093,4.261,88,0,Low
WDG4-1007,WDG4,ER,2016,82,169,144,85.273,3.476,2.146,93.82,78.535,59.49,925.694,337.714,1.725,72.854,23.821,3.928,87,0,Low
WDG4-1007,WDG4,ER,2016,83,169,146,86.188,3.311,1.747,90.894,74.74,63.458,892.399,337.826,1.843,72.103,23.709,4.084,86,0,Low
WDG4-1007,WDG4,ER,2016,84,169,148,87.108,3.303,2.395,91.524,76.207,62.911,859.728,321.798,1.744,66.393,23.436,4.092,85,0,Low
WDG4-1007,WDG4,ER,2016,85,169,150,87.612,3.481,2.217,93.395,81.431,58.177,894.026,306.114,1.771,69.852,24.486,4.15,84,0,Low
WDG4-1007,WDG4,ER,2016,86,169,152,81.541,3.348,3.117,91.097,78.158,62.144,901.813,313.789,1.559,81.154,23.088,3.906,83,0,Low
WDG4-1007,WDG4,ER,2016,87,169,154,82.09,3.305,2.367,94.119,74.782,62.023,879.554,320.684,1.86,79.474,23.233,3.914,82,0,Low
WDG4-1007,WDG4,ER,2016,88,169,156,80.154,3.315,1.966,91.211,80.018,60.301,944.168,307.489,1.706,70.013,23.662,3.803,81,0,Low
WDG4-1007,WDG4,ER,2016,89,169,158,82.703,3.026,2.644,91.125,82.263,63.444,891.431,333.865,1.653,77.465,24.197,3.696,80,0,Low
WDG4-1007,WDG4,ER,2016,90,169,160,84.458,3.321,2.406,93.774,79.663,61.313,890.37,345.114,1.751,72.001,23.456,3.866,79,0,Low
WDG4-1007,WDG4,ER,2016,91,169,162,79.944,3.369,2.08,91.964,78.947,62.7,853.251,326.47,1.912,72.991,23.369,4.005,78,0,Low
WDG4-1007,WDG4,ER,2016,92,169,164,87.932,3.114,2.383,92.237,74.864,63.087,879.469,311.251,1.553,70.899,23.489,4.097,77,0,Low
WDG4-1007,WDG4,ER,2016,93,169,166,91.221,3.201,3.112,93.243,78.827,61.502,897.282,323.541,1.717,78.944,23.901,3.827,76,0,Low
WDG4-1007,WDG4,ER,2016,94,169,168,81.756,2.975,2.55,95.418,75.351,61.196,857.707,326.492,1.802,82.925,24.064,3.781,75,0,Low
WDG4-1007,WDG4,ER,2016,95,169,170,86.851,2.91,2.842,91.668,72.918,64.303,903.297,334.787,1.665,78.083,24.001,4.147,74,0,Low
WDG4-1007,WDG4,ER,2016,96,169,172,87.498,3.213,1.904,95.049,78.055,62.53,902.886,319.736,1.608,76.803,23.202,3.892,73,0,Low
WDG4-1007,WDG4,ER,2016,97,169,174,84.488,3.614,2.364,94.406,78.042,63.073,891.896,325.645,1.627,68.583,23.633,4.087,72,0,Low
WDG4-1007,WDG4,ER,2016,98,169,176,85.539,3.136,2.244,92.37,77.022,61.714,903.547,331.211,1.727,73.585,23.145,3.86,71,0,Low
WDG4-1007,WDG4,ER,2016,99,169,178,84.939,3.185,2.687,90.63,78.953,60.803,905.321,335.301,1.578,72.738,23.852,3.762,70,0,Low
WDG4-1007,WDG4,ER,2016,100,169,180,84.312,3.364,2.479,89.707,75.572,56.517,931.961,324.382,1.752,67.386,24.351,3.848,69,0,Low
WDG4-1007,WDG4,ER,2016,101,169,0,88.4,3.357,2.171,92.027,78.184,65.275,892.503,321.076,1.623,77.184,23.942,4.06,68,0,Low
WDG4-1007,WDG4,ER,2016,102,169,2,83.515,3.114,2.466,93.019,80.064,65.285,859.194,345.772,1.741,71.723,22.912,3.948,67,0,Low
WDG4-1007,WDG4,ER,2016,103,169,4,84.596,3.162,2.384,92.452,78.045,60.824,874.924,340.812,1.561,79.765,24.421,3.998,66,0,Low
WDG4-1007,WDG4,ER,2016,104,169,6,83.222,3.394,2.894,91.297,79.326,65.298,857.618,326.028,1.651,78.609,23.381,3.975,65,0,Low
WDG4-1007,WDG4,ER,2016,105,169,8,84.935,3.146,1.779,91.221,77.069,64.98,907.445,310.104,1.611,68.499,23.299,4.108,64,0,Low
WDG4-1007,WDG4,ER,2016,106,169,10,86.676,3.673,2.327,94.041,77.452,62.242,876.671,327.339,1.64,72.048,24.036,4.208,63,0,Low
WDG4-1007,WDG4,ER,2016,107,169,12,83.701,3.326,2.732,92.997,77.256,59.809,895.107,313.845,1.813,71.125,23.582,3.623,62,0,Low
WDG4-1007,WDG4,ER,2016,108,169,14,84.616,3.352,2.445,93.964,74.411,62.955,923.475,327.149,1.671,69.329,23.197,4.242,61,0,Low
WDG4-1007,WDG4,ER,2016,109,169,16,83.605,3.179,2.466,89.633,75.049,62.424,893.886,322.017,1.637,82.496,22.941,4.003,60,0,Medium
WDG4-1007,WDG4,ER,2016,110,169,18,87.942,3.133,2.619,92.18,76.249,60.956,917.16,348.357,1.799,75.787,23.068,4.239,59,0,Medium
WDG4-1007,WDG4,ER,2016,111,169,20,82.598,3.132,2.519,92.556,70.349,63.617,914.6,341.297,1.653,70.185,24.414,3.853,58,0,Medium
WDG4-1007,WDG4,ER,2016,112,169,22,94.3,3.409,2.824,92.448,77.974,62.546,919.434,338.482,1.688,73.46,23.664,3.832,57,0,Medium
WDG4-1007,WDG4,ER,2016,113,169,24,86.91,3.355,2.079,90.239,76.761,65.229,917.204,310.794,1.668,65.994,23.757,3.982,56,0,Medium
WDG4-1007,WDG4,ER,2016,114,169,26,84.648,3.428,2.686,95.582,78.112,64.335,925.464,307.45,1.682,67.17,23.473,4.254,55,0,Medium
WDG4-1007,WDG4,ER,2016,115,169,28,89.889,3.221,3.082,92.335,80.007,63.114,925.228,303.881,1.663,69.523,23.192,3.744,54,0,Medium
WDG4-1007,WDG4,ER,2016,116,169,30,86.145,3.47,2.627,92.354,78.655,59.303,894.764,338.345,1.627,76.754,23.584,3.862,53,0,Medium
WDG4-1007,WDG4,ER,2016,117,169,32,88.234,3.191,2.057,90.744,74.78,59.171,928.976,329.98,1.686,66.529,23.641,3.909,52,0,Medium
WDG4-1007,WDG4,ER,2016,118,169,34,85.604,3.234,2.242,88.599,79.074,61.089,919.799,338.434,1.712,70.674,23.181,3.994,51,0,Medium
WDG4-1007,WDG4,ER,2016,119,169,36,90.676,3.199,1.779,92.271,76.015,60.533,898.084,324.376,1.671,70.916,23.512,3.987,50,0,Medium
WDG4-1007,WDG4,ER,2016,120,169,38,81.94,3.197,2.834,92.436,76.267,58.901,886.984,329.987,1.67,75.648,23.091,4.076,49,0,Medium
WDG4-1007,WDG4,ER,2016,121,169,40,83.782,3.259,2.165,94.568,75.188,62.688,887.661,325.288,1.603,70.537,23.385,4.146,48,0,Medium
WDG4-1007,WDG4,ER,2016,122,169,42,84.16,3.209,2.393,92.572,72.511,63.369,899.495,328.541,1.659,68.535,23.743,3.759,47,0,Medium
WDG4-1007,WDG4,ER,2016,123,169,44,84.059,3.294,2.186,91.996,77.662,59.956,919.28,328.957,1.671,72.821,24.281,4.047,46,0,Medium
WDG4-1007,WDG4,ER,2016,124,169,46,84.541,3.274,2.077,90.948,76.207,63.49,868.503,340.432,1.701,73.993,23.146,4.037,45,0,Medium
WDG4-1007,WDG4,ER,2016,125,169,48,86.622,3.084,2.481,90.293,75.382,64.864,876.57,313.1,1.799,73.752,23.674,3.933,44,0,Medium
WDG4-1007,WDG4,ER,2016,126,169,50,81.209,3.142,2.56,91.942,76.739,59.112,900.592,341.266,1.583,69.638,22.891,4.098,43,0,Medium
WDG4-1007,WDG4,ER,2016,127,169,52,88.601,3.37,2.654,92.42,80.501,64.982,885.932,318.443,1.665,80.35,24.519,4.095,42,0,Medium
WDG4-1007,WDG4,ER,2016,128,169,54,85.531,3.301,2.424,92.399,81.135,61.064,865.925,331.808,1.569,67.41,23.923,3.841,41,0,Medium
WDG4-1007,WDG4,ER,2016,129,169,56,81.987,3.387,2.588,93.471,78.314,63.846,895.401,326.077,1.552,71.918,23.88,4.101,40,0,Medium
WDG4-1007,WDG4,ER,2016,130,169,58,86.12,3.01,2.406,93.499,81.892,58.917,900.267,333.188,1.797,68.78,23.535,3.797,39,0,Medium
WDG4-1007,WDG4,ER,2016,131,169,60,88.304,3.184,2.317,92.679,77.247,63.027,868.86,347.978,1.525,65.684,23.676,4.186,38,0,Medium
WDG4-1007,WDG4,ER,2016,132,169,62,87.285,3.264,2.67,90.236,81.097,61.303,852.283,324.21,1.681,69.458,24.203,3.909,37,0,Medium
WDG4-1007,WDG4,ER,2016,133,169,64,88.484,3.206,2.455,90.943,79.545,59.826,860.428,318.091,1.742,75.061,23.787,3.991,36,0,Medium
WDG4-1007,WDG4,ER,2016,134,169,66,84.674,3.286,2.664,92.72,79.854,60.044,898.328,311.862,1.621,68.136,23.66,3.687,35,0,Medium
WDG4-1007,WDG4,ER,2016,135,169,68,87.317,3.262,2.705,91.001,77.919,62.725,881.511,334.233,1.737,72.017,23.641,3.902,34,0,Medium
WDG4-1007,WDG4,ER,2016,136,169,70,80.897,3.074,2.37,91.92,79.375,61.425,876.671,336.777,1.651,66.509,23.965,4.046,33,0,Medium
WDG4-1007,WDG4,ER,2016,137,169,72,89.628,3.096,2.273,91.854,73.472,63.764,867.209,328.825,1.758,71.304,24.153,4.034,32,0,Medium
WDG4-1007,WDG4,ER,2016,138,169,74,85.675,3.41,2.4,89.116,74.387,61.254,881.597,327.81,1.694,70.764,23.803,3.927,31,0,Medium
WDG4-1007,WDG4,ER,2016,139,169,76,101.03,2.237,3.841,89.332,86.603,66.265,856.073,361.484,1.294,67.108,22.819,3.289,30,1,High
WDG4-1007,WDG4,ER,2016,140,169,78,94.898,2.638,4.782,88.117,83.563,68.338,850.275,363.323,1.171,76.574,21.741,3.193,29,1,High
WDG4-1007,WDG4,ER,2016,141,169,80,103.656,2.43,4.317,85.791,88.654,67.585,865.748,358.763,1.198,66.844,23.174,2.999,28,1,High
WDG4-1007,WDG4,ER,2016,142,169,82,98.97,2.177,4.44,86.049,80.488,72.956,847.528,355.438,1.187,65.835,22.761,3.328,27,1,High
WDG4-1007,WDG4,ER,2016,143,169,84,102.272,2.319,3.856,88.043,88.924,68.533,840.501,343.383,1.32,71.113,22.279,3.77,26,1,High
WDG4-1007,WDG4,ER,2016,144,169,86,93.256,2.444,4.873,87.621,88.815,69.617,873.021,355.949,1.246,71.719,22.497,3.189,25,1,High
WDG4-1007,WDG4,ER,2016,145,169,88,99.525,2.304,4.11,85.263,89.734,72.456,832.844,351.526,1.168,73.844,22.505,2.967,24,1,High
WDG4-1007,WDG4,ER,2016,146,169,90,101.691,2.022,4.667,85.865,84.817,71.605,824.356,360.811,1.009,68.519,22.907,3.021,23,1,High
WDG4-1007,WDG4,ER,2016,147,169,92,99.798,2.412,4.784,85.03,86.558,70.739,863.285,358.285,1.252,63.181,22.732,3.308,22,1,High
WDG4-1007,WDG4,ER,2016,148,169,94,107.121,2.192,4.772,85.728,88.782,73.673,825.199,350.889,1.035,81.145,21.951,3.098,21,1,High
WDG4-1007,WDG4,ER,2016,149,169,96,103.777,2.411,5.409,83.889,86.96,74.045,818.649,372.316,1.119,74.799,22.477,3.326,20,1,High
WDG4-1007,WDG4,ER,2016,150,169,98,100.718,1.855,5.969,85.958,96.008,76.41,877.465,355.753,1.125,73.033,22.105,3.104,19,1,High
WDG4-1007,WDG4,ER,2016,151,169,100,106.931,2.036,5.541,86.1,91.719,75.297,848.408,361.725,1.144,71.938,22.097,3.059,18,1,High
WDG4-1007,WDG4,ER,2016,152,169,102,107.505,2.311,5.382,84.079,95.252,75.386,847.685,375.672,1.044,71.577,21.723,2.964,17,1,High
WDG4-1007,WDG4,ER,2016,153,169,104,108.274,1.783,5.794,85.324,91.31,75.889,844.031,369.036,1.145,69.647,21.933,3.293,16,1,High
WDG4-1007,WDG4,ER,2016,154,169,106,104.989,1.827,5.96,83.913,88.106,76.292,835.705,365.601,1.048,74.916,21.536,3.326,15,1,High
WDG4-1007,WDG4,ER,2016,155,169,108,111.177,1.949,5.932,85.282,95.414,75.318,838.726,384.2,0.911,80.759,21.632,3.227,14,1,High
WDG4-1007,WDG4,ER,2016,156,169,110,108.218,2.008,5.861,82.208,95.908,74.804,821.814,381.971,0.94,81.232,21.616,2.897,13,1,High
WDG4-1007,WDG4,ER,2016,157,169,112,109.926,1.856,6.504,82.837,93.125,81.873,836.986,376.697,0.996,71.281,21.519,2.666,12,1,High
WDG4-1007,WDG4,ER,2016,158,169,114,113.794,1.972,6.629,82.016,97.458,80.641,816.817,398.451,0.926,69.894,21.098,3.057,11,1,High
WDG4-1007,WDG4,ER,2016,159,169,116,117.496,1.761,6.908,78.576,96.58,79.061,800.176,391.063,1.021,68.494,21.56,2.868,10,1,Critical
WDG4-1007,WDG4,ER,2016,160,169,118,119.504,1.434,7.021,82.686,97.834,80.158,781.856,400.425,1.043,67.127,20.559,3.029,9,1,Critical
WDG4-1007,WDG4,ER,2016,161,169,120,117.751,1.404,7.049,79.474,101.658,80.427,827.761,377.208,0.919,72.191,20.796,2.944,8,1,Critical
WDG4-1007,WDG4,ER,2016,162,169,122,115.888,1.482,7.284,76.869,102.732,83.264,831.966,389.912,0.806,77.157,21.268,2.556,7,1,Critical
WDG4-1007,WDG4,ER,2016,163,169,124,117.515,1.38,8.045,77.329,100.75,84.005,768.305,398.763,0.822,75.567,21.345,2.928,6,1,Critical
WDG4-1007,WDG4,ER,2016,164,169,126,123.036,1.417,7.937,76.169,97.656,86.288,835.397,384.858,0.743,87.448,20.852,2.825,5,1,Critical
WDG4-1007,WDG4,ER,2016,165,169,128,125.52,1.266,8.384,75.518,100.061,84.273,796.314,417.85,0.702,75.884,20.468,2.467,4,1,Critical
WDG4-1007,WDG4,ER,2016,166,169,130,121.353,0.921,8.123,78.581,103.732,91.725,788.716,425.026,0.682,65.662,20.281,2.268,3,1,Critical
WDG4-1007,WDG4,ER,2016,167,169,132,126.221,1.234,8.572,73.631,106.779,92.027,802.033,404.763,0.608,68.99,20.359,2.782,2,1,Critical
WDG4-1007,WDG4,ER,2016,168,169,134,130.659,1.187,8.972,76.152,108.191,94.74,744.775,427.298,0.646,73.407,19.347,2.433,1,1,Critical
WDG4-1007,WDG4,ER,2016,169,169,136,133.863,0.657,9.0,74.394,107.955,91.979,743.092,421.003,0.583,71.262,18.633,2.21,0,1,Critical
WDP4B-1008,WDP4B,ER,2015,1,107,-4,84.8,3.597,1.631,93.527,75.784,63.175,901.503,313.576,1.743,77.184,24.242,4.24,106,0,Low
WDP4B-1008,WDP4B,ER,2015,2,107,-2,79.915,3.354,1.926,94.519,77.664,63.185,868.194,338.272,1.861,71.723,23.212,4.128,105,0,Low
WDP4B-1008,WDP4B,ER,2015,3,107,0,80.996,3.402,1.844,93.952,75.645,58.724,883.924,333.312,1.681,79.765,24.721,4.178,104,0,Low
WDP4B-1008,WDP4B,ER,2015,4,107,2,79.622,3.634,2.354,92.797,76.926,63.198,866.618,318.528,1.771,78.609,23.681,4.155,103,0,Low
WDP4B-1008,WDP4B,ER,2015,5,107,4,81.335,3.386,1.239,92.721,74.669,62.88,916.445,302.604,1.731,68.499,23.599,4.288,102,0,Low
WDP4B-1008,WDP4B,ER,2015,6,107,6,83.076,3.913,1.787,95.541,75.052,60.142,885.671,319.839,1.76,72.048,24.336,4.388,101,0,Low
WDP4B-1008,WDP4B,ER,2015,7,107,8,80.101,3.566,2.192,94.497,74.856,57.709,904.107,306.345,1.933,71.125,23.882,3.803,100,0,Low
WDP4B-1008,WDP4B,ER,2015,8,107,10,81.016,3.592,1.905,95.464,72.011,60.855,932.475,319.649,1.791,69.329,23.497,4.422,99,0,Low
WDP4B-1008,WDP4B,ER,2015,9,107,12,80.005,3.419,1.926,91.133,72.649,60.324,902.886,314.517,1.757,82.496,23.241,4.183,98,0,Low
WDP4B-1008,WDP4B,ER,2015,10,107,14,84.342,3.373,2.079,93.68,73.849,58.856,926.16,340.857,1.919,75.787,23.368,4.419,97,0,Low
WDP4B-1008,WDP4B,ER,2015,11,107,16,78.998,3.372,1.979,94.056,67.949,61.517,923.6,333.797,1.773,70.185,24.714,4.033,96,0,Low
WDP4B-1008,WDP4B,ER,2015,12,107,18,90.7,3.649,2.284,93.948,75.574,60.446,928.434,330.982,1.808,73.46,23.964,4.012,95,0,Low
WDP4B-1008,WDP4B,ER,2015,13,107,20,83.31,3.595,1.539,91.739,74.361,63.129,926.204,303.294,1.788,65.994,24.057,4.162,94,0,Low
WDP4B-1008,WDP4B,ER,2015,14,107,22,81.048,3.668,2.146,97.082,75.712,62.235,934.464,299.95,1.802,67.17,23.773,4.434,93,0,Low
WDP4B-1008,WDP4B,ER,2015,15,107,24,86.289,3.461,2.542,93.835,77.607,61.014,934.228,296.381,1.783,69.523,23.492,3.924,92,0,Low
WDP4B-1008,WDP4B,ER,2015,16,107,26,82.545,3.71,2.087,93.854,76.255,57.203,903.764,330.845,1.747,76.754,23.884,4.042,91,0,Low
WDP4B-1008,WDP4B,ER,2015,17,107,28,84.634,3.431,1.517,92.244,72.38,57.071,937.976,322.48,1.806,66.529,23.941,4.089,90,0,Low
WDP4B-1008,WDP4B,ER,2015,18,107,30,82.004,3.474,1.702,90.099,76.674,58.989,928.799,330.934,1.832,70.674,23.481,4.174,89,0,Low
WDP4B-1008,WDP4B,ER,2015,19,107,32,87.076,3.439,1.239,93.771,73.615,58.433,907.084,316.876,1.791,70.916,23.812,4.167,88,0,Low
WDP4B-1008,WDP4B,ER,2015,20,107,34,78.34,3.437,2.294,93.936,73.867,56.801,895.984,322.487,1.79,75.648,23.391,4.256,87,0,Low
WDP4B-1008,WDP4B,ER,2015,21,107,36,80.182,3.499,1.625,96.068,72.788,60.588,896.661,317.788,1.723,70.537,23.685,4.326,86,0,Low
WDP4B-1008,WDP4B,ER,2015,22,107,38,80.56,3.449,1.853,94.072,70.111,61.269,908.495,321.041,1.779,68.535,24.043,3.939,85,0,Low
WDP4B-1008,WDP4B,ER,2015,23,107,40,80.459,3.534,1.646,93.496,75.262,57.856,928.28,321.457,1.791,72.821,24.581,4.227,84,0,Low
WDP4B-1008,WDP4B,ER,2015,24,107,42,80.941,3.514,1.537,92.448,73.807,61.39,877.503,332.932,1.821,73.993,23.446,4.217,83,0,Low
WDP4B-1008,WDP4B,ER,2015,25,107,44,83.022,3.324,1.941,91.793,72.982,62.764,885.57,305.6,1.919,73.752,23.974,4.113,82,0,Low
WDP4B-1008,WDP4B,ER,2015,26,107,46,77.609,3.382,2.02,93.442,74.339,57.012,909.592,333.766,1.703,69.638,23.191,4.278,81,0,Low
WDP4B-1008,WDP4B,ER,2015,27,107,48,85.001,3.61,2.114,93.92,78.101,62.882,894.932,310.943,1.785,80.35,24.819,4.275,80,0,Low
WDP4B-1008,WDP4B,ER,2015,28,107,50,81.931,3.541,1.884,93.899,78.735,58.964,874.925,324.308,1.689,67.41,24.223,4.021,79,0,Low
WDP4B-1008,WDP4B,ER,2015,29,107,52,78.387,3.627,2.048,94.971,75.914,61.746,904.401,318.577,1.672,71.918,24.18,4.281,78,0,Low
WDP4B-1008,WDP4B,ER,2015,30,107,54,82.52,3.25,1.866,94.999,79.492,56.817,909.267,325.688,1.917,68.78,23.835,3.977,77,0,Low
WDP4B-1008,WDP4B,ER,2015,31,107,56,84.704,3.424,1.777,94.179,74.847,60.927,877.86,340.478,1.645,65.684,23.976,4.366,76,0,Low
WDP4B-1008,WDP4B,ER,2015,32,107,58,83.685,3.504,2.13,91.736,78.697,59.203,861.283,316.71,1.801,69.458,24.503,4.089,75,0,Low
WDP4B-1008,WDP4B,ER,2015,33,107,60,84.884,3.446,1.915,92.443,77.145,57.726,869.428,310.591,1.862,75.061,24.087,4.171,74,0,Low
WDP4B-1008,WDP4B,ER,2015,34,107,62,81.074,3.526,2.124,94.22,77.454,57.944,907.328,304.362,1.741,68.136,23.96,3.867,73,0,Low
WDP4B-1008,WDP4B,ER,2015,35,107,64,83.717,3.502,2.165,92.501,75.519,60.625,890.511,326.733,1.857,72.017,23.941,4.082,72,0,Low
WDP4B-1008,WDP4B,ER,2015,36,107,66,77.297,3.314,1.83,93.42,76.975,59.325,885.671,329.277,1.771,66.509,24.265,4.226,71,0,Low
WDP4B-1008,WDP4B,ER,2015,37,107,68,86.028,3.336,1.733,93.354,71.072,61.664,876.209,321.325,1.878,71.304,24.453,4.214,70,0,Low
WDP4B-1008,WDP4B,ER,2015,38,107,70,82.075,3.65,1.86,90.616,71.987,59.154,890.597,320.31,1.814,70.764,24.103,4.107,69,0,Low
WDP4B-1008,WDP4B,ER,2015,39,107,72,85.754,3.255,1.55,95.697,76.419,57.354,894.263,329.659,1.804,67.108,24.092,4.053,68,0,Low
WDP4B-1008,WDP4B,ER,2015,40,107,74,79.504,3.664,2.473,94.53,73.301,59.354,888.764,331.257,1.684,76.574,23.024,3.962,67,0,Low
WDP4B-1008,WDP4B,ER,2015,41,107,76,88.079,3.465,1.981,92.279,78.269,58.478,904.713,326.321,1.715,66.844,24.472,3.775,66,0,Low
WDP4B-1008,WDP4B,ER,2015,42,107,78,83.142,3.225,2.066,92.639,69.936,63.678,887.148,322.488,1.711,65.835,24.08,4.112,65,0,Low
WDP4B-1008,WDP4B,ER,2015,43,107,80,86.127,3.381,1.435,94.761,78.161,59.035,880.953,309.792,1.851,71.113,23.625,4.564,64,0,Low
WDP4B-1008,WDP4B,ER,2015,44,107,82,76.726,3.524,2.394,94.494,77.796,59.85,914.483,321.582,1.786,71.719,23.875,3.996,63,0,Low
WDP4B-1008,WDP4B,ER,2015,45,107,84,82.545,3.404,1.563,92.318,78.414,62.371,875.494,316.251,1.718,73.844,23.92,3.788,62,0,Low
WDP4B-1008,WDP4B,ER,2015,46,107,86,84.194,3.145,2.042,93.128,73.152,61.153,868.371,324.495,1.571,68.519,24.366,3.858,61,0,Low
WDP4B-1008,WDP4B,ER,2015,47,107,88,81.717,3.56,2.072,92.528,74.504,59.872,908.844,320.794,1.826,63.181,24.239,4.163,60,0,Medium
WDP4B-1008,WDP4B,ER,2015,48,107,90,88.389,3.369,1.963,93.488,76.294,62.341,872.479,312.089,1.623,81.145,23.512,3.971,59,0,Medium
WDP4B-1008,WDP4B,ER,2015,49,107,92,84.327,3.619,2.491,91.937,73.993,62.2,867.828,332.075,1.723,74.799,24.098,4.221,58,0,Medium
WDP4B-1008,WDP4B,ER,2015,50,107,94,80.484,3.096,2.934,94.321,82.519,64.002,928.72,313.936,1.746,73.033,23.791,4.021,57,0,Medium
WDP4B-1008,WDP4B,ER,2015,51,107,96,85.847,3.314,2.378,94.805,77.663,62.278,901.918,318.2,1.783,71.938,23.854,4.002,56,0,Medium
WDP4B-1008,WDP4B,ER,2015,52,107,98,85.504,3.628,2.082,93.152,80.584,61.707,903.628,330.305,1.702,71.577,23.557,3.933,55,0,Medium
WDP4B-1008,WDP4B,ER,2015,53,107,100,85.288,3.141,2.346,94.792,75.986,61.501,902.584,321.694,1.824,69.647,23.848,4.29,54,0,Medium
WDP4B-1008,WDP4B,ER,2015,54,107,102,80.953,3.23,2.355,93.803,72.082,61.146,897.045,316.151,1.75,74.916,23.539,4.353,53,0,Medium
WDP4B-1008,WDP4B,ER,2015,55,107,104,86.024,3.399,2.159,95.62,78.645,59.365,903.031,332.508,1.636,80.759,23.728,4.286,52,0,Medium
WDP4B-1008,WDP4B,ER,2015,56,107,106,81.881,3.507,1.911,93.021,78.35,57.995,889.263,327.904,1.689,81.232,23.811,3.989,51,0,Medium
WDP4B-1008,WDP4B,ER,2015,57,107,108,82.338,3.407,2.366,94.152,74.733,64.16,907.756,320.122,1.772,71.281,23.818,3.793,50,0,Medium
WDP4B-1008,WDP4B,ER,2015,58,107,110,84.889,3.578,2.293,93.859,78.188,61.975,891.086,339.234,1.729,69.894,23.507,4.221,49,0,Medium
WDP4B-1008,WDP4B,ER,2015,59,107,112,87.207,3.425,2.365,90.975,76.387,59.392,878.122,329.072,1.853,68.494,24.085,4.072,48,0,Medium
WDP4B-1008,WDP4B,ER,2015,60,107,114,87.764,3.158,2.26,95.666,76.674,59.438,863.656,335.525,1.905,67.127,23.204,4.273,47,0,Medium
WDP4B-1008,WDP4B,ER,2015,61,107,116,84.493,3.191,2.06,93.062,79.486,58.607,913.593,309.266,1.813,72.191,23.567,4.23,46,0,Medium
WDP4B-1008,WDP4B,ER,2015,62,107,118,81.046,3.335,2.058,91.093,79.504,60.295,922.008,318.795,1.732,77.157,24.172,3.886,45,0,Medium
WDP4B-1008,WDP4B,ER,2015,63,107,120,81.023,3.301,2.571,92.214,76.422,59.838,862.735,324.338,1.782,75.567,24.386,4.304,44,0,Medium
WDP4B-1008,WDP4B,ER,2015,64,107,122,84.826,3.408,2.206,91.742,72.183,60.874,934.393,306.991,1.739,87.448,24.036,4.25,43,0,Medium
WDP4B-1008,WDP4B,ER,2015,65,107,124,85.527,3.332,2.385,91.806,73.399,57.563,900.053,336.408,1.734,75.884,23.801,3.941,42,0,Medium
WDP4B-1008,WDP4B,ER,2015,66,107,126,79.509,3.063,1.846,95.611,75.836,63.671,897.376,339.876,1.753,65.662,23.768,3.794,41,0,Medium
WDP4B-1008,WDP4B,ER,2015,67,107,128,82.46,3.454,2.008,91.43,77.605,62.58,915.792,315.771,1.718,68.99,24.006,4.36,40,0,Medium
WDP4B-1008,WDP4B,ER,2015,68,107,130,84.914,3.49,2.11,94.746,77.695,63.85,863.811,334.332,1.797,73.407,23.159,4.066,39,0,Medium
WDP4B-1008,WDP4B,ER,2015,69,107,132,86.067,3.043,1.925,93.809,76.091,59.598,867.582,323.928,1.776,71.262,22.616,3.899,38,0,Medium
WDP4B-1008,WDP4B,ER,2015,70,107,134,86.196,3.369,2.223,92.134,78.343,60.642,874.924,325.8,1.891,77.102,23.742,4.282,37,0,Medium
WDP4B-1008,WDP4B,ER,2015,71,107,136,88.375,3.131,2.149,93.202,78.813,63.651,901.035,327.844,1.728,74.485,23.99,4.333,36,0,Medium
WDP4B-1008,WDP4B,ER,2015,72,107,138,85.762,3.335,1.704,90.782,80.473,62.502,883.838,331.018,1.868,56.189,24.707,3.905,35,0,Medium
WDP4B-1008,WDP4B,ER,2015,73,107,140,87.113,3.115,2.324,91.579,76.69,60.106,925.738,309.154,1.723,79.175,23.435,4.03,34,0,Medium
WDP4B-1008,WDP4B,ER,2015,74,107,142,84.778,3.258,2.84,95.312,74.734,63.619,948.538,320.078,1.626,72.477,23.603,3.698,33,0,Medium
WDP4B-1008,WDP4B,ER,2015,75,107,144,80.319,3.156,2.288,92.437,83.014,61.749,864.467,324.477,1.7,78.931,23.69,3.983,32,0,Medium
WDP4B-1008,WDP4B,ER,2015,76,107,146,79.706,3.451,2.542,90.971,75.676,62.685,909.297,303.553,1.723,83.53,24.011,3.916,31,0,Medium
WDP4B-1008,WDP4B,ER,2015,77,107,148,93.732,2.872,3.049,90.196,82.391,63.017,857.142,338.581,1.379,74.327,23.707,3.798,30,1,High
WDP4B-1008,WDP4B,ER,2015,78,107,150,92.969,2.935,3.082,90.671,82.575,64.602,869.529,346.267,1.443,64.913,23.414,4.009,29,1,High
WDP4B-1008,WDP4B,ER,2015,79,107,152,91.349,3.075,2.839,88.659,81.347,65.494,854.01,328.56,1.447,75.86,23.851,3.681,28,1,High
WDP4B-1008,WDP4B,ER,2015,80,107,154,96.037,2.655,3.227,91.062,83.5,66.035,860.339,332.84,1.561,74.445,23.359,3.765,27,1,High
WDP4B-1008,WDP4B,ER,2015,81,107,156,91.402,2.834,3.539,88.075,79.829,66.233,852.093,340.992,1.371,64.018,23.79,3.818,26,1,High
WDP4B-1008,WDP4B,ER,2015,82,107,158,93.98,2.952,3.444,91.658,85.571,66.306,906.682,342.879,1.406,81.536,22.874,3.329,25,1,High
WDP4B-1008,WDP4B,ER,2015,83,107,160,93.444,2.777,3.145,89.057,82.782,66.508,852.315,347.784,1.359,76.828,23.207,3.546,24,1,High
WDP4B-1008,WDP4B,ER,2015,84,107,162,93.548,2.719,3.752,87.238,82.54,67.777,855.552,352.59,1.376,75.034,23.359,3.444,23,1,High
WDP4B-1008,WDP4B,ER,2015,85,107,164,92.907,2.632,3.613,86.73,84.221,63.857,883.24,364.217,1.407,78.259,22.884,3.632,22,1,High
WDP4B-1008,WDP4B,ER,2015,86,107,166,95.457,2.874,3.17,90.933,79.993,64.109,889.575,358.554,1.434,77.94,23.136,3.403,21,1,High
WDP4B-1008,WDP4B,ER,2015,87,107,168,92.046,2.863,4.071,89.276,82.899,70.433,817.136,350.799,1.413,85.26,23.276,3.508,20,1,High
WDP4B-1008,WDP4B,ER,2015,88,107,170,94.919,2.815,4.152,88.824,83.966,68.83,852.319,354.899,1.374,74.018,22.491,3.611,19,1,High
WDP4B-1008,WDP4B,ER,2015,89,107,172,93.214,2.644,3.879,88.192,88.462,69.436,853.799,354.899,1.399,78.954,22.334,3.339,18,1,High
WDP4B-1008,WDP4B,ER,2015,90,107,174,101.47,2.71,4.308,85.432,85.649,70.852,864.357,345.4,1.36,67.75,22.534,3.499,17,1,High
WDP4B-1008,WDP4B,ER,2015,91,107,176,97.011,2.245,4.562,86.915,83.74,70.378,838.093,352.95,1.316,79.602,22.788,3.569,16,1,High
WDP4B-1008,WDP4B,ER,2015,92,107,178,97.852,2.524,4.114,84.825,88.748,70.775,846.743,363.673,1.26,80.529,22.738,3.497,15,1,High
WDP4B-1008,WDP4B,ER,2015,93,107,180,99.111,2.156,4.948,85.441,90.67,75.276,835.68,364.578,1.278,65.171,22.271,3.728,14,1,High
WDP4B-1008,WDP4B,ER,2015,94,107,0,99.905,2.338,5.254,84.119,85.138,73.435,869.253,358.774,1.334,67.315,21.904,3.155,13,1,High
WDP4B-1008,WDP4B,ER,2015,95,107,2,107.221,2.448,4.836,83.916,89.501,75.414,878.752,332.706,1.143,71.679,21.798,3.577,12,1,High
WDP4B-1008,WDP4B,ER,2015,96,107,4,102.592,2.26,5.309,83.384,89.331,80.006,839.159,372.153,1.141,65.656,21.76,3.576,11,1,High
WDP4B-1008,WDP4B,ER,2015,97,107,6,102.44,2.087,6.066,84.358,92.193,74.006,824.559,369.41,1.2,80.06,21.763,2.974,10,1,Critical
WDP4B-1008,WDP4B,ER,2015,98,107,8,106.388,2.317,5.558,81.305,92.395,79.274,833.555,357.094,0.968,76.11,22.185,3.16,9,1,Critical
WDP4B-1008,WDP4B,ER,2015,99,107,10,113.958,2.337,6.357,83.746,91.548,78.143,845.582,373.007,1.167,68.739,22.185,3.02,8,1,Critical
WDP4B-1008,WDP4B,ER,2015,100,107,12,112.159,2.03,6.171,80.864,93.776,81.31,847.145,389.931,0.964,74.996,21.522,3.445,7,1,Critical
WDP4B-1008,WDP4B,ER,2015,101,107,14,119.349,1.885,6.333,83.352,98.148,77.161,826.542,392.63,1.01,76.095,21.438,2.929,6,1,Critical
WDP4B-1008,WDP4B,ER,2015,102,107,16,115.494,1.704,6.914,78.706,99.105,81.478,853.214,391.805,0.803,73.817,21.154,2.922,5,1,Critical
WDP4B-1008,WDP4B,ER,2015,103,107,18,113.11,1.569,6.98,78.592,101.232,82.911,810.921,389.673,0.838,62.514,20.667,3.335,4,1,Critical
WDP4B-1008,WDP4B,ER,2015,104,107,20,118.761,1.623,7.753,81.707,96.471,87.059,833.955,411.899,0.816,69.557,21.57,2.94,3,1,Critical
WDP4B-1008,WDP4B,ER,2015,105,107,22,120.05,1.802,8.005,77.616,101.131,85.304,808.523,408.289,0.895,80.926,20.681,3.357,2,1,Critical
WDP4B-1008,WDP4B,ER,2015,106,107,24,125.333,1.485,7.996,75.646,100.811,88.452,789.145,403.164,0.707,80.313,20.228,2.766,1,1,Critical
WDP4B-1008,WDP4B,ER,2015,107,107,26,125.233,1.426,8.137,74.889,105.833,90.284,789.207,390.328,0.788,74.52,20.365,2.705,0,1,Critical
WDG4-1009,WDG4,SR,2015,1,92,-20,88.065,3.458,1.641,96.067,77.292,56.032,907.952,329.055,1.796,76.095,24.045,4.046,91,0,Low
WDG4-1009,WDG4,SR,2015,2,92,-18,82.493,3.349,1.964,92.109,77.104,59.102,939.189,324.788,1.625,73.817,23.904,4.086,90,0,Low
WDG4-1009,WDG4,SR,2015,3,92,-16,78.325,3.287,1.762,92.711,78.042,59.239,901.639,319.081,1.697,62.514,23.566,4.548,89,0,Low
WDG4-1009,WDG4,SR,2015,4,92,-14,82.125,3.417,2.258,96.567,72.047,62.043,929.595,337.599,1.713,69.557,24.623,4.205,88,0,Low
WDG4-1009,WDG4,SR,2015,5,92,-12,81.496,3.676,2.222,93.244,75.429,58.895,909.262,330.147,1.832,80.926,23.894,4.675,87,0,Low
WDG4-1009,WDG4,SR,2015,6,92,-10,84.796,3.44,1.915,92.07,73.786,60.6,895.16,321.047,1.684,80.313,23.607,4.138,86,0,Low
WDG4-1009,WDG4,SR,2015,7,92,-8,82.645,3.466,1.749,92.134,77.441,60.941,900.677,304.103,1.808,74.52,23.914,4.135,85,0,Low
WDG4-1009,WDG4,SR,2015,8,92,-6,78.662,3.494,1.981,92.932,70.544,61.504,879.522,325.406,1.686,72.433,24.086,4.298,84,0,Low
WDG4-1009,WDG4,SR,2015,9,92,-4,87.883,3.606,1.492,95.674,78.713,63.0,900.227,310.467,1.794,67.505,23.91,4.492,83,0,Low
WDG4-1009,WDG4,SR,2015,10,92,-2,84.754,3.584,1.909,96.099,76.716,61.282,859.153,307.13,1.705,82.008,24.546,3.549,82,0,Low
WDG4-1009,WDG4,SR,2015,11,92,0,80.495,3.53,1.885,94.711,78.527,58.448,926.678,317.77,1.702,73.564,24.203,4.19,81,0,Low
WDG4-1009,WDG4,SR,2015,12,92,2,89.08,3.467,2.05,95.065,74.626,63.075,924.502,318.575,1.862,70.57,24.229,4.498,80,0,Low
WDG4-1009,WDG4,SR,2015,13,92,4,84.029,3.527,2.163,96.37,80.381,62.364,931.184,324.313,1.712,69.515,23.773,4.151,79,0,Low
WDG4-1009,WDG4,SR,2015,14,92,6,84.245,3.397,1.706,93.088,74.682,55.594,924.986,303.262,1.674,72.069,22.695,4.127,78,0,Low
WDG4-1009,WDG4,SR,2015,15,92,8,86.383,3.7,1.688,91.796,72.663,54.576,891.527,314.276,1.681,68.753,23.959,4.275,77,0,Low
WDG4-1009,WDG4,SR,2015,16,92,10,85.082,3.29,1.864,92.372,81.729,59.56,917.306,329.309,1.82,77.007,23.445,4.273,76,0,Low
WDG4-1009,WDG4,SR,2015,17,92,12,84.325,3.688,1.382,93.216,75.733,62.775,891.678,315.02,1.686,73.454,23.938,4.177,75,0,Low
WDG4-1009,WDG4,SR,2015,18,92,14,85.991,3.664,1.242,92.894,73.099,62.268,911.217,333.513,1.67,80.183,24.062,4.119,74,0,Low
WDG4-1009,WDG4,SR,2015,19,92,16,81.878,3.482,1.842,93.624,73.694,58.378,879.878,324.05,1.777,78.089,24.153,4.025,73,0,Low
WDG4-1009,WDG4,SR,2015,20,92,18,79.621,3.409,1.86,91.281,73.114,61.852,890.239,337.97,1.736,68.019,24.411,4.285,72,0,Low
WDG4-1009,WDG4,SR,2015,21,92,20,82.88,3.367,1.313,96.919,72.734,60.962,908.732,348.325,1.956,69.003,23.524,4.137,71,0,Low
WDG4-1009,WDG4,SR,2015,22,92,22,85.532,3.423,1.422,93.695,70.477,58.434,916.292,311.974,1.805,72.059,24.522,3.876,70,0,Low
WDG4-1009,WDG4,SR,2015,23,92,24,87.547,3.63,2.5,93.397,77.202,59.652,930.921,329.582,1.601,69.484,23.24,4.145,69,0,Low
WDG4-1009,WDG4,SR,2015,24,92,26,78.024,3.542,2.295,93.02,77.526,61.62,871.714,313.974,1.867,64.229,24.153,4.005,68,0,Low
WDG4-1009,WDG4,SR,2015,25,92,28,80.124,3.504,1.877,95.191,73.699,59.869,851.121,328.366,1.677,75.282,23.648,4.216,67,0,Low
WDG4-1009,WDG4,SR,2015,26,92,30,77.167,3.511,1.973,92.943,74.705,62.808,847.554,325.101,1.727,76.124,23.132,4.085,66,0,Low
WDG4-1009,WDG4,SR,2015,27,92,32,83.183,3.418,1.661,93.653,73.255,60.427,941.613,311.216,1.737,73.779,24.134,4.035,65,0,Low
WDG4-1009,WDG4,SR,2015,28,92,34,82.786,3.394,1.825,91.48,71.295,61.827,873.023,325.604,1.672,69.365,23.881,4.081,64,0,Low
WDG4-1009,WDG4,SR,2015,29,92,36,83.464,3.673,1.856,92.446,80.003,59.931,874.18,310.786,1.628,74.728,23.082,4.317,63,0,Low
WDG4-1009,WDG4,SR,2015,30,92,38,84.445,3.494,2.641,93.315,76.043,59.603,908.171,309.661,1.658,69.103,22.89,4.162,62,0,Low
WDG4-1009,WDG4,SR,2015,31,92,40,79.502,3.182,1.493,92.163,76.86,62.568,896.623,305.357,1.886,69.085,23.274,4.238,61,0,Low
WDG4-1009,WDG4,SR,2015,32,92,42,83.765,3.607,2.38,91.316,71.108,64.92,900.242,317.802,1.674,72.33,24.196,4.262,60,0,Medium
WDG4-1009,WDG4,SR,2015,33,92,44,83.78,3.117,1.242,91.406,76.435,57.45,899.205,335.916,1.72,73.126,23.381,4.448,59,0,Medium
WDG4-1009,WDG4,SR,2015,34,92,46,87.041,3.333,2.089,94.974,72.278,63.418,871.56,320.882,1.709,69.677,23.922,4.363,58,0,Medium
WDG4-1009,WDG4,SR,2015,35,92,48,80.804,3.152,2.21,89.895,74.964,56.214,915.208,302.209,1.781,74.927,23.781,4.122,57,0,Medium
WDG4-1009,WDG4,SR,2015,36,92,50,85.032,3.344,2.057,93.115,75.72,63.595,916.619,334.234,1.71,58.502,23.869,3.701,56,0,Medium
WDG4-1009,WDG4,SR,2015,37,92,52,85.37,3.161,2.263,94.815,75.199,62.541,893.593,330.386,1.687,73.834,23.746,4.16,55,0,Medium
WDG4-1009,WDG4,SR,2015,38,92,54,89.241,3.371,1.778,92.026,75.683,61.467,899.164,326.51,1.803,64.932,22.867,4.15,54,0,Medium
WDG4-1009,WDG4,SR,2015,39,92,56,90.007,2.996,1.766,94.736,77.583,58.308,928.669,315.655,1.785,68.515,23.844,4.077,53,0,Medium
WDG4-1009,WDG4,SR,2015,40,92,58,80.942,3.49,1.963,91.307,75.584,62.068,911.902,326.63,1.817,68.633,23.987,3.999,52,0,Medium
WDG4-1009,WDG4,SR,2015,41,92,60,90.217,3.274,2.02,90.863,77.598,57.859,893.792,335.651,1.674,73.012,24.116,3.728,51,0,Medium
WDG4-1009,WDG4,SR,2015,42,92,62,79.515,3.348,1.96,94.966,74.008,60.57,907.993,329.599,1.805,74.584,22.363,3.944,50,0,Medium
WDG4-1009,WDG4,SR,2015,43,92,64,80.793,3.239,2.314,91.833,70.615,66.286,891.798,326.378,1.817,72.05,24.479,4.231,49,0,Medium
WDG4-1009,WDG4,SR,2015,44,92,66,78.908,3.428,1.839,94.781,76.607,59.154,915.814,330.507,1.775,68.448,24.145,3.984,48,0,Medium
WDG4-1009,WDG4,SR,2015,45,92,68,86.705,3.709,2.011,93.937,78.323,62.795,867.384,317.589,1.689,73.717,22.932,4.576,47,0,Medium
WDG4-1009,WDG4,SR,2015,46,92,70,78.935,3.466,2.17,95.088,74.725,62.868,900.705,334.438,1.727,60.286,23.981,4.257,46,0,Medium
WDG4-1009,WDG4,SR,2015,47,92,72,80.887,3.475,2.073,95.246,79.225,59.942,918.498,314.639,1.729,70.982,23.041,4.306,45,0,Medium
WDG4-1009,WDG4,SR,2015,48,92,74,85.612,3.435,2.274,93.696,76.039,59.294,889.739,332.867,1.683,80.796,24.013,4.06,44,0,Medium
WDG4-1009,WDG4,SR,2015,49,92,76,80.982,3.337,2.299,94.467,73.813,59.795,838.357,313.215,1.704,63.617,24.267,4.258,43,0,Medium
WDG4-1009,WDG4,SR,2015,50,92,78,83.288,3.49,2.082,94.358,78.225,64.223,912.451,323.846,1.651,70.891,24.436,4.303,42,0,Medium
WDG4-1009,WDG4,SR,2015,51,92,80,81.08,3.246,1.818,92.699,75.371,59.933,853.292,322.702,1.738,70.17,23.809,4.107,41,0,Medium
WDG4-1009,WDG4,SR,2015,52,92,82,75.658,3.214,1.66,92.574,76.06,60.328,899.358,322.389,1.738,78.516,23.622,4.293,40,0,Medium
WDG4-1009,WDG4,SR,2015,53,92,84,85.312,3.366,2.231,90.828,76.27,63.318,918.233,320.389,1.596,77.419,23.546,3.787,39,0,Medium
WDG4-1009,WDG4,SR,2015,54,92,86,84.361,3.316,2.572,95.344,77.248,60.863,899.108,310.504,1.677,71.744,23.387,4.236,38,0,Medium
WDG4-1009,WDG4,SR,2015,55,92,88,80.315,3.358,1.573,92.608,78.341,58.987,868.261,322.099,1.673,69.43,24.967,4.0,37,0,Medium
WDG4-1009,WDG4,SR,2015,56,92,90,84.881,3.472,1.828,95.106,74.849,60.83,847.278,321.817,1.777,67.33,24.022,4.012,36,0,Medium
WDG4-1009,WDG4,SR,2015,57,92,92,82.636,3.202,2.296,93.231,72.806,62.635,928.745,326.495,1.769,70.916,23.838,4.066,35,0,Medium
WDG4-1009,WDG4,SR,2015,58,92,94,85.656,3.229,2.22,94.096,79.886,58.872,868.257,319.568,1.777,68.015,22.956,4.279,34,0,Medium
WDG4-1009,WDG4,SR,2015,59,92,96,83.324,3.215,1.859,91.5,74.315,61.015,897.36,315.943,1.687,64.622,23.703,4.0,33,0,Medium
WDG4-1009,WDG4,SR,2015,60,92,98,83.015,3.048,2.068,92.706,76.871,60.403,882.191,328.378,1.646,75.472,23.842,4.131,32,0,Medium
WDG4-1009,WDG4,SR,2015,61,92,100,82.136,3.291,1.87,92.215,75.233,62.335,883.967,312.819,1.776,66.131,23.721,4.275,31,0,Medium
WDG4-1009,WDG4,SR,2015,62,92,102,91.416,2.911,2.882,91.315,82.735,66.288,896.485,329.451,1.612,71.687,23.431,4.053,30,1,High
WDG4-1009,WDG4,SR,2015,63,92,104,91.474,2.85,3.409,92.133,78.233,63.391,865.702,335.731,1.541,73.394,23.5,3.912,29,1,High
WDG4-1009,WDG4,SR,2015,64,92,106,84.806,2.763,3.261,92.546,81.07,64.139,897.811,335.252,1.554,63.66,22.821,3.982,28,1,High
WDG4-1009,WDG4,SR,2015,65,92,108,90.037,3.24,2.958,90.927,82.992,66.379,851.071,344.005,1.393,71.267,22.94,4.04,27,1,High
WDG4-1009,WDG4,SR,2015,66,92,110,94.903,2.824,3.063,89.382,77.524,64.601,855.462,340.225,1.467,71.656,23.363,3.83,26,1,High
WDG4-1009,WDG4,SR,2015,67,92,112,87.815,3.23,2.905,92.696,84.801,67.153,873.491,358.28,1.481,70.256,23.238,4.008,25,1,High
WDG4-1009,WDG4,SR,2015,68,92,114,91.932,2.823,3.571,89.884,83.657,68.214,853.321,329.449,1.42,73.053,22.85,3.905,24,1,High
WDG4-1009,WDG4,SR,2015,69,92,116,84.551,2.977,2.826,89.744,82.397,69.105,859.804,350.775,1.509,75.046,23.549,3.792,23,1,High
WDG4-1009,WDG4,SR,2015,70,92,118,94.354,3.068,3.171,88.467,76.526,65.698,896.825,354.918,1.416,68.152,23.541,3.814,22,1,High
WDG4-1009,WDG4,SR,2015,71,92,120,94.167,2.96,3.244,88.141,82.33,70.559,843.054,355.397,1.308,72.578,23.352,3.687,21,1,High
WDG4-1009,WDG4,SR,2015,72,92,122,93.325,2.719,3.936,88.222,86.699,70.424,872.204,324.651,1.409,65.216,22.399,3.825,20,1,High
WDG4-1009,WDG4,SR,2015,73,92,124,96.59,2.659,3.691,88.318,85.563,70.01,862.751,354.224,1.403,76.88,22.773,3.608,19,1,High
WDG4-1009,WDG4,SR,2015,74,92,126,96.854,2.714,3.8,86.253,82.402,68.631,885.47,357.181,1.468,72.429,21.937,3.624,18,1,High
WDG4-1009,WDG4,SR,2015,75,92,128,87.22,2.693,4.164,86.76,86.629,68.828,868.444,370.78,1.379,79.404,22.429,3.761,17,1,High
WDG4-1009,WDG4,SR,2015,76,92,130,97.852,2.447,3.962,87.897,88.092,67.644,908.455,361.975,1.347,80.537,22.773,3.419,16,1,High
WDG4-1009,WDG4,SR,2015,77,92,132,99.331,2.653,4.579,86.943,84.358,69.151,849.865,368.832,1.372,75.883,23.752,3.703,15,1,High
WDG4-1009,WDG4,SR,2015,78,92,134,98.229,2.384,4.412,90.067,86.193,73.247,873.107,355.516,1.283,63.904,22.986,3.527,14,1,High
WDG4-1009,WDG4,SR,2015,79,92,136,97.732,2.684,4.636,87.648,91.918,71.892,841.2,367.067,1.215,75.033,22.822,3.386,13,1,High
WDG4-1009,WDG4,SR,2015,80,92,138,105.214,2.275,5.076,85.996,89.66,73.465,857.314,371.549,1.341,81.691,22.491,3.518,12,1,High
WDG4-1009,WDG4,SR,2015,81,92,140,107.631,2.362,5.02,85.643,90.308,73.685,842.533,368.186,1.246,72.584,21.759,3.388,11,1,High
WDG4-1009,WDG4,SR,2015,82,92,142,103.996,2.246,5.152,83.879,87.785,74.275,865.974,360.856,1.375,78.016,22.207,3.427,10,1,Critical
WDG4-1009,WDG4,SR,2015,83,92,144,109.673,2.277,5.781,85.152,96.755,71.879,826.928,362.938,1.172,79.465,21.261,3.558,9,1,Critical
WDG4-1009,WDG4,SR,2015,84,92,146,104.94,2.254,5.271,83.455,93.672,78.437,832.744,387.967,1.098,65.57,21.449,3.569,8,1,Critical
WDG4-1009,WDG4,SR,2015,85,92,148,109.743,2.141,5.441,80.977,92.546,78.577,830.495,358.982,1.209,77.225,21.807,3.502,7,1,Critical
WDG4-1009,WDG4,SR,2015,86,92,150,112.9,1.943,6.103,83.302,94.653,77.036,850.441,392.004,0.987,72.202,22.062,3.095,6,1,Critical
WDG4-1009,WDG4,SR,2015,87,92,152,113.013,1.942,6.877,83.938,99.543,81.437,825.516,385.197,0.983,63.36,21.136,3.133,5,1,Critical
WDG4-1009,WDG4,SR,2015,88,92,154,107.578,1.749,6.933,79.834,93.771,80.209,809.47,384.419,0.86,70.651,21.648,3.072,4,1,Critical
WDG4-1009,WDG4,SR,2015,89,92,156,115.367,2.009,7.252,81.167,98.51,84.173,797.489,393.07,0.906,75.308,20.993,3.1,3,1,Critical
WDG4-1009,WDG4,SR,2015,90,92,158,117.449,1.54,7.344,79.053,102.633,85.766,774.333,389.197,0.884,71.156,20.912,3.096,2,1,Critical
WDG4-1009,WDG4,SR,2015,91,92,160,122.662,1.586,7.364,76.824,102.172,85.604,826.665,376.959,0.86,72.795,19.76,2.884,1,1,Critical
WDG4-1009,WDG4,SR,2015,92,92,162,125.047,1.454,7.568,78.922,102.822,84.762,781.265,404.815,0.778,71.271,19.967,2.838,0,1,Critical
WAP5-1010,WAP5,WR,2010,1,183,-26,81.85,3.476,1.682,92.894,75.516,56.27,912.444,324.565,1.728,67.146,24.429,4.166,182,0,Low
WAP5-1010,WAP5,WR,2010,2,183,-24,81.904,3.37,1.928,94.473,71.428,61.096,897.113,321.059,1.885,73.912,23.584,4.149,181,0,Low
WAP5-1010,WAP5,WR,2010,3,183,-22,84.74,3.806,1.638,90.52,74.705,59.046,882.217,322.016,1.857,70.92,23.532,4.37,180,0,Low
WAP5-1010,WAP5,WR,2010,4,183,-20,86.78,3.432,1.958,95.159,71.399,61.564,877.42,314.795,1.712,71.672,23.929,4.082,179,0,Low
WAP5-1010,WAP5,WR,2010,5,183,-18,81.251,3.815,1.938,93.435,73.866,61.127,901.819,314.819,1.763,72.629,24.258,3.754,178,0,Low
WAP5-1010,WAP5,WR,2010,6,183,-16,86.29,3.556,1.951,96.374,77.33,59.108,893.326,316.781,1.824,65.924,24.0,4.298,177,0,Low
WAP5-1010,WAP5,WR,2010,7,183,-14,81.796,3.532,1.928,94.753,74.525,59.425,881.308,332.271,1.759,62.056,24.112,3.846,176,0,Low
WAP5-1010,WAP5,WR,2010,8,183,-12,88.492,3.632,1.754,94.34,71.571,58.826,916.157,326.213,1.733,75.146,23.778,4.381,175,0,Low
WAP5-1010,WAP5,WR,2010,9,183,-10,80.388,3.572,2.085,94.534,71.405,59.283,938.421,328.158,1.718,67.706,23.409,4.426,174,0,Low
WAP5-1010,WAP5,WR,2010,10,183,-8,81.994,3.529,1.536,91.804,78.72,61.063,882.321,311.687,1.859,80.686,23.725,4.242,173,0,Low
WAP5-1010,WAP5,WR,2010,11,183,-6,89.895,3.535,2.442,93.328,80.711,63.687,881.842,337.386,1.856,71.422,23.322,3.945,172,0,Low
WAP5-1010,WAP5,WR,2010,12,183,-4,78.156,3.656,2.159,93.377,75.658,62.875,892.19,326.923,1.93,64.4,24.336,4.262,171,0,Low
WAP5-1010,WAP5,WR,2010,13,183,-2,80.173,3.737,1.963,92.079,73.537,62.248,895.036,313.04,1.752,72.61,23.88,4.224,170,0,Low
WAP5-1010,WAP5,WR,2010,14,183,0,79.638,3.514,1.974,91.854,72.989,58.109,909.829,320.186,1.81,79.522,24.524,4.142,169,0,Low
WAP5-1010,WAP5,WR,2010,15,183,2,75.839,3.276,1.9,93.167,71.05,64.296,878.58,314.988,1.653,72.403,24.684,4.262,168,0,Low
WAP5-1010,WAP5,WR,2010,16,183,4,78.573,3.15,2.399,94.412,73.504,61.46,910.465,310.312,1.693,74.706,24.64,4.308,167,0,Low
WAP5-1010,WAP5,WR,2010,17,183,6,84.066,3.378,2.277,95.062,76.406,59.386,934.025,317.428,1.729,72.72,23.509,4.054,166,0,Low
WAP5-1010,WAP5,WR,2010,18,183,8,78.488,3.509,1.677,93.165,75.667,59.088,863.238,334.307,1.784,73.155,24.197,4.188,165,0,Low
WAP5-1010,WAP5,WR,2010,19,183,10,80.453,3.457,2.272,92.585,73.644,61.181,908.381,326.254,1.575,71.394,23.969,4.431,164,0,Low
WAP5-1010,WAP5,WR,2010,20,183,12,84.515,3.351,2.18,92.638,76.16,59.499,910.457,348.841,1.757,72.133,23.928,4.195,163,0,Low
WAP5-1010,WAP5,WR,2010,21,183,14,86.573,3.538,2.274,93.621,78.499,60.102,879.352,316.831,1.733,74.91,24.022,4.065,162,0,Low
WAP5-1010,WAP5,WR,2010,22,183,16,77.593,3.372,1.347,93.612,71.498,58.98,899.433,319.323,1.848,71.004,24.147,4.199,161,0,Low
WAP5-1010,WAP5,WR,2010,23,183,18,81.869,3.459,2.399,92.638,73.74,60.161,897.951,326.163,1.657,78.548,24.019,3.753,160,0,Low
WAP5-1010,WAP5,WR,2010,24,183,20,85.096,3.542,1.788,94.106,74.857,59.837,884.873,313.865,1.871,83.718,23.921,3.642,159,0,Low
WAP5-1010,WAP5,WR,2010,25,183,22,85.031,3.306,1.433,96.535,70.601,59.481,924.741,331.41,1.849,71.088,24.069,3.906,158,0,Low
WAP5-1010,WAP5,WR,2010,26,183,24,84.154,3.239,1.649,91.418,76.549,61.88,893.547,319.665,1.889,74.599,24.219,4.37,157,0,Low
WAP5-1010,WAP5,WR,2010,27,183,26,82.819,3.328,2.187,93.633,73.472,59.88,911.06,333.315,1.742,63.129,24.156,4.049,156,0,Low
WAP5-1010,WAP5,WR,2010,28,183,28,84.317,3.214,1.887,92.127,73.634,63.396,878.55,324.222,1.764,73.175,24.002,4.092,155,0,Low
WAP5-1010,WAP5,WR,2010,29,183,30,85.674,3.591,1.915,95.991,81.348,58.778,908.692,338.5,1.88,76.608,24.239,3.876,154,0,Low
WAP5-1010,WAP5,WR,2010,30,183,32,82.332,3.412,1.91,93.192,77.83,60.753,905.698,321.118,1.691,70.551,23.424,4.12,153,0,Low
WAP5-1010,WAP5,WR,2010,31,183,34,89.871,3.379,1.55,93.328,79.841,60.939,923.343,310.572,1.709,75.125,24.395,3.995,152,0,Low
WAP5-1010,WAP5,WR,2010,32,183,36,74.095,3.416,2.362,91.743,79.019,61.506,947.922,315.806,1.653,74.661,23.08,4.4,151,0,Low
WAP5-1010,WAP5,WR,2010,33,183,38,83.04,3.611,2.402,93.554,72.573,62.938,917.45,321.654,1.739,66.002,23.648,4.251,150,0,Low
WAP5-1010,WAP5,WR,2010,34,183,40,78.985,3.321,2.099,92.012,81.271,62.14,908.89,322.546,1.694,67.759,24.024,4.499,149,0,Low
WAP5-1010,WAP5,WR,2010,35,183,42,79.658,3.491,1.819,91.783,77.535,64.417,926.902,318.943,1.836,71.579,24.199,4.523,148,0,Low
WAP5-1010,WAP5,WR,2010,36,183,44,87.426,3.262,1.401,94.915,74.386,60.423,864.109,330.932,1.821,67.981,23.805,3.983,147,0,Low
WAP5-1010,WAP5,WR,2010,37,183,46,78.839,3.344,2.69,91.616,77.91,56.452,862.759,323.834,1.797,66.771,24.014,4.475,146,0,Low
WAP5-1010,WAP5,WR,2010,38,183,48,81.072,3.447,1.72,93.81,77.467,60.887,912.348,309.104,1.602,69.79,22.96,4.126,145,0,Low
WAP5-1010,WAP5,WR,2010,39,183,50,83.18,3.078,1.905,94.37,74.637,60.818,887.388,311.729,1.789,76.766,23.44,3.967,144,0,Low
WAP5-1010,WAP5,WR,2010,40,183,52,82.549,3.61,1.867,93.304,75.102,64.022,841.142,326.859,1.645,69.568,24.476,4.364,143,0,Low
WAP5-1010,WAP5,WR,2010,41,183,54,85.463,3.231,1.605,94.433,73.89,61.659,854.089,325.98,1.74,73.071,24.205,4.284,142,0,Low
WAP5-1010,WAP5,WR,2010,42,183,56,84.089,3.377,2.201,91.608,80.75,59.307,911.995,333.351,1.705,70.331,23.691,4.159,141,0,Low
WAP5-1010,WAP5,WR,2010,43,183,58,86.505,3.028,1.814,92.117,79.178,62.453,896.08,315.732,1.764,69.962,24.131,4.275,140,0,Low
WAP5-1010,WAP5,WR,2010,44,183,60,84.565,3.551,1.701,92.38,74.374,60.566,898.53,309.911,1.691,73.441,24.85,4.225,139,0,Low
WAP5-1010,WAP5,WR,2010,45,183,62,86.073,3.363,2.154,94.122,76.503,60.578,906.132,321.687,1.651,67.835,23.364,3.686,138,0,Low
WAP5-1010,WAP5,WR,2010,46,183,64,86.094,3.223,1.743,92.617,71.545,59.762,893.12,331.108,1.75,69.587,23.306,4.066,137,0,Low
WAP5-1010,WAP5,WR,2010,47,183,66,84.059,3.437,2.235,91.386,74.375,62.144,906.38,327.533,1.785,83.16,23.091,4.059,136,0,Low
WAP5-1010,WAP5,WR,2010,48,183,68,86.416,3.001,2.272,93.677,75.944,57.69,888.132,333.782,1.643,72.067,23.753,4.109,135,0,Low
WAP5-1010,WAP5,WR,2010,49,183,70,78.899,3.362,2.279,94.439,73.574,63.565,887.709,329.595,1.685,70.431,24.28,4.425,134,0,Low
WAP5-1010,WAP5,WR,2010,50,183,72,85.552,3.359,2.28,90.823,76.252,61.08,918.424,331.837,1.665,66.093,23.771,4.28,133,0,Low
WAP5-1010,WAP5,WR,2010,51,183,74,87.339,3.554,2.23,92.724,79.723,59.621,894.546,321.513,1.819,65.645,24.867,4.041,132,0,Low
WAP5-1010,WAP5,WR,2010,52,183,76,89.306,3.335,2.151,90.275,80.724,63.275,913.851,324.045,1.695,70.759,23.699,4.115,131,0,Low
WAP5-1010,WAP5,WR,2010,53,183,78,86.873,3.256,2.097,94.722,78.384,62.675,879.286,299.988,1.582,71.605,23.989,4.211,130,0,Low
WAP5-1010,WAP5,WR,2010,54,183,80,86.338,3.114,2.221,91.503,77.216,60.723,866.256,331.558,1.681,72.129,23.635,4.224,129,0,Low
WAP5-1010,WAP5,WR,2010,55,183,82,80.611,3.237,2.178,96.66,79.924,59.464,839.747,318.464,1.761,76.013,23.352,3.998,128,0,Low
WAP5-1010,WAP5,WR,2010,56,183,84,85.511,3.164,1.931,95.072,73.773,59.671,902.512,318.821,1.754,73.459,24.375,4.483,127,0,Low
WAP5-1010,WAP5,WR,2010,57,183,86,85.958,3.386,2.094,90.378,79.222,63.226,857.957,324.647,1.718,73.511,23.758,4.002,126,0,Low
WAP5-1010,WAP5,WR,2010,58,183,88,83.424,3.529,2.206,94.187,74.966,61.927,889.348,316.592,1.831,69.468,24.045,4.359,125,0,Low
WAP5-1010,WAP5,WR,2010,59,183,90,83.278,3.147,1.699,92.814,77.405,62.129,925.407,339.136,1.657,68.967,23.193,3.903,124,0,Low
WAP5-1010,WAP5,WR,2010,60,183,92,87.018,3.046,1.986,93.162,75.74,59.732,919.033,333.726,1.698,73.844,23.715,4.223,123,0,Low
WAP5-1010,WAP5,WR,2010,61,183,94,90.553,3.209,1.938,94.736,72.942,63.213,863.258,329.706,1.702,77.106,23.252,4.083,122,0,Low
WAP5-1010,WAP5,WR,2010,62,183,96,80.76,3.264,2.392,92.322,76.744,59.856,897.873,328.165,1.85,76.923,23.47,4.039,121,0,Low
WAP5-1010,WAP5,WR,2010,63,183,98,85.418,3.467,1.927,92.679,75.615,59.204,882.026,320.837,1.743,78.859,23.461,3.908,120,0,Low
WAP5-1010,WAP5,WR,2010,64,183,100,83.614,3.417,2.261,92.082,76.437,62.421,885.007,322.209,1.493,73.309,23.431,4.236,119,0,Low
WAP5-1010,WAP5,WR,2010,65,183,102,88.85,3.439,2.684,92.132,77.371,60.499,883.447,318.993,1.811,71.284,24.217,3.891,118,0,Low
WAP5-1010,WAP5,WR,2010,66,183,104,85.965,3.328,1.969,96.971,74.887,60.754,860.313,325.754,1.624,72.626,24.252,3.861,117,0,Low
WAP5-1010,WAP5,WR,2010,67,183,106,81.399,3.492,1.486,88.893,78.295,62.126,864.591,331.697,1.755,70.507,24.096,4.514,116,0,Low
WAP5-1010,WAP5,WR,2010,68,183,108,83.053,3.247,2.321,94.066,74.988,63.257,879.338,321.124,1.538,77.304,23.81,3.649,115,0,Low
WAP5-1010,WAP5,WR,2010,69,183,110,87.829,3.328,1.989,94.196,79.027,60.586,855.327,320.265,1.773,71.155,24.627,4.002,114,0,Low
WAP5-1010,WAP5,WR,2010,70,183,112,81.766,3.322,2.117,93.507,76.694,59.779,878.271,313.894,1.753,65.91,23.767,4.418,113,0,Low
WAP5-1010,WAP5,WR,2010,71,183,114,84.464,3.04,2.171,94.682,73.928,61.422,892.77,327.245,1.666,71.67,23.612,4.039,112,0,Low
WAP5-1010,WAP5,WR,2010,72,183,116,82.384,3.195,2.476,93.732,81.353,61.68,896.014,332.519,1.624,73.163,24.152,4.147,111,0,Low
WAP5-1010,WAP5,WR,2010,73,183,118,85.162,3.21,1.967,92.855,81.526,60.59,932.458,316.959,1.651,74.509,24.059,4.426,110,0,Low
WAP5-1010,WAP5,WR,2010,74,183,120,86.347,3.209,2.522,94.011,79.953,60.409,895.273,323.819,1.735,75.356,24.012,4.068,109,0,Low
WAP5-1010,WAP5,WR,2010,75,183,122,84.287,3.513,2.331,93.706,75.313,60.622,901.443,330.929,1.555,71.196,23.48,4.21,108,0,Low
WAP5-1010,WAP5,WR,2010,76,183,124,83.65,3.274,1.856,92.379,73.48,63.869,884.205,337.803,1.699,77.499,23.268,4.03,107,0,Low
WAP5-1010,WAP5,WR,2010,77,183,126,84.419,3.368,2.033,93.589,77.835,63.405,919.31,309.059,1.743,82.179,23.442,4.181,106,0,Low
WAP5-1010,WAP5,WR,2010,78,183,128,84.413,3.39,2.014,92.356,77.606,60.603,844.403,311.292,1.608,64.641,24.005,4.075,105,0,Low
WAP5-1010,WAP5,WR,2010,79,183,130,82.671,3.294,2.516,90.177,79.681,59.097,861.005,336.461,1.79,58.009,23.947,4.097,104,0,Low
WAP5-1010,WAP5,WR,2010,80,183,132,85.472,3.32,2.43,94.476,79.008,58.121,899.115,302.564,1.72,67.123,24.094,4.095,103,0,Low
WAP5-1010,WAP5,WR,2010,81,183,134,83.735,3.493,2.351,90.854,77.573,62.593,886.203,308.367,1.688,79.019,23.671,4.329,102,0,Low
WAP5-1010,WAP5,WR,2010,82,183,136,83.296,3.003,2.067,93.727,74.481,62.793,912.237,322.979,1.829,72.328,22.9,3.797,101,0,Low
WAP5-1010,WAP5,WR,2010,83,183,138,82.748,2.961,2.303,93.773,76.205,57.199,904.681,318.217,1.667,78.179,23.648,4.095,100,0,Low
WAP5-1010,WAP5,WR,2010,84,183,140,82.657,3.369,2.122,92.542,74.405,61.707,921.569,316.867,1.636,69.538,23.549,3.778,99,0,Low
WAP5-1010,WAP5,WR,2010,85,183,142,88.246,3.571,1.872,93.536,78.045,60.24,897.992,324.027,1.8,66.941,23.456,3.83,98,0,Low
WAP5-1010,WAP5,WR,2010,86,183,144,87.558,3.465,2.596,93.599,75.142,64.055,859.792,320.709,1.525,77.335,23.746,4.025,97,0,Low
WAP5-1010,WAP5,WR,2010,87,183,146,79.244,3.142,2.489,91.52,75.331,61.297,903.395,321.753,1.709,72.215,23.746,3.765,96,0,Low
WAP5-1010,WAP5,WR,2010,88,183,148,88.565,3.495,1.812,93.538,74.502,61.194,924.799,313.683,1.83,75.724,24.618,3.967,95,0,Low
WAP5-1010,WAP5,WR,2010,89,183,150,85.081,3.196,2.387,92.941,78.371,61.505,871.315,323.29,1.684,73.627,23.731,4.368,94,0,Low
WAP5-1010,WAP5,WR,2010,90,183,152,91.987,3.399,1.766,94.107,79.423,65.683,921.222,315.349,1.713,65.562,23.87,3.709,93,0,Low
WAP5-1010,WAP5,WR,2010,91,183,154,91.448,2.973,2.675,93.055,77.963,61.773,893.012,351.787,1.605,73.451,23.914,4.133,92,0,Low
WAP5-1010,WAP5,WR,2010,92,183,156,84.597,3.23,2.601,93.854,79.279,65.318,893.098,323.558,1.569,76.659,23.772,3.738,91,0,Low
WAP5-1010,WAP5,WR,2010,93,183,158,88.651,3.218,1.928,94.913,74.35,62.107,910.93,332.66,1.701,64.34,23.909,4.319,90,0,Low
WAP5-1010,WAP5,WR,2010,94,183,160,88.917,3.347,2.723,94.187,76.131,62.651,901.15,308.327,1.782,65.677,23.431,4.092,89,0,Low
WAP5-1010,WAP5,WR,2010,95,183,162,83.709,3.306,2.729,92.984,78.147,62.368,898.456,342.687,1.685,66.781,23.603,4.034,88,0,Low
WAP5-1010,WAP5,WR,2010,96,183,164,89.618,3.18,2.575,93.419,78.514,57.595,896.05,328.797,1.706,77.122,23.643,3.546,87,0,Low
WAP5-1010,WAP5,WR,2010,97,183,166,83.958,3.242,2.523,90.116,79.049,64.18,855.867,325.361,1.671,74.578,23.334,3.858,86,0,Low
WAP5-1010,WAP5,WR,2010,98,183,168,85.665,3.776,2.233,91.235,76.471,63.281,862.237,341.292,1.732,68.637,24.297,4.229,85,0,Low
WAP5-1010,WAP5,WR,2010,99,183,170,83.416,3.453,2.302,93.622,76.793,58.331,926.321,345.598,1.732,73.358,23.826,3.739,84,0,Low
WAP5-1010,WAP5,WR,2010,100,183,172,85.615,3.031,1.996,92.914,77.733,62.033,892.709,308.894,1.538,64.174,23.907,3.864,83,0,Low
WAP5-1010,WAP5,WR,2010,101,183,174,89.999,3.584,2.419,90.253,75.514,64.564,884.267,333.016,1.58,71.568,23.84,3.988,82,0,Low
WAP5-1010,WAP5,WR,2010,102,183,176,85.357,3.634,3.085,93.541,81.222,62.852,911.974,329.066,1.639,70.087,23.428,4.131,81,0,Low
WAP5-1010,WAP5,WR,2010,103,183,178,85.711,3.274,2.262,93.115,79.303,64.096,917.79,334.628,1.654,72.33,23.452,4.139,80,0,Low
WAP5-1010,WAP5,WR,2010,104,183,180,82.375,3.275,2.206,91.009,75.502,61.415,872.88,331.164,1.66,65.956,24.136,4.38,79,0,Low
WAP5-1010,WAP5,WR,2010,105,183,0,87.172,3.297,2.128,90.788,76.049,64.353,903.114,328.634,1.704,67.686,23.767,3.903,78,0,Low
WAP5-1010,WAP5,WR,2010,106,183,2,84.565,3.292,2.392,93.108,73.827,56.839,874.026,327.14,1.687,74.851,23.802,3.83,77,0,Low
WAP5-1010,WAP5,WR,2010,107,183,4,87.964,2.724,2.531,94.239,79.811,61.586,906.96,332.811,1.596,65.195,23.655,4.41,76,0,Low
WAP5-1010,WAP5,WR,2010,108,183,6,81.921,3.273,2.299,90.461,85.151,63.183,883.052,321.789,1.563,62.805,23.49,4.098,75,0,Low
WAP5-1010,WAP5,WR,2010,109,183,8,87.006,3.3,2.073,92.936,80.317,61.167,901.71,326.845,1.623,69.748,23.45,4.177,74,0,Low
WAP5-1010,WAP5,WR,2010,110,183,10,89.467,3.413,2.547,92.958,72.811,61.782,903.065,316.585,1.73,73.651,23.304,4.088,73,0,Low
WAP5-1010,WAP5,WR,2010,111,183,12,79.552,3.284,2.57,93.854,76.499,66.288,897.329,325.325,1.638,72.837,22.83,4.144,72,0,Low
WAP5-1010,WAP5,WR,2010,112,183,14,86.023,3.218,2.415,93.512,77.256,63.252,895.443,334.062,1.554,69.333,23.501,4.116,71,0,Low
WAP5-1010,WAP5,WR,2010,113,183,16,78.504,2.935,2.518,91.308,79.793,61.416,897.694,339.284,1.736,78.355,24.189,4.452,70,0,Low
WAP5-1010,WAP5,WR,2010,114,183,18,84.867,3.384,1.827,89.425,70.621,60.618,876.597,328.423,1.679,65.215,23.469,4.291,69,0,Low
WAP5-1010,WAP5,WR,2010,115,183,20,81.104,3.198,2.375,91.896,73.995,62.207,881.504,333.531,1.837,81.543,23.373,4.067,68,0,Low
WAP5-1010,WAP5,WR,2010,116,183,22,89.174,3.478,2.437,92.472,83.158,63.491,923.541,331.836,1.541,70.866,23.797,4.138,67,0,Low
WAP5-1010,WAP5,WR,2010,117,183,24,86.709,3.058,2.193,90.017,77.137,57.96,890.235,316.587,1.751,73.112,23.885,3.757,66,0,Low
WAP5-1010,WAP5,WR,2010,118,183,26,87.957,3.088,2.471,91.398,79.103,63.557,914.169,338.135,1.708,71.224,23.693,4.144,65,0,Low
WAP5-1010,WAP5,WR,2010,119,183,28,87.08,3.372,2.279,91.038,83.783,63.257,901.952,343.037,1.541,78.532,24.061,4.026,64,0,Low
WAP5-1010,WAP5,WR,2010,120,183,30,88.062,3.444,2.446,95.506,77.514,64.703,867.383,340.438,1.707,69.823,23.49,3.995,63,0,Low
WAP5-1010,WAP5,WR,2010,121,183,32,91.794,3.254,2.684,93.066,78.341,65.812,879.005,341.357,1.55,77.487,23.428,4.032,62,0,Low
WAP5-1010,WAP5,WR,2010,122,183,34,82.643,3.079,2.208,92.214,83.123,63.121,886.619,342.778,1.649,75.032,23.962,3.87,61,0,Low
WAP5-1010,WAP5,WR,2010,123,183,36,87.186,3.045,2.483,93.566,80.131,61.806,876.787,337.184,1.657,63.81,22.88,4.45,60,0,Medium
WAP5-1010,WAP5,WR,2010,124,183,38,85.011,2.954,2.016,93.499,79.488,64.091,883.472,344.905,1.742,83.577,24.088,3.903,59,0,Medium
WAP5-1010,WAP5,WR,2010,125,183,40,88.856,3.215,2.97,92.762,73.351,58.583,889.223,333.44,1.503,72.152,23.253,4.091,58,0,Medium
WAP5-1010,WAP5,WR,2010,126,183,42,83.828,3.28,2.833,93.384,75.728,65.184,908.646,335.741,1.644,77.541,23.831,4.075,57,0,Medium
WAP5-1010,WAP5,WR,2010,127,183,44,84.744,3.222,2.53,93.477,78.005,63.678,888.974,338.298,1.503,71.024,24.18,3.97,56,0,Medium
WAP5-1010,WAP5,WR,2010,128,183,46,86.161,3.217,2.482,94.324,77.552,61.759,882.989,325.485,1.715,59.143,22.91,3.918,55,0,Medium
WAP5-1010,WAP5,WR,2010,129,183,48,87.337,3.318,2.567,90.353,76.866,63.356,886.161,338.056,1.661,76.504,23.594,4.299,54,0,Medium
WAP5-1010,WAP5,WR,2010,130,183,50,88.725,3.213,2.172,94.679,77.303,64.824,893.733,332.157,1.571,74.757,23.515,3.755,53,0,Medium
WAP5-1010,WAP5,WR,2010,131,183,52,86.405,2.942,2.536,92.196,81.241,64.726,883.12,331.368,1.585,67.047,23.153,3.981,52,0,Medium
WAP5-1010,WAP5,WR,2010,132,183,54,84.125,3.389,2.616,92.14,76.585,62.681,853.514,339.059,1.637,82.681,23.457,3.843,51,0,Medium
WAP5-1010,WAP5,WR,2010,133,183,56,92.367,3.332,2.38,91.088,76.264,62.023,885.007,333.558,1.666,79.165,23.203,3.983,50,0,Medium
WAP5-1010,WAP5,WR,2010,134,183,58,83.3,3.241,1.48,92.41,76.948,61.704,875.712,330.645,1.71,72.595,24.06,3.765,49,0,Medium
WAP5-1010,WAP5,WR,2010,135,183,60,87.431,3.238,2.526,91.725,77.537,67.152,904.239,310.33,1.721,72.015,24.422,3.951,48,0,Medium
WAP5-1010,WAP5,WR,2010,136,183,62,90.887,3.174,2.302,90.213,76.698,61.974,898.608,335.933,1.643,73.703,23.714,3.589,47,0,Medium
WAP5-1010,WAP5,WR,2010,137,183,64,83.429,3.155,2.441,92.711,83.302,61.11,874.467,318.641,1.697,74.822,23.036,3.63,46,0,Medium
WAP5-1010,WAP5,WR,2010,138,183,66,86.144,3.132,2.517,90.452,81.953,64.327,867.397,326.217,1.549,76.036,24.221,3.631,45,0,Medium
WAP5-1010,WAP5,WR,2010,139,183,68,85.695,3.388,3.194,92.264,77.579,60.549,899.593,333.795,1.699,69.412,23.535,3.882,44,0,Medium
WAP5-1010,WAP5,WR,2010,140,183,70,87.92,3.039,2.664,94.74,79.109,65.967,919.836,322.53,1.63,82.962,23.438,4.384,43,0,Medium
WAP5-1010,WAP5,WR,2010,141,183,72,96.417,3.155,2.238,92.69,76.392,65.976,915.002,338.007,1.482,76.638,23.732,4.149,42,0,Medium
WAP5-1010,WAP5,WR,2010,142,183,74,90.539,3.075,2.482,90.562,81.31,61.73,888.039,330.739,1.553,70.624,23.546,4.12,41,0,Medium
WAP5-1010,WAP5,WR,2010,143,183,76,85.585,3.111,2.691,94.177,77.211,60.984,883.845,353.201,1.816,69.098,23.739,3.89,40,0,Medium
WAP5-1010,WAP5,WR,2010,144,183,78,86.748,3.198,2.752,91.237,76.937,63.046,898.511,344.231,1.68,66.506,23.509,3.47,39,0,Medium
WAP5-1010,WAP5,WR,2010,145,183,80,87.178,2.987,2.882,89.936,75.058,63.942,900.892,322.045,1.506,75.485,24.06,4.022,38,0,Medium
WAP5-1010,WAP5,WR,2010,146,183,82,88.735,2.929,3.354,96.552,77.876,60.352,893.582,330.249,1.651,74.137,23.149,3.801,37,0,Medium
WAP5-1010,WAP5,WR,2010,147,183,84,84.843,3.008,2.664,92.639,78.681,63.038,855.691,345.757,1.512,69.948,23.038,3.549,36,0,Medium
WAP5-1010,WAP5,WR,2010,148,183,86,87.839,3.134,2.322,91.43,76.568,62.469,923.931,322.824,1.559,73.269,23.703,4.108,35,0,Medium
WAP5-1010,WAP5,WR,2010,149,183,88,86.234,2.955,2.817,91.381,79.539,61.13,940.031,327.138,1.686,70.131,24.138,3.885,34,0,Medium
WAP5-1010,WAP5,WR,2010,150,183,90,84.09,2.831,2.793,92.02,80.434,64.422,885.144,312.955,1.553,73.856,23.316,3.776,33,0,Medium
WAP5-1010,WAP5,WR,2010,151,183,92,91.928,3.285,2.652,95.125,80.31,59.441,841.085,328.182,1.608,70.151,24.231,4.313,32,0,Medium
WAP5-1010,WAP5,WR,2010,152,183,94,93.944,3.363,2.878,91.836,81.831,61.439,904.313,319.421,1.512,72.024,23.365,4.34,31,0,Medium
WAP5-1010,WAP5,WR,2010,153,183,96,101.244,2.28,4.548,89.466,83.994,72.624,864.989,343.869,1.23,70.347,22.174,3.13,30,1,High
WAP5-1010,WAP5,WR,2010,154,183,98,100.884,2.173,4.552,85.564,88.033,69.071,806.302,353.872,1.276,76.519,22.097,3.398,29,1,High
WAP5-1010,WAP5,WR,2010,155,183,100,101.318,2.169,4.84,88.032,89.291,72.723,866.689,354.988,1.316,74.994,22.185,3.079,28,1,High
WAP5-1010,WAP5,WR,2010,156,183,102,99.316,2.184,5.278,89.716,87.62,72.388,866.461,351.129,1.39,66.112,22.063,3.466,27,1,High
WAP5-1010,WAP5,WR,2010,157,183,104,92.416,2.352,4.314,85.547,89.425,71.116,855.066,361.22,1.176,67.599,22.764,3.191,26,1,High
WAP5-1010,WAP5,WR,2010,158,183,106,105.861,2.388,5.069,85.014,87.616,69.566,841.746,382.522,1.245,74.016,22.824,3.061,25,1,High
WAP5-1010,WAP5,WR,2010,159,183,108,100.413,2.211,4.962,83.925,85.099,70.734,862.89,352.097,1.254,70.442,22.576,3.226,24,1,High
WAP5-1010,WAP5,WR,2010,160,183,110,107.69,2.114,4.999,84.636,91.616,71.08,843.529,363.223,1.284,68.187,22.622,3.029,23,1,High
WAP5-1010,WAP5,WR,2010,161,183,112,105.418,2.025,4.793,86.169,90.822,73.377,835.978,358.529,1.126,72.96,22.117,3.277,22,1,High
WAP5-1010,WAP5,WR,2010,162,183,114,104.517,1.987,4.764,87.775,93.4,72.488,825.957,369.304,0.967,68.645,22.591,3.412,21,1,High
WAP5-1010,WAP5,WR,2010,163,183,116,100.664,2.02,5.092,87.412,88.575,75.095,805.453,368.977,0.997,78.766,21.63,3.037,20,1,High
WAP5-1010,WAP5,WR,2010,164,183,118,108.385,2.378,5.581,84.426,92.584,69.993,856.132,374.206,1.129,67.848,22.057,3.39,19,1,High
WAP5-1010,WAP5,WR,2010,165,183,120,104.028,1.969,5.514,86.679,86.393,76.668,816.755,374.677,1.229,72.359,21.699,3.169,18,1,High
WAP5-1010,WAP5,WR,2010,166,183,122,101.843,1.777,5.487,83.65,91.48,73.162,837.813,363.852,0.863,65.015,20.966,3.188,17,1,High
WAP5-1010,WAP5,WR,2010,167,183,124,107.287,2.069,6.14,82.571,90.839,76.499,838.381,365.807,0.927,71.019,22.018,3.009,16,1,High
WAP5-1010,WAP5,WR,2010,168,183,126,108.157,1.591,5.896,81.953,89.719,78.216,864.502,376.465,1.023,66.995,21.375,2.881,15,1,High
WAP5-1010,WAP5,WR,2010,169,183,128,115.659,1.997,6.414,83.447,93.982,78.151,813.029,381.946,0.796,73.488,21.717,3.125,14,1,High
WAP5-1010,WAP5,WR,2010,170,183,130,113.289,1.534,6.227,82.98,96.36,81.311,820.529,376.443,0.862,62.197,21.499,2.647,13,1,High
WAP5-1010,WAP5,WR,2010,171,183,132,109.088,1.623,6.271,81.261,99.317,80.741,837.85,410.523,1.087,75.997,22.085,2.943,12,1,High
WAP5-1010,WAP5,WR,2010,172,183,134,108.858,1.43,6.598,81.198,94.394,75.841,825.898,365.096,0.96,66.384,21.251,2.969,11,1,High
WAP5-1010,WAP5,WR,2010,173,183,136,118.552,1.4,6.854,81.683,93.07,83.581,815.337,394.5,0.828,74.485,21.162,2.918,10,1,Critical
WAP5-1010,WAP5,WR,2010,174,183,138,120.865,1.536,7.679,78.164,95.156,85.645,818.977,399.147,0.832,85.306,21.265,2.789,9,1,Critical
WAP5-1010,WAP5,WR,2010,175,183,140,119.627,1.319,7.012,80.527,95.128,81.24,819.009,394.712,0.754,80.053,21.264,2.79,8,1,Critical
WAP5-1010,WAP5,WR,2010,176,183,142,121.691,1.466,7.663,79.339,96.905,85.096,793.005,399.191,0.66,76.595,21.124,2.855,7,1,Critical
WAP5-1010,WAP5,WR,2010,177,183,144,120.953,1.435,8.557,77.44,100.778,86.115,789.262,407.219,0.603,66.352,20.853,2.604,6,1,Critical
WAP5-1010,WAP5,WR,2010,178,183,146,124.294,0.957,8.155,76.842,103.897,88.998,788.252,400.362,0.662,72.331,21.256,2.423,5,1,Critical
WAP5-1010,WAP5,WR,2010,179,183,148,124.048,0.949,8.639,74.088,102.818,89.887,759.079,398.809,0.595,77.73,19.84,2.374,4,1,Critical
WAP5-1010,WAP5,WR,2010,180,183,150,128.352,1.065,8.457,76.82,106.774,89.716,774.446,420.804,0.583,80.139,19.731,2.331,3,1,Critical
WAP5-1010,WAP5,WR,2010,181,183,152,125.771,1.153,9.0,75.532,106.191,88.991,745.691,432.04,0.536,71.154,19.263,2.427,2,1,Critical
WAP5-1010,WAP5,WR,2010,182,183,154,139.132,1.118,9.0,71.85,111.923,90.72,789.493,436.087,0.5,66.465,19.683,2.396,1,1,Critical
WAP5-1010,WAP5,WR,2010,183,183,156,135.96,0.609,9.0,72.19,106.529,92.366,764.325,406.412,0.5,69.937,19.653,2.397,0,1,Critical
WAP5-1011,WAP5,NR,2016,1,198,-2,86.399,3.824,1.879,91.753,73.114,62.464,893.267,325.516,1.7,71.568,24.14,4.168,197,0,Low
WAP5-1011,WAP5,NR,2016,2,198,0,81.757,3.874,2.545,95.041,78.822,60.752,920.974,321.566,1.759,70.087,23.728,4.311,196,0,Low
WAP5-1011,WAP5,NR,2016,3,198,2,82.111,3.514,1.722,94.615,76.903,61.996,926.79,327.128,1.774,72.33,23.752,4.319,195,0,Low
WAP5-1011,WAP5,NR,2016,4,198,4,78.775,3.515,1.666,92.509,73.102,59.315,881.88,323.664,1.78,65.956,24.436,4.56,194,0,Low
WAP5-1011,WAP5,NR,2016,5,198,6,83.572,3.537,1.588,92.288,73.649,62.253,912.114,321.134,1.824,67.686,24.067,4.083,193,0,Low
WAP5-1011,WAP5,NR,2016,6,198,8,80.965,3.532,1.852,94.608,71.427,54.739,883.026,319.64,1.807,74.851,24.102,4.01,192,0,Low
WAP5-1011,WAP5,NR,2016,7,198,10,84.364,2.964,1.991,95.739,77.411,59.486,915.96,325.311,1.716,65.195,23.955,4.59,191,0,Low
WAP5-1011,WAP5,NR,2016,8,198,12,78.321,3.513,1.759,91.961,82.751,61.083,892.052,314.289,1.683,62.805,23.79,4.278,190,0,Low
WAP5-1011,WAP5,NR,2016,9,198,14,83.406,3.54,1.533,94.436,77.917,59.067,910.71,319.345,1.743,69.748,23.75,4.357,189,0,Low
WAP5-1011,WAP5,NR,2016,10,198,16,85.867,3.653,2.007,94.458,70.411,59.682,912.065,309.085,1.85,73.651,23.604,4.268,188,0,Low
WAP5-1011,WAP5,NR,2016,11,198,18,75.952,3.524,2.03,95.354,74.099,64.188,906.329,317.825,1.758,72.837,23.13,4.324,187,0,Low
WAP5-1011,WAP5,NR,2016,12,198,20,82.423,3.458,1.875,95.012,74.856,61.152,904.443,326.562,1.674,69.333,23.801,4.296,186,0,Low
WAP5-1011,WAP5,NR,2016,13,198,22,74.904,3.175,1.978,92.808,77.393,59.316,906.694,331.784,1.856,78.355,24.489,4.632,185,0,Low
WAP5-1011,WAP5,NR,2016,14,198,24,81.267,3.624,1.287,90.925,68.221,58.518,885.597,320.923,1.799,65.215,23.769,4.471,184,0,Low
WAP5-1011,WAP5,NR,2016,15,198,26,77.504,3.438,1.835,93.396,71.595,60.107,890.504,326.031,1.957,81.543,23.673,4.247,183,0,Low
WAP5-1011,WAP5,NR,2016,16,198,28,85.574,3.718,1.897,93.972,80.758,61.391,932.541,324.336,1.661,70.866,24.097,4.318,182,0,Low
WAP5-1011,WAP5,NR,2016,17,198,30,83.109,3.298,1.653,91.517,74.737,55.86,899.235,309.087,1.871,73.112,24.185,3.937,181,0,Low
WAP5-1011,WAP5,NR,2016,18,198,32,84.357,3.328,1.931,92.898,76.703,61.457,923.169,330.635,1.828,71.224,23.993,4.324,180,0,Low
WAP5-1011,WAP5,NR,2016,19,198,34,83.48,3.612,1.739,92.538,81.383,61.157,910.952,335.537,1.661,78.532,24.361,4.206,179,0,Low
WAP5-1011,WAP5,NR,2016,20,198,36,84.462,3.684,1.906,97.006,75.114,62.603,876.383,332.938,1.827,69.823,23.79,4.175,178,0,Low
WAP5-1011,WAP5,NR,2016,21,198,38,88.194,3.494,2.144,94.566,75.941,63.712,888.005,333.857,1.67,77.487,23.728,4.212,177,0,Low
WAP5-1011,WAP5,NR,2016,22,198,40,79.043,3.319,1.668,93.714,80.723,61.021,895.619,335.278,1.769,75.032,24.262,4.05,176,0,Low
WAP5-1011,WAP5,NR,2016,23,198,42,83.586,3.285,1.943,95.066,77.731,59.706,885.787,329.684,1.777,63.81,23.18,4.63,175,0,Low
WAP5-1011,WAP5,NR,2016,24,198,44,81.411,3.194,1.476,94.999,77.088,61.991,892.472,337.405,1.862,83.577,24.388,4.083,174,0,Low
WAP5-1011,WAP5,NR,2016,25,198,46,85.256,3.455,2.43,94.262,70.951,56.483,898.223,325.94,1.623,72.152,23.553,4.271,173,0,Low
WAP5-1011,WAP5,NR,2016,26,198,48,80.228,3.52,2.293,94.884,73.328,63.084,917.646,328.241,1.764,77.541,24.131,4.255,172,0,Low
WAP5-1011,WAP5,NR,2016,27,198,50,81.144,3.462,1.99,94.977,75.605,61.578,897.974,330.798,1.623,71.024,24.48,4.15,171,0,Low
WAP5-1011,WAP5,NR,2016,28,198,52,82.561,3.457,1.942,95.824,75.152,59.659,891.989,317.985,1.835,59.143,23.21,4.098,170,0,Low
WAP5-1011,WAP5,NR,2016,29,198,54,83.737,3.558,2.027,91.853,74.466,61.256,895.161,330.556,1.781,76.504,23.894,4.479,169,0,Low
WAP5-1011,WAP5,NR,2016,30,198,56,85.125,3.453,1.632,96.179,74.903,62.724,902.733,324.657,1.691,74.757,23.815,3.935,168,0,Low
WAP5-1011,WAP5,NR,2016,31,198,58,82.805,3.182,1.996,93.696,78.841,62.626,892.12,323.868,1.705,67.047,23.453,4.161,167,0,Low
WAP5-1011,WAP5,NR,2016,32,198,60,80.525,3.629,2.076,93.64,74.185,60.581,862.514,331.559,1.757,82.681,23.757,4.023,166,0,Low
WAP5-1011,WAP5,NR,2016,33,198,62,88.767,3.572,1.84,92.588,73.864,59.923,894.007,326.058,1.786,79.165,23.503,4.163,165,0,Low
WAP5-1011,WAP5,NR,2016,34,198,64,79.7,3.481,0.94,93.91,74.548,59.604,884.712,323.145,1.83,72.595,24.36,3.945,164,0,Low
WAP5-1011,WAP5,NR,2016,35,198,66,83.831,3.478,1.986,93.225,75.137,65.052,913.239,302.83,1.841,72.015,24.722,4.131,163,0,Low
WAP5-1011,WAP5,NR,2016,36,198,68,87.287,3.414,1.762,91.713,74.298,59.874,907.608,328.433,1.763,73.703,24.014,3.769,162,0,Low
WAP5-1011,WAP5,NR,2016,37,198,70,79.829,3.395,1.901,94.211,80.902,59.01,883.467,311.141,1.817,74.822,23.336,3.81,161,0,Low
WAP5-1011,WAP5,NR,2016,38,198,72,82.544,3.372,1.977,91.952,79.553,62.227,876.397,318.717,1.669,76.036,24.521,3.811,160,0,Low
WAP5-1011,WAP5,NR,2016,39,198,74,82.095,3.628,2.654,93.764,75.179,58.449,908.593,326.295,1.819,69.412,23.835,4.062,159,0,Low
WAP5-1011,WAP5,NR,2016,40,198,76,84.32,3.279,2.124,96.24,76.709,63.867,928.836,315.03,1.75,82.962,23.738,4.564,158,0,Low
WAP5-1011,WAP5,NR,2016,41,198,78,92.817,3.395,1.698,94.19,73.992,63.876,924.002,330.507,1.602,76.638,24.032,4.329,157,0,Low
WAP5-1011,WAP5,NR,2016,42,198,80,86.939,3.315,1.942,92.062,78.91,59.63,897.039,323.239,1.673,70.624,23.846,4.3,156,0,Low
WAP5-1011,WAP5,NR,2016,43,198,82,81.985,3.351,2.151,95.677,74.811,58.884,892.845,345.701,1.936,69.098,24.039,4.07,155,0,Low
WAP5-1011,WAP5,NR,2016,44,198,84,83.148,3.438,2.212,92.737,74.537,60.946,907.511,336.731,1.8,66.506,23.809,3.65,154,0,Low
WAP5-1011,WAP5,NR,2016,45,198,86,83.578,3.227,2.342,91.436,72.658,61.842,909.892,314.545,1.626,75.485,24.36,4.202,153,0,Low
WAP5-1011,WAP5,NR,2016,46,198,88,85.135,3.169,2.814,98.052,75.476,58.252,902.582,322.749,1.771,74.137,23.449,3.981,152,0,Low
WAP5-1011,WAP5,NR,2016,47,198,90,81.243,3.248,2.124,94.139,76.281,60.938,864.691,338.257,1.632,69.948,23.338,3.729,151,0,Low
WAP5-1011,WAP5,NR,2016,48,198,92,84.239,3.374,1.782,92.93,74.168,60.369,932.931,315.324,1.679,73.269,24.003,4.288,150,0,Low
WAP5-1011,WAP5,NR,2016,49,198,94,82.634,3.195,2.277,92.881,77.139,59.03,949.031,319.638,1.806,70.131,24.438,4.065,149,0,Low
WAP5-1011,WAP5,NR,2016,50,198,96,80.49,3.071,2.253,93.52,78.034,62.322,894.144,305.455,1.673,73.856,23.616,3.956,148,0,Low
WAP5-1011,WAP5,NR,2016,51,198,98,88.328,3.525,2.112,96.625,77.91,57.341,850.085,320.682,1.728,70.151,24.531,4.493,147,0,Low
WAP5-1011,WAP5,NR,2016,52,198,100,90.344,3.603,2.338,93.336,79.431,59.339,913.313,311.921,1.632,72.024,23.665,4.52,146,0,Low
WAP5-1011,WAP5,NR,2016,53,198,102,84.792,3.377,2.08,96.321,73.026,63.027,906.119,309.594,1.778,70.347,23.545,3.953,145,0,Low
WAP5-1011,WAP5,NR,2016,54,198,104,84.314,3.277,2.067,92.468,76.987,59.401,847.731,319.356,1.828,76.519,23.478,4.226,144,0,Low
WAP5-1011,WAP5,NR,2016,55,198,106,84.565,3.283,2.327,95.01,78.122,62.93,908.595,320.096,1.872,74.994,23.581,3.914,143,0,Low
WAP5-1011,WAP5,NR,2016,56,198,108,82.312,3.31,2.727,96.796,76.284,62.424,909.021,315.729,1.953,66.112,23.48,4.31,142,0,Low
WAP5-1011,WAP5,NR,2016,57,198,110,75.095,3.493,1.716,92.756,77.877,60.932,898.458,325.179,1.746,67.599,24.208,4.045,141,0,Low
WAP5-1011,WAP5,NR,2016,58,198,112,88.156,3.546,2.413,92.377,75.812,59.113,886.148,345.705,1.824,74.016,24.299,3.927,140,0,Low
WAP5-1011,WAP5,NR,2016,59,198,114,82.257,3.389,2.238,91.47,72.995,59.963,908.48,314.372,1.843,70.442,24.089,4.105,139,0,Low
WAP5-1011,WAP5,NR,2016,60,198,116,89.016,3.315,2.198,92.39,79.168,59.942,890.484,324.457,1.884,68.187,24.178,3.924,138,0,Low
WAP5-1011,WAP5,NR,2016,61,198,118,86.161,3.252,1.905,94.157,77.984,61.824,884.477,318.587,1.74,72.96,23.722,4.19,137,0,Low
WAP5-1011,WAP5,NR,2016,62,198,120,84.609,3.242,1.778,96.025,80.128,60.47,876.177,328.054,1.594,68.645,24.25,4.345,136,0,Low
WAP5-1011,WAP5,NR,2016,63,198,122,80.039,3.306,1.998,95.951,74.825,62.563,857.572,326.285,1.64,78.766,23.349,3.991,135,0,Low
WAP5-1011,WAP5,NR,2016,64,198,124,86.976,3.698,2.37,93.279,78.311,56.899,910.327,329.94,1.789,67.848,23.842,4.366,134,0,Low
WAP5-1011,WAP5,NR,2016,65,198,126,81.768,3.325,2.175,95.874,71.553,62.963,873.205,328.702,1.907,72.359,23.554,4.17,133,0,Low
WAP5-1011,WAP5,NR,2016,66,198,128,78.665,3.172,2.011,93.214,76.028,58.796,896.695,316.036,1.561,65.015,22.898,4.215,132,0,Low
WAP5-1011,WAP5,NR,2016,67,198,130,83.126,3.506,2.516,92.53,74.731,61.425,899.873,316.016,1.646,71.019,24.032,4.065,131,0,Low
WAP5-1011,WAP5,NR,2016,68,198,132,82.945,3.072,2.114,92.333,72.911,62.384,928.782,324.565,1.763,66.995,23.476,3.967,130,0,Low
WAP5-1011,WAP5,NR,2016,69,198,134,89.329,3.525,2.464,94.275,76.43,61.512,880.274,327.804,1.559,73.488,23.911,4.242,129,0,Low
WAP5-1011,WAP5,NR,2016,70,198,136,85.776,3.111,2.1,94.284,78.018,63.817,890.918,319.926,1.651,62.197,23.791,3.798,128,0,Low
WAP5-1011,WAP5,NR,2016,71,198,138,80.324,3.253,1.957,93.066,80.141,62.342,911.56,351.498,1.902,75.997,24.482,4.13,127,0,Low
WAP5-1011,WAP5,NR,2016,72,198,140,78.776,3.115,2.086,93.532,74.34,56.488,903.107,303.43,1.802,66.384,23.757,4.192,126,0,Low
WAP5-1011,WAP5,NR,2016,73,198,142,87.087,3.142,2.135,94.571,72.093,63.226,896.223,330.058,1.7,74.485,23.784,4.18,125,0,Low
WAP5-1011,WAP5,NR,2016,74,198,144,87.949,3.338,2.742,91.634,73.212,64.239,903.717,331.797,1.733,85.306,24.008,4.091,124,0,Low
WAP5-1011,WAP5,NR,2016,75,198,146,85.194,3.184,1.847,94.605,72.172,58.734,907.781,324.32,1.687,80.053,24.133,4.135,123,0,Low
WAP5-1011,WAP5,NR,2016,76,198,148,85.674,3.397,2.26,94.052,72.894,61.441,885.987,325.624,1.626,76.595,24.125,4.245,122,0,Low
WAP5-1011,WAP5,NR,2016,77,198,150,83.285,3.434,2.907,92.815,75.666,61.262,886.632,330.344,1.603,66.352,23.992,4.039,121,0,Low
WAP5-1011,WAP5,NR,2016,78,198,152,84.909,3.027,2.247,92.905,77.64,62.898,890.187,320.045,1.697,72.331,24.538,3.906,120,0,Low
WAP5-1011,WAP5,NR,2016,79,198,154,82.879,3.093,2.464,90.866,75.372,62.491,865.758,314.917,1.667,77.73,23.271,3.907,119,0,Low
WAP5-1011,WAP5,NR,2016,80,198,156,85.332,3.285,2.004,94.34,78.094,60.976,886.046,333.204,1.693,80.139,23.316,3.915,118,0,Low
WAP5-1011,WAP5,NR,2016,81,198,158,80.834,3.452,2.38,93.821,76.233,58.857,862.39,340.599,1.685,71.154,23.008,4.064,117,0,Low
WAP5-1011,WAP5,NR,2016,82,198,160,92.21,3.499,2.225,90.934,80.642,59.144,911.469,340.671,1.636,66.465,23.593,4.088,116,0,Low
WAP5-1011,WAP5,NR,2016,83,198,162,86.988,3.074,2.067,92.095,73.881,59.299,891.755,306.887,1.542,69.937,23.734,4.146,115,0,Low
WAP5-1011,WAP5,NR,2016,84,198,164,86.764,3.206,2.182,94.476,81.972,61.269,854.126,315.429,1.77,69.782,23.837,4.21,114,0,Low
WAP5-1011,WAP5,NR,2016,85,198,166,89.416,3.461,1.853,92.537,78.365,63.433,906.625,315.711,1.767,83.861,23.518,4.453,113,0,Low
WAP5-1011,WAP5,NR,2016,86,198,168,91.521,3.201,2.459,93.108,76.489,62.693,902.776,322.48,1.732,73.913,23.598,3.966,112,0,Low
WAP5-1011,WAP5,NR,2016,87,198,170,85.097,3.387,2.35,91.933,77.851,63.137,891.959,315.261,1.659,74.387,23.741,3.937,111,0,Low
WAP5-1011,WAP5,NR,2016,88,198,172,80.614,3.641,2.085,92.951,76.321,58.284,895.655,312.774,1.715,70.451,23.925,4.164,110,0,Low
WAP5-1011,WAP5,NR,2016,89,198,174,88.188,3.393,2.601,95.298,79.848,58.767,897.136,324.192,1.73,82.061,24.217,4.407,109,0,Low
WAP5-1011,WAP5,NR,2016,90,198,176,81.915,3.244,2.157,91.537,76.441,64.183,891.423,319.283,1.735,69.687,23.277,3.948,108,0,Low
WAP5-1011,WAP5,NR,2016,91,198,178,86.945,3.283,2.138,94.051,84.989,64.417,888.032,324.672,1.665,87.324,23.206,4.105,107,0,Low
WAP5-1011,WAP5,NR,2016,92,198,180,86.373,3.087,2.607,90.23,75.84,60.268,914.507,334.829,1.629,68.791,23.919,4.245,106,0,Low
WAP5-1011,WAP5,NR,2016,93,198,0,89.162,3.207,2.173,92.04,81.782,58.561,857.487,325.57,1.633,80.817,23.521,4.069,105,0,Low
WAP5-1011,WAP5,NR,2016,94,198,2,84.663,3.32,2.838,92.269,76.704,60.074,895.471,315.745,1.598,75.961,23.358,4.291,104,0,Low
WAP5-1011,WAP5,NR,2016,95,198,4,81.432,3.183,2.746,91.444,79.534,62.441,904.012,322.672,1.617,68.987,24.44,4.008,103,0,Low
WAP5-1011,WAP5,NR,2016,96,198,6,91.328,3.24,2.74,91.725,75.673,58.913,908.248,353.452,1.754,66.219,24.123,4.0,102,0,Low
WAP5-1011,WAP5,NR,2016,97,198,8,82.533,3.135,2.118,95.348,77.399,59.952,916.867,323.792,1.654,72.207,24.043,4.226,101,0,Low
WAP5-1011,WAP5,NR,2016,98,198,10,83.295,3.514,2.093,92.644,77.937,61.382,890.485,317.766,1.523,64.976,23.471,4.113,100,0,Low
WAP5-1011,WAP5,NR,2016,99,198,12,90.1,3.134,2.744,93.925,73.618,60.936,890.319,304.858,1.711,66.167,24.005,4.382,99,0,Low
WAP5-1011,WAP5,NR,2016,100,198,14,87.185,3.332,1.817,91.49,82.84,65.149,850.457,334.946,1.823,76.125,23.227,3.881,98,0,Low
WAP5-1011,WAP5,NR,2016,101,198,16,80.112,3.317,2.425,92.674,78.111,62.685,875.299,325.898,1.687,74.652,23.409,4.137,97,0,Low
WAP5-1011,WAP5,NR,2016,102,198,18,81.839,2.962,2.46,93.0,75.062,61.727,856.422,328.262,1.622,61.548,23.67,4.19,96,0,Low
WAP5-1011,WAP5,NR,2016,103,198,20,85.276,3.361,2.686,93.541,85.014,61.449,897.249,323.38,1.601,75.924,23.637,4.409,95,0,Low
WAP5-1011,WAP5,NR,2016,104,198,22,83.15,3.035,2.397,90.085,78.068,60.844,871.978,335.814,1.673,69.026,24.321,4.343,94,0,Low
WAP5-1011,WAP5,NR,2016,105,198,24,87.305,3.205,1.901,94.504,76.916,60.293,875.086,315.878,1.591,77.384,23.889,3.927,93,0,Low
WAP5-1011,WAP5,NR,2016,106,198,26,87.309,3.408,2.372,93.657,76.081,64.451,849.753,343.483,1.725,72.419,23.937,4.014,92,0,Low
WAP5-1011,WAP5,NR,2016,107,198,28,85.465,3.236,2.047,93.505,75.51,63.614,899.031,336.434,1.649,67.839,23.733,4.113,91,0,Low
WAP5-1011,WAP5,NR,2016,108,198,30,86.751,3.146,2.354,89.766,82.978,63.499,893.697,338.892,1.688,77.806,23.611,3.901,90,0,Low
WAP5-1011,WAP5,NR,2016,109,198,32,80.352,3.289,2.355,91.887,80.026,62.383,922.427,336.142,1.716,81.479,23.69,4.549,89,0,Low
WAP5-1011,WAP5,NR,2016,110,198,34,84.347,3.344,2.822,94.36,82.243,65.365,912.222,320.598,1.607,65.609,23.295,4.242,88,0,Low
WAP5-1011,WAP5,NR,2016,111,198,36,84.647,2.905,2.865,94.147,76.667,63.131,915.797,338.975,1.617,72.211,23.576,4.188,87,0,Low
WAP5-1011,WAP5,NR,2016,112,198,38,89.988,3.412,2.241,91.029,75.245,58.37,872.82,343.331,1.635,78.257,23.941,4.037,86,0,Low
WAP5-1011,WAP5,NR,2016,113,198,40,84.106,2.916,2.476,90.957,81.337,62.467,885.655,333.132,1.652,71.308,24.257,3.778,85,0,Low
WAP5-1011,WAP5,NR,2016,114,198,42,85.639,3.207,1.879,92.223,78.056,63.455,900.951,329.062,1.711,67.223,24.359,4.202,84,0,Low
WAP5-1011,WAP5,NR,2016,115,198,44,86.703,3.047,2.424,92.451,78.66,64.803,868.448,320.263,1.663,64.848,24.034,3.904,83,0,Low
WAP5-1011,WAP5,NR,2016,116,198,46,89.525,3.481,2.533,90.878,77.57,61.341,873.785,327.101,1.718,71.221,23.894,4.177,82,0,Low
WAP5-1011,WAP5,NR,2016,117,198,48,83.824,3.229,2.679,93.064,76.895,57.669,893.268,319.841,1.557,71.719,23.813,3.729,81,0,Low
WAP5-1011,WAP5,NR,2016,118,198,50,89.799,3.19,2.449,94.323,76.234,64.293,878.685,350.361,1.778,69.863,23.141,4.132,80,0,Low
WAP5-1011,WAP5,NR,2016,119,198,52,88.68,3.074,1.958,92.362,79.925,63.54,908.342,313.773,1.627,77.98,23.301,4.265,79,0,Low
WAP5-1011,WAP5,NR,2016,120,198,54,86.212,3.211,2.565,90.759,78.987,61.803,894.556,332.322,1.767,75.922,23.711,3.915,78,0,Low
WAP5-1011,WAP5,NR,2016,121,198,56,81.752,3.507,2.509,93.25,78.888,65.836,880.225,308.684,1.627,70.334,23.223,4.076,77,0,Low
WAP5-1011,WAP5,NR,2016,122,198,58,87.031,3.146,2.832,92.903,72.23,65.233,921.605,320.675,1.74,71.112,23.081,4.387,76,0,Low
WAP5-1011,WAP5,NR,2016,123,198,60,90.592,3.303,2.342,90.243,77.469,61.96,838.207,349.564,1.756,62.95,23.7,3.458,75,0,Low
WAP5-1011,WAP5,NR,2016,124,198,62,84.95,3.016,2.467,91.863,76.758,63.368,885.194,315.547,1.618,75.495,23.205,3.883,74,0,Low
WAP5-1011,WAP5,NR,2016,125,198,64,92.188,3.309,2.644,89.844,76.32,64.086,913.078,330.656,1.508,63.502,23.77,3.85,73,0,Low
WAP5-1011,WAP5,NR,2016,126,198,66,89.577,2.985,2.978,91.564,79.822,64.598,893.684,328.517,1.673,62.816,23.927,3.619,72,0,Low
WAP5-1011,WAP5,NR,2016,127,198,68,86.646,3.493,2.468,91.151,81.441,61.114,877.617,325.334,1.764,74.074,23.721,4.106,71,0,Low
WAP5-1011,WAP5,NR,2016,128,198,70,86.118,2.971,2.918,87.67,79.684,63.263,907.146,335.562,1.584,76.129,23.142,4.256,70,0,Low
WAP5-1011,WAP5,NR,2016,129,198,72,85.516,3.2,2.525,91.319,75.275,62.934,911.777,356.439,1.527,72.224,23.298,3.694,69,0,Low
WAP5-1011,WAP5,NR,2016,130,198,74,85.436,3.177,2.223,91.94,74.709,59.684,893.35,325.426,1.511,70.008,24.208,4.461,68,0,Low
WAP5-1011,WAP5,NR,2016,131,198,76,81.528,3.262,2.607,94.279,75.885,63.173,910.534,320.697,1.618,75.759,23.614,3.974,67,0,Low
WAP5-1011,WAP5,NR,2016,132,198,78,87.896,3.249,1.504,91.362,83.687,61.214,869.196,345.085,1.75,74.883,24.081,3.383,66,0,Low
WAP5-1011,WAP5,NR,2016,133,198,80,92.602,3.234,2.587,91.383,80.213,66.882,877.526,333.404,1.722,65.301,23.785,4.141,65,0,Low
WAP5-1011,WAP5,NR,2016,134,198,82,85.697,3.375,2.687,92.01,75.999,68.059,881.318,352.75,1.592,78.509,24.418,4.303,64,0,Low
WAP5-1011,WAP5,NR,2016,135,198,84,84.52,3.167,2.455,91.811,75.621,62.634,858.379,335.894,1.653,71.721,22.811,3.92,63,0,Low
WAP5-1011,WAP5,NR,2016,136,198,86,92.667,3.324,2.383,91.677,75.307,63.054,937.608,340.616,1.525,68.384,23.495,4.017,62,0,Low
WAP5-1011,WAP5,NR,2016,137,198,88,88.202,3.371,2.576,90.851,76.655,61.881,914.765,311.419,1.397,74.652,23.737,4.169,61,0,Low
WAP5-1011,WAP5,NR,2016,138,198,90,88.996,3.048,3.213,93.153,78.4,60.949,918.508,337.688,1.677,72.891,23.615,3.843,60,0,Medium
WAP5-1011,WAP5,NR,2016,139,198,92,87.843,3.253,2.507,90.692,76.715,61.65,880.582,336.039,1.487,66.517,23.669,3.86,59,0,Medium
WAP5-1011,WAP5,NR,2016,140,198,94,91.098,3.288,2.391,87.544,77.028,66.108,896.34,322.39,1.536,79.619,23.149,3.742,58,0,Medium
WAP5-1011,WAP5,NR,2016,141,198,96,91.528,3.064,2.466,92.725,78.82,58.731,864.428,324.199,1.6,72.202,23.847,4.091,57,0,Medium
WAP5-1011,WAP5,NR,2016,142,198,98,90.042,3.17,2.63,92.955,77.684,65.459,891.79,334.991,1.774,72.476,24.16,4.072,56,0,Medium
WAP5-1011,WAP5,NR,2016,143,198,100,82.463,3.186,2.55,92.638,80.985,64.562,885.609,324.391,1.493,73.943,23.595,3.965,55,0,Medium
WAP5-1011,WAP5,NR,2016,144,198,102,85.067,3.077,2.387,91.464,76.94,60.445,911.16,321.927,1.657,78.675,23.549,4.35,54,0,Medium
WAP5-1011,WAP5,NR,2016,145,198,104,86.887,3.233,2.906,94.174,79.523,62.366,882.386,341.288,1.644,72.66,23.255,4.04,53,0,Medium
WAP5-1011,WAP5,NR,2016,146,198,106,86.265,3.0,2.661,90.945,80.19,63.838,919.024,329.068,1.79,79.984,22.869,3.579,52,0,Medium
WAP5-1011,WAP5,NR,2016,147,198,108,84.886,3.206,2.025,92.171,79.633,64.613,881.66,333.321,1.529,66.554,23.34,4.327,51,0,Medium
WAP5-1011,WAP5,NR,2016,148,198,110,85.578,3.0,2.273,89.274,81.169,60.863,857.382,339.608,1.657,65.747,23.358,3.859,50,0,Medium
WAP5-1011,WAP5,NR,2016,149,198,112,86.21,3.226,2.712,91.973,74.62,63.294,911.152,324.186,1.439,84.369,23.47,4.081,49,0,Medium
WAP5-1011,WAP5,NR,2016,150,198,114,92.722,3.048,2.666,91.265,74.223,61.514,850.719,340.944,1.542,71.516,23.631,3.862,48,0,Medium
WAP5-1011,WAP5,NR,2016,151,198,116,85.443,3.352,2.381,90.512,79.728,62.685,917.49,339.784,1.687,73.541,23.611,3.651,47,0,Medium
WAP5-1011,WAP5,NR,2016,152,198,118,91.749,2.897,3.307,92.852,73.559,64.958,864.979,329.65,1.467,76.019,23.325,3.5,46,0,Medium
WAP5-1011,WAP5,NR,2016,153,198,120,85.942,3.007,2.999,92.098,77.044,61.452,884.108,349.719,1.654,74.321,23.171,3.857,45,0,Medium
WAP5-1011,WAP5,NR,2016,154,198,122,81.214,3.118,2.369,93.264,77.582,63.116,863.359,319.638,1.633,79.114,23.863,3.988,44,0,Medium
WAP5-1011,WAP5,NR,2016,155,198,124,86.058,3.105,2.548,92.314,78.484,66.903,883.931,332.224,1.599,69.163,23.638,3.916,43,0,Medium
WAP5-1011,WAP5,NR,2016,156,198,126,87.515,3.041,2.646,92.082,81.255,63.397,870.545,344.702,1.672,66.864,23.455,4.119,42,0,Medium
WAP5-1011,WAP5,NR,2016,157,198,128,91.783,2.912,2.495,92.729,82.7,63.939,864.818,334.191,1.738,74.022,24.265,4.01,41,0,Medium
WAP5-1011,WAP5,NR,2016,158,198,130,87.044,3.158,2.94,90.629,73.842,64.776,868.822,332.337,1.684,56.989,23.596,4.24,40,0,Medium
WAP5-1011,WAP5,NR,2016,159,198,132,85.846,2.981,2.991,91.649,81.793,62.234,877.235,328.408,1.461,71.206,23.676,4.028,39,0,Medium
WAP5-1011,WAP5,NR,2016,160,198,134,86.823,3.006,2.881,93.875,82.226,61.67,836.714,323.436,1.503,79.255,23.022,3.815,38,0,Medium
WAP5-1011,WAP5,NR,2016,161,198,136,96.285,3.382,2.753,93.121,77.804,60.648,877.815,348.088,1.557,75.314,23.468,3.824,37,0,Medium
WAP5-1011,WAP5,NR,2016,162,198,138,87.715,3.214,2.548,89.688,79.344,61.778,876.193,328.74,1.584,76.834,23.039,3.72,36,0,Medium
WAP5-1011,WAP5,NR,2016,163,198,140,90.768,3.06,2.573,93.755,76.534,62.005,892.025,343.869,1.775,74.113,22.86,4.35,35,0,Medium
WAP5-1011,WAP5,NR,2016,164,198,142,90.658,3.098,2.486,91.129,75.796,63.938,930.639,323.774,1.667,74.05,23.415,3.878,34,0,Medium
WAP5-1011,WAP5,NR,2016,165,198,144,89.957,3.063,2.399,90.502,79.212,61.988,898.874,328.798,1.572,65.02,23.945,3.642,33,0,Medium
WAP5-1011,WAP5,NR,2016,166,198,146,87.866,2.985,2.661,93.492,80.498,64.175,902.565,331.577,1.699,74.237,24.085,4.094,32,0,Medium
WAP5-1011,WAP5,NR,2016,167,198,148,88.101,3.251,2.822,91.959,78.652,63.363,849.213,315.546,1.624,69.89,23.956,4.084,31,0,Medium
WAP5-1011,WAP5,NR,2016,168,198,150,105.724,2.134,4.25,85.825,86.99,73.654,873.974,359.022,1.191,76.305,22.691,3.383,30,1,High
WAP5-1011,WAP5,NR,2016,169,198,152,102.908,1.887,4.603,85.307,89.202,74.225,840.814,355.21,1.083,78.517,22.281,3.067,29,1,High
WAP5-1011,WAP5,NR,2016,170,198,154,101.972,2.029,5.159,85.898,90.699,73.208,826.033,350.938,1.152,64.189,22.254,2.975,28,1,High
WAP5-1011,WAP5,NR,2016,171,198,156,104.708,2.164,5.023,84.628,85.154,75.323,811.741,374.419,1.131,72.764,21.961,3.18,27,1,High
WAP5-1011,WAP5,NR,2016,172,198,158,103.796,2.158,4.616,83.837,89.61,72.688,828.064,373.496,1.076,69.305,22.843,3.04,26,1,High
WAP5-1011,WAP5,NR,2016,173,198,160,106.473,1.887,5.047,85.36,90.048,73.531,889.134,358.451,1.067,72.497,21.935,3.232,25,1,High
WAP5-1011,WAP5,NR,2016,174,198,162,102.302,1.952,5.164,86.481,88.902,72.171,826.848,361.842,1.024,74.937,21.986,2.969,24,1,High
WAP5-1011,WAP5,NR,2016,175,198,164,98.744,1.89,5.434,87.319,94.282,76.237,844.327,374.44,1.147,66.476,22.255,2.998,23,1,High
WAP5-1011,WAP5,NR,2016,176,198,166,103.709,1.74,4.647,82.035,90.883,73.508,817.418,379.442,1.065,67.495,22.442,3.168,22,1,High
WAP5-1011,WAP5,NR,2016,177,198,168,106.366,1.628,5.251,83.194,94.984,75.023,839.572,366.582,1.109,67.999,21.267,3.251,21,1,High
WAP5-1011,WAP5,NR,2016,178,198,170,104.988,2.082,5.3,83.874,89.191,73.208,852.509,378.023,1.07,65.792,21.689,3.143,20,1,High
WAP5-1011,WAP5,NR,2016,179,198,172,104.893,2.027,5.894,82.794,94.173,76.117,844.646,386.071,1.228,68.986,21.697,3.251,19,1,High
WAP5-1011,WAP5,NR,2016,180,198,174,106.849,1.779,5.825,81.498,93.444,80.233,819.155,365.946,1.086,66.069,21.564,3.04,18,1,High
WAP5-1011,WAP5,NR,2016,181,198,176,109.006,1.819,5.683,83.382,91.837,79.79,851.604,371.012,1.093,71.055,21.697,2.794,17,1,High
WAP5-1011,WAP5,NR,2016,182,198,178,109.745,1.928,5.92,78.795,94.984,80.319,833.63,386.706,0.862,83.692,21.568,3.191,16,1,High
WAP5-1011,WAP5,NR,2016,183,198,180,116.058,1.782,6.513,82.112,92.691,77.177,860.811,383.994,1.008,70.895,21.365,2.45,15,1,High
WAP5-1011,WAP5,NR,2016,184,198,0,112.494,1.665,6.346,82.491,94.783,81.103,832.302,377.24,1.016,76.362,22.117,2.803,14,1,High
WAP5-1011,WAP5,NR,2016,185,198,2,105.344,1.559,6.859,80.562,95.657,77.94,809.725,386.522,1.064,67.158,21.103,2.904,13,1,High
WAP5-1011,WAP5,NR,2016,186,198,4,118.661,1.658,6.143,80.284,97.289,83.239,787.53,401.919,0.83,71.935,21.441,2.576,12,1,High
WAP5-1011,WAP5,NR,2016,187,198,6,118.152,1.464,6.612,78.974,95.453,83.644,810.823,391.905,0.982,68.854,20.603,3.084,11,1,High
WAP5-1011,WAP5,NR,2016,188,198,8,116.164,1.452,7.58,79.37,100.892,81.27,790.856,386.55,0.853,76.035,21.633,2.526,10,1,Critical
WAP5-1011,WAP5,NR,2016,189,198,10,120.756,1.414,7.115,78.341,99.342,79.727,791.157,373.233,0.815,71.443,21.074,2.413,9,1,Critical
WAP5-1011,WAP5,NR,2016,190,198,12,121.706,1.246,7.363,75.673,98.814,84.322,800.379,408.841,0.773,62.763,20.778,2.49,8,1,Critical
WAP5-1011,WAP5,NR,2016,191,198,14,121.835,1.263,7.695,79.248,103.601,88.379,802.873,405.974,0.843,77.669,20.609,2.742,7,1,Critical
WAP5-1011,WAP5,NR,2016,192,198,16,119.937,1.221,8.322,79.589,104.242,85.021,815.567,407.667,0.614,74.223,20.182,2.647,6,1,Critical
WAP5-1011,WAP5,NR,2016,193,198,18,121.802,1.236,8.262,77.432,103.424,88.546,763.942,422.997,0.5,64.822,20.551,2.692,5,1,Critical
WAP5-1011,WAP5,NR,2016,194,198,20,128.176,1.033,8.401,76.091,104.284,89.909,748.495,406.219,0.571,71.143,20.084,2.605,4,1,Critical
WAP5-1011,WAP5,NR,2016,195,198,22,130.845,0.987,8.373,71.595,108.32,90.472,742.408,425.09,0.5,79.407,19.774,2.537,3,1,Critical
WAP5-1011,WAP5,NR,2016,196,198,24,130.29,0.931,8.991,72.746,113.85,92.294,775.647,429.694,0.5,71.471,20.782,2.785,2,1,Critical
WAP5-1011,WAP5,NR,2016,197,198,26,132.461,0.955,9.0,73.129,111.166,92.638,788.66,415.427,0.5,71.683,19.147,2.102,1,1,Critical
WAP5-1011,WAP5,NR,2016,198,198,28,135.475,0.821,9.0,72.996,112.252,94.938,757.454,434.109,0.5,78.716,19.574,2.102,0,1,Critical
WAP5-1012,WAP5,WR,2020,1,186,-36,76.512,3.557,1.885,94.174,75.711,60.585,884.299,318.398,1.807,74.652,23.709,4.317,185,0,Low
WAP5-1012,WAP5,WR,2020,2,186,-34,78.239,3.202,1.92,94.5,72.662,59.627,865.422,320.762,1.742,61.548,23.97,4.37,184,0,Low
WAP5-1012,WAP5,WR,2020,3,186,-32,81.676,3.601,2.146,95.041,82.614,59.349,906.249,315.88,1.721,75.924,23.937,4.589,183,0,Low
WAP5-1012,WAP5,WR,2020,4,186,-30,79.55,3.275,1.857,91.585,75.668,58.744,880.978,328.314,1.793,69.026,24.621,4.523,182,0,Low
WAP5-1012,WAP5,WR,2020,5,186,-28,83.705,3.445,1.361,96.004,74.516,58.193,884.086,308.378,1.711,77.384,24.189,4.107,181,0,Low
WAP5-1012,WAP5,WR,2020,6,186,-26,83.709,3.648,1.832,95.157,73.681,62.351,858.753,335.983,1.845,72.419,24.237,4.194,180,0,Low
WAP5-1012,WAP5,WR,2020,7,186,-24,81.865,3.476,1.507,95.005,73.11,61.514,908.031,328.934,1.769,67.839,24.033,4.293,179,0,Low
WAP5-1012,WAP5,WR,2020,8,186,-22,83.151,3.386,1.814,91.266,80.578,61.399,902.697,331.392,1.808,77.806,23.911,4.081,178,0,Low
WAP5-1012,WAP5,WR,2020,9,186,-20,76.752,3.529,1.815,93.387,77.626,60.283,931.427,328.642,1.836,81.479,23.99,4.729,177,0,Low
WAP5-1012,WAP5,WR,2020,10,186,-18,80.747,3.584,2.282,95.86,79.843,63.265,921.222,313.098,1.727,65.609,23.595,4.422,176,0,Low
WAP5-1012,WAP5,WR,2020,11,186,-16,81.047,3.145,2.325,95.647,74.267,61.031,924.797,331.475,1.737,72.211,23.876,4.368,175,0,Low
WAP5-1012,WAP5,WR,2020,12,186,-14,86.388,3.652,1.701,92.529,72.845,56.27,881.82,335.831,1.755,78.257,24.241,4.217,174,0,Low
WAP5-1012,WAP5,WR,2020,13,186,-12,80.506,3.156,1.936,92.457,78.937,60.367,894.655,325.632,1.772,71.308,24.557,3.958,173,0,Low
WAP5-1012,WAP5,WR,2020,14,186,-10,82.039,3.447,1.339,93.723,75.656,61.355,909.951,321.562,1.831,67.223,24.659,4.382,172,0,Low
WAP5-1012,WAP5,WR,2020,15,186,-8,83.103,3.287,1.884,93.951,76.26,62.703,877.448,312.763,1.783,64.848,24.334,4.084,171,0,Low
WAP5-1012,WAP5,WR,2020,16,186,-6,85.925,3.721,1.993,92.378,75.17,59.241,882.785,319.601,1.838,71.221,24.194,4.357,170,0,Low
WAP5-1012,WAP5,WR,2020,17,186,-4,80.224,3.469,2.139,94.564,74.495,55.569,902.268,312.341,1.677,71.719,24.113,3.909,169,0,Low
WAP5-1012,WAP5,WR,2020,18,186,-2,86.199,3.43,1.909,95.823,73.834,62.193,887.685,342.861,1.898,69.863,23.441,4.312,168,0,Low
WAP5-1012,WAP5,WR,2020,19,186,0,85.08,3.314,1.418,93.862,77.525,61.44,917.342,306.273,1.747,77.98,23.601,4.445,167,0,Low
WAP5-1012,WAP5,WR,2020,20,186,2,82.612,3.451,2.025,92.259,76.587,59.703,903.556,324.822,1.887,75.922,24.011,4.095,166,0,Low
WAP5-1012,WAP5,WR,2020,21,186,4,78.152,3.747,1.969,94.75,76.488,63.736,889.225,301.184,1.747,70.334,23.523,4.256,165,0,Low
WAP5-1012,WAP5,WR,2020,22,186,6,83.431,3.386,2.292,94.403,69.83,63.133,930.605,313.175,1.86,71.112,23.381,4.567,164,0,Low
WAP5-1012,WAP5,WR,2020,23,186,8,86.992,3.543,1.802,91.743,75.069,59.86,847.207,342.064,1.876,62.95,24.0,3.638,163,0,Low
WAP5-1012,WAP5,WR,2020,24,186,10,81.35,3.256,1.927,93.363,74.358,61.268,894.194,308.047,1.738,75.495,23.505,4.063,162,0,Low
WAP5-1012,WAP5,WR,2020,25,186,12,88.588,3.549,2.104,91.344,73.92,61.986,922.078,323.156,1.628,63.502,24.07,4.03,161,0,Low
WAP5-1012,WAP5,WR,2020,26,186,14,85.977,3.225,2.438,93.064,77.422,62.498,902.684,321.017,1.793,62.816,24.227,3.799,160,0,Low
WAP5-1012,WAP5,WR,2020,27,186,16,83.046,3.733,1.928,92.651,79.041,59.014,886.617,317.834,1.884,74.074,24.021,4.286,159,0,Low
WAP5-1012,WAP5,WR,2020,28,186,18,82.518,3.211,2.378,89.17,77.284,61.163,916.146,328.062,1.704,76.129,23.442,4.436,158,0,Low
WAP5-1012,WAP5,WR,2020,29,186,20,81.916,3.44,1.985,92.819,72.875,60.834,920.777,348.939,1.647,72.224,23.598,3.874,157,0,Low
WAP5-1012,WAP5,WR,2020,30,186,22,81.836,3.417,1.683,93.44,72.309,57.584,902.35,317.926,1.631,70.008,24.508,4.641,156,0,Low
WAP5-1012,WAP5,WR,2020,31,186,24,77.928,3.502,2.067,95.779,73.485,61.073,919.534,313.197,1.738,75.759,23.914,4.154,155,0,Low
WAP5-1012,WAP5,WR,2020,32,186,26,84.296,3.489,0.964,92.862,81.287,59.114,878.196,337.585,1.87,74.883,24.381,3.563,154,0,Low
WAP5-1012,WAP5,WR,2020,33,186,28,89.002,3.474,2.047,92.883,77.813,64.782,886.526,325.904,1.842,65.301,24.085,4.321,153,0,Low
WAP5-1012,WAP5,WR,2020,34,186,30,82.097,3.615,2.147,93.51,73.599,65.959,890.318,345.25,1.712,78.509,24.718,4.483,152,0,Low
WAP5-1012,WAP5,WR,2020,35,186,32,80.92,3.407,1.915,93.311,73.221,60.534,867.379,328.394,1.773,71.721,23.111,4.1,151,0,Low
WAP5-1012,WAP5,WR,2020,36,186,34,89.067,3.564,1.843,93.177,72.907,60.954,946.608,333.116,1.645,68.384,23.795,4.197,150,0,Low
WAP5-1012,WAP5,WR,2020,37,186,36,84.602,3.611,2.036,92.351,74.255,59.781,923.765,303.919,1.517,74.652,24.037,4.349,149,0,Low
WAP5-1012,WAP5,WR,2020,38,186,38,85.396,3.288,2.673,94.653,76.0,58.849,927.508,330.188,1.797,72.891,23.915,4.023,148,0,Low
WAP5-1012,WAP5,WR,2020,39,186,40,84.243,3.493,1.967,92.192,74.315,59.55,889.582,328.539,1.607,66.517,23.969,4.04,147,0,Low
WAP5-1012,WAP5,WR,2020,40,186,42,87.498,3.528,1.851,89.044,74.628,64.008,905.34,314.89,1.656,79.619,23.449,3.922,146,0,Low
WAP5-1012,WAP5,WR,2020,41,186,44,87.928,3.304,1.926,94.225,76.42,56.631,873.428,316.699,1.72,72.202,24.147,4.271,145,0,Low
WAP5-1012,WAP5,WR,2020,42,186,46,86.442,3.41,2.09,94.455,75.284,63.359,900.79,327.491,1.894,72.476,24.46,4.252,144,0,Low
WAP5-1012,WAP5,WR,2020,43,186,48,78.863,3.426,2.01,94.138,78.585,62.462,894.609,316.891,1.613,73.943,23.895,4.145,143,0,Low
WAP5-1012,WAP5,WR,2020,44,186,50,81.467,3.317,1.847,92.964,74.54,58.345,920.16,314.427,1.777,78.675,23.849,4.53,142,0,Low
WAP5-1012,WAP5,WR,2020,45,186,52,83.287,3.473,2.366,95.674,77.123,60.266,891.386,333.788,1.764,72.66,23.555,4.22,141,0,Low
WAP5-1012,WAP5,WR,2020,46,186,54,82.665,3.24,2.121,92.445,77.79,61.738,928.024,321.568,1.91,79.984,23.169,3.759,140,0,Low
WAP5-1012,WAP5,WR,2020,47,186,56,81.286,3.446,1.485,93.671,77.233,62.513,890.66,325.821,1.649,66.554,23.64,4.507,139,0,Low
WAP5-1012,WAP5,WR,2020,48,186,58,81.978,3.24,1.733,90.774,78.769,58.763,866.382,332.108,1.777,65.747,23.658,4.039,138,0,Low
WAP5-1012,WAP5,WR,2020,49,186,60,82.61,3.466,2.172,93.473,72.22,61.194,920.152,316.686,1.559,84.369,23.77,4.261,137,0,Low
WAP5-1012,WAP5,WR,2020,50,186,62,89.122,3.288,2.126,92.765,71.823,59.414,859.719,333.444,1.662,71.516,23.931,4.042,136,0,Low
WAP5-1012,WAP5,WR,2020,51,186,64,81.843,3.592,1.841,92.012,77.328,60.585,926.49,332.284,1.807,73.541,23.911,3.831,135,0,Low
WAP5-1012,WAP5,WR,2020,52,186,66,88.149,3.137,2.767,94.352,71.159,62.858,873.979,322.15,1.587,76.019,23.625,3.68,134,0,Low
WAP5-1012,WAP5,WR,2020,53,186,68,82.342,3.247,2.459,93.598,74.644,59.352,893.108,342.219,1.774,74.321,23.471,4.037,133,0,Low
WAP5-1012,WAP5,WR,2020,54,186,70,77.614,3.358,1.829,94.764,75.182,61.016,872.359,312.138,1.753,79.114,24.163,4.168,132,0,Low
WAP5-1012,WAP5,WR,2020,55,186,72,82.458,3.345,2.008,93.814,76.084,64.803,892.931,324.724,1.719,69.163,23.938,4.096,131,0,Low
WAP5-1012,WAP5,WR,2020,56,186,74,83.915,3.281,2.106,93.582,78.855,61.297,879.545,337.202,1.792,66.864,23.755,4.299,130,0,Low
WAP5-1012,WAP5,WR,2020,57,186,76,88.183,3.152,1.955,94.229,80.3,61.839,873.818,326.691,1.858,74.022,24.565,4.19,129,0,Low
WAP5-1012,WAP5,WR,2020,58,186,78,83.444,3.398,2.4,92.129,71.442,62.676,877.822,324.837,1.804,56.989,23.896,4.42,128,0,Low
WAP5-1012,WAP5,WR,2020,59,186,80,82.246,3.221,2.451,93.149,79.393,60.134,886.235,320.908,1.581,71.206,23.976,4.208,127,0,Low
WAP5-1012,WAP5,WR,2020,60,186,82,83.223,3.246,2.341,95.375,79.826,59.57,845.714,315.936,1.623,79.255,23.322,3.995,126,0,Low
WAP5-1012,WAP5,WR,2020,61,186,84,92.685,3.622,2.213,94.621,75.404,58.548,886.815,340.588,1.677,75.314,23.768,4.004,125,0,Low
WAP5-1012,WAP5,WR,2020,62,186,86,84.115,3.454,2.008,91.188,76.944,59.678,885.193,321.24,1.704,76.834,23.339,3.9,124,0,Low
WAP5-1012,WAP5,WR,2020,63,186,88,87.168,3.3,2.033,95.255,74.134,59.905,901.025,336.369,1.895,74.113,23.16,4.53,123,0,Low
WAP5-1012,WAP5,WR,2020,64,186,90,87.058,3.338,1.946,92.629,73.396,61.838,939.639,316.274,1.787,74.05,23.715,4.058,122,0,Low
WAP5-1012,WAP5,WR,2020,65,186,92,86.357,3.303,1.859,92.002,76.812,59.888,907.874,321.298,1.692,65.02,24.245,3.822,121,0,Low
WAP5-1012,WAP5,WR,2020,66,186,94,84.266,3.225,2.121,94.992,78.098,62.075,911.565,324.077,1.819,74.237,24.385,4.274,120,0,Low
WAP5-1012,WAP5,WR,2020,67,186,96,84.501,3.491,2.282,93.459,76.252,61.263,858.213,308.046,1.744,69.89,24.256,4.264,119,0,Low
WAP5-1012,WAP5,WR,2020,68,186,98,88.012,3.314,1.593,93.205,75.182,63.322,918.254,322.122,1.781,76.305,24.167,4.268,118,0,Low
WAP5-1012,WAP5,WR,2020,69,186,100,85.078,3.075,1.929,92.735,77.316,63.819,885.393,318.069,1.677,78.517,23.767,3.958,117,0,Low
WAP5-1012,WAP5,WR,2020,70,186,102,83.958,3.227,2.457,93.401,78.69,62.68,871.089,313.421,1.751,64.189,23.755,3.873,116,0,Low
WAP5-1012,WAP5,WR,2020,71,186,104,86.444,3.373,2.283,92.233,72.978,64.624,857.451,336.394,1.736,72.764,23.483,4.086,115,0,Low
WAP5-1012,WAP5,WR,2020,72,186,106,85.214,3.383,1.829,91.57,77.222,61.769,874.607,334.829,1.689,69.305,24.391,3.957,114,0,Low
WAP5-1012,WAP5,WR,2020,73,186,108,87.507,3.129,2.202,93.249,77.404,62.342,936.686,319.01,1.688,72.497,23.515,4.16,113,0,Low
WAP5-1012,WAP5,WR,2020,74,186,110,82.886,3.214,2.252,94.551,75.958,60.665,875.588,321.492,1.655,74.937,23.604,3.912,112,0,Low
WAP5-1012,WAP5,WR,2020,75,186,112,78.811,3.175,2.444,95.597,80.993,64.364,894.432,333.048,1.789,66.476,23.916,3.956,111,0,Low
WAP5-1012,WAP5,WR,2020,76,186,114,83.192,3.051,1.569,90.548,77.204,61.22,869.067,336.875,1.721,67.495,24.152,4.144,110,0,Low
WAP5-1012,WAP5,WR,2020,77,186,116,85.198,2.967,2.075,91.969,80.872,62.27,892.942,322.707,1.778,67.999,23.031,4.247,109,0,Low
WAP5-1012,WAP5,WR,2020,78,186,118,83.103,3.452,2.017,92.937,74.601,59.941,907.777,332.706,1.755,65.792,23.513,4.16,108,0,Low
WAP5-1012,WAP5,WR,2020,79,186,120,82.224,3.43,2.494,92.173,79.06,62.288,901.992,339.18,1.93,68.986,23.586,4.29,107,0,Low
WAP5-1012,WAP5,WR,2020,80,186,122,83.329,3.219,2.297,91.218,77.764,65.793,878.755,317.346,1.806,66.069,23.524,4.104,106,0,Low
WAP5-1012,WAP5,WR,2020,81,186,124,84.569,3.298,2.017,93.47,75.546,64.69,913.636,320.57,1.832,71.055,23.734,3.884,105,0,Low
WAP5-1012,WAP5,WR,2020,82,186,126,84.324,3.449,2.107,89.278,78.036,64.51,898.273,334.29,1.623,83.692,23.686,4.31,104,0,Low
WAP5-1012,WAP5,WR,2020,83,186,128,89.586,3.347,2.542,93.017,75.043,60.61,928.241,329.469,1.79,70.895,23.571,3.599,103,0,Low
WAP5-1012,WAP5,WR,2020,84,186,130,84.904,3.276,2.208,93.844,76.39,63.729,902.697,320.474,1.822,76.362,24.416,3.983,102,0,Low
WAP5-1012,WAP5,WR,2020,85,186,132,76.57,3.22,2.543,92.39,76.475,59.711,883.264,327.381,1.895,67.158,23.501,4.118,101,0,Low
WAP5-1012,WAP5,WR,2020,86,186,134,88.637,3.371,1.64,92.614,77.273,64.105,864.39,340.269,1.687,71.935,23.943,3.825,100,0,Low
WAP5-1012,WAP5,WR,2020,87,186,136,86.81,3.232,1.91,91.832,74.559,63.557,891.182,327.613,1.866,68.854,23.215,4.37,99,0,Low
WAP5-1012,WAP5,WR,2020,88,186,138,83.439,3.278,2.671,92.783,79.075,60.181,874.892,319.483,1.766,76.035,24.36,3.851,98,0,Low
WAP5-1012,WAP5,WR,2020,89,186,140,86.58,3.301,1.989,92.336,76.558,57.586,879.047,303.258,1.759,71.443,23.922,3.779,97,0,Low
WAP5-1012,WAP5,WR,2020,90,186,142,86.013,3.195,2.009,90.276,75.018,61.081,892.301,335.825,1.748,62.763,23.753,3.899,96,0,Low
WAP5-1012,WAP5,WR,2020,91,186,144,84.558,3.278,2.104,94.487,78.75,63.989,899.006,329.782,1.85,77.669,23.715,4.194,95,0,Low
WAP5-1012,WAP5,WR,2020,92,186,146,81.009,3.304,2.483,95.489,78.29,59.433,916.087,328.167,1.656,74.223,23.426,4.145,94,0,Low
WAP5-1012,WAP5,WR,2020,93,186,148,81.157,3.391,2.165,94.02,76.327,61.711,869.028,340.055,1.569,64.822,23.938,4.238,93,0,Low
WAP5-1012,WAP5,WR,2020,94,186,150,85.746,3.261,2.037,93.394,75.998,61.778,858.323,319.703,1.685,71.143,23.619,4.201,92,0,Low
WAP5-1012,WAP5,WR,2020,95,186,152,86.565,3.291,1.731,89.64,78.8,60.997,857.158,334.865,1.582,79.407,23.464,4.184,91,0,Low
WAP5-1012,WAP5,WR,2020,96,186,154,84.093,3.314,2.061,91.559,83.052,61.425,895.496,335.628,1.552,71.471,24.632,4.485,90,0,Low
WAP5-1012,WAP5,WR,2020,97,186,156,84.28,3.42,2.535,92.738,79.045,60.327,913.785,317.386,1.585,71.683,23.162,3.856,89,0,Low
WAP5-1012,WAP5,WR,2020,98,186,158,85.243,3.37,2.293,93.426,78.764,61.136,888.034,331.959,1.681,78.716,23.76,3.914,88,0,Low
WAP5-1012,WAP5,WR,2020,99,186,160,89.406,2.934,2.525,93.552,77.974,62.471,910.661,311.908,1.78,75.328,23.631,3.755,87,0,Low
WAP5-1012,WAP5,WR,2020,100,186,162,81.233,3.377,2.702,91.109,75.744,60.424,862.134,333.205,1.787,71.818,23.68,4.193,86,0,Low
WAP5-1012,WAP5,WR,2020,101,186,164,85.166,3.403,2.601,90.499,77.724,61.899,892.991,340.427,1.858,69.257,23.33,4.179,85,0,Low
WAP5-1012,WAP5,WR,2020,102,186,166,83.278,3.251,2.642,91.845,83.509,61.452,849.151,337.947,1.676,62.818,23.465,3.924,84,0,Low
WAP5-1012,WAP5,WR,2020,103,186,168,89.431,3.49,2.146,91.057,78.657,64.835,971.949,313.881,1.629,68.524,23.403,3.84,83,0,Low
WAP5-1012,WAP5,WR,2020,104,186,170,87.032,3.305,1.436,93.503,77.63,59.596,902.461,328.399,1.57,71.972,23.936,3.677,82,0,Low
WAP5-1012,WAP5,WR,2020,105,186,172,80.934,2.887,1.906,91.102,74.443,61.789,893.9,318.17,1.599,64.806,23.703,3.964,81,0,Low
WAP5-1012,WAP5,WR,2020,106,186,174,83.277,3.199,2.285,91.2,79.936,61.999,876.11,333.906,1.564,82.409,23.703,3.894,80,0,Low
WAP5-1012,WAP5,WR,2020,107,186,176,87.333,3.14,2.077,93.789,75.055,62.701,900.378,311.713,1.575,71.542,23.416,4.136,79,0,Low
WAP5-1012,WAP5,WR,2020,108,186,178,91.879,3.591,2.656,92.65,81.513,62.827,877.368,336.575,1.753,78.96,24.493,3.69,78,0,Low
WAP5-1012,WAP5,WR,2020,109,186,180,88.634,3.417,2.612,90.888,76.217,62.339,847.074,349.176,1.509,74.405,23.488,4.094,77,0,Low
WAP5-1012,WAP5,WR,2020,110,186,0,85.744,3.154,2.65,91.798,79.996,61.654,895.739,330.954,1.569,78.527,23.518,4.246,76,0,Low
WAP5-1012,WAP5,WR,2020,111,186,2,87.895,3.273,2.321,88.833,78.85,63.008,888.906,334.689,1.659,77.865,23.648,4.078,75,0,Low
WAP5-1012,WAP5,WR,2020,112,186,4,86.993,3.471,2.951,89.305,78.134,67.265,865.331,321.582,1.69,65.712,23.582,3.991,74,0,Low
WAP5-1012,WAP5,WR,2020,113,186,6,87.808,3.451,2.873,91.203,81.082,59.525,915.739,333.712,1.732,74.559,23.56,3.8,73,0,Low
WAP5-1012,WAP5,WR,2020,114,186,8,84.492,3.349,2.826,90.324,77.168,64.138,851.868,330.773,1.571,73.039,23.136,3.851,72,0,Low
WAP5-1012,WAP5,WR,2020,115,186,10,85.964,2.956,2.617,92.628,74.851,64.058,892.357,331.894,1.746,69.614,24.302,3.764,71,0,Low
WAP5-1012,WAP5,WR,2020,116,186,12,92.38,3.157,2.306,92.846,77.289,62.163,885.468,341.493,1.676,73.648,23.762,4.047,70,0,Low
WAP5-1012,WAP5,WR,2020,117,186,14,85.263,2.854,2.342,89.945,79.068,59.752,916.07,321.926,1.649,72.189,23.577,3.79,69,0,Low
WAP5-1012,WAP5,WR,2020,118,186,16,85.788,3.283,2.607,93.121,79.163,64.943,855.133,332.356,1.67,68.903,23.57,4.029,68,0,Low
WAP5-1012,WAP5,WR,2020,119,186,18,88.499,3.179,2.444,94.476,77.966,63.796,887.753,343.103,1.585,64.801,23.131,4.108,67,0,Low
WAP5-1012,WAP5,WR,2020,120,186,20,86.488,3.599,2.541,93.276,82.298,59.751,854.102,335.474,1.709,77.367,23.897,4.258,66,0,Low
WAP5-1012,WAP5,WR,2020,121,186,22,86.698,3.107,2.267,92.103,76.589,62.717,884.279,343.178,1.666,79.146,24.251,3.829,65,0,Low
WAP5-1012,WAP5,WR,2020,122,186,24,86.107,3.267,2.409,91.541,78.182,61.86,911.867,341.421,1.548,74.737,23.739,4.248,64,0,Low
WAP5-1012,WAP5,WR,2020,123,186,26,90.482,3.199,2.5,92.917,77.378,63.066,900.004,318.54,1.66,74.903,23.617,4.136,63,0,Low
WAP5-1012,WAP5,WR,2020,124,186,28,89.331,3.363,2.339,91.932,79.439,62.103,884.475,326.779,1.651,59.654,23.278,4.121,62,0,Low
WAP5-1012,WAP5,WR,2020,125,186,30,88.011,2.909,2.372,90.981,77.43,62.664,920.561,329.019,1.468,69.577,23.27,3.701,61,0,Low
WAP5-1012,WAP5,WR,2020,126,186,32,86.98,3.385,2.684,90.237,79.552,63.588,946.466,334.298,1.657,65.217,24.505,3.852,60,0,Medium
WAP5-1012,WAP5,WR,2020,127,186,34,88.995,3.23,2.226,94.207,74.781,59.025,888.629,308.014,1.651,74.361,24.351,3.892,59,0,Medium
WAP5-1012,WAP5,WR,2020,128,186,36,86.23,3.15,2.692,95.784,76.555,66.31,861.782,332.643,1.551,68.025,23.751,4.091,58,0,Medium
WAP5-1012,WAP5,WR,2020,129,186,38,84.685,3.235,1.981,93.267,74.878,61.491,896.204,320.14,1.566,70.608,24.005,4.101,57,0,Medium
WAP5-1012,WAP5,WR,2020,130,186,40,86.349,3.296,2.293,94.141,75.028,61.626,872.383,327.507,1.687,72.349,24.089,3.865,56,0,Medium
WAP5-1012,WAP5,WR,2020,131,186,42,83.47,3.15,3.183,93.24,76.868,64.578,897.245,319.97,1.683,69.679,23.127,4.044,55,0,Medium
WAP5-1012,WAP5,WR,2020,132,186,44,89.328,3.151,2.37,91.112,78.915,61.046,899.853,328.551,1.517,69.767,22.747,3.609,54,0,Medium
WAP5-1012,WAP5,WR,2020,133,186,46,85.858,3.312,2.722,91.312,78.433,64.678,882.17,324.177,1.644,75.698,24.435,4.116,53,0,Medium
WAP5-1012,WAP5,WR,2020,134,186,48,92.244,3.141,1.87,92.323,82.068,62.87,895.53,315.25,1.779,66.878,23.626,4.404,52,0,Medium
WAP5-1012,WAP5,WR,2020,135,186,50,86.72,3.391,2.444,89.547,82.538,62.36,877.353,335.176,1.584,61.436,23.953,4.123,51,0,Medium
WAP5-1012,WAP5,WR,2020,136,186,52,90.734,3.29,2.202,93.893,76.172,64.358,866.345,315.728,1.654,62.959,24.008,3.781,50,0,Medium
WAP5-1012,WAP5,WR,2020,137,186,54,83.656,2.805,2.216,90.417,76.551,61.611,864.351,325.341,1.617,69.887,23.651,4.067,49,0,Medium
WAP5-1012,WAP5,WR,2020,138,186,56,86.026,3.012,2.265,93.483,75.83,64.499,902.335,322.479,1.686,69.062,23.469,3.742,48,0,Medium
WAP5-1012,WAP5,WR,2020,139,186,58,83.57,3.245,2.494,90.014,82.628,59.02,890.164,325.211,1.582,68.075,23.784,3.885,47,0,Medium
WAP5-1012,WAP5,WR,2020,140,186,60,83.795,3.253,2.63,89.479,83.59,60.137,866.958,332.514,1.553,64.667,22.934,4.223,46,0,Medium
WAP5-1012,WAP5,WR,2020,141,186,62,84.987,2.874,2.517,90.464,77.664,60.577,869.196,343.67,1.507,79.199,24.421,3.996,45,0,Medium
WAP5-1012,WAP5,WR,2020,142,186,64,87.758,3.042,2.76,92.559,76.933,60.062,933.374,339.236,1.728,70.735,23.583,4.012,44,0,Medium
WAP5-1012,WAP5,WR,2020,143,186,66,86.094,3.3,2.897,91.576,75.151,63.65,892.36,327.779,1.81,78.983,23.8,4.155,43,0,Medium
WAP5-1012,WAP5,WR,2020,144,186,68,84.261,2.925,2.682,90.87,76.548,64.237,907.63,341.675,1.742,79.05,23.408,3.616,42,0,Medium
WAP5-1012,WAP5,WR,2020,145,186,70,88.217,3.212,2.858,92.93,77.69,63.467,862.165,338.188,1.674,70.413,23.563,4.314,41,0,Medium
WAP5-1012,WAP5,WR,2020,146,186,72,90.369,3.042,2.233,90.024,81.052,62.98,911.147,322.98,1.564,72.606,22.768,3.82,40,0,Medium
WAP5-1012,WAP5,WR,2020,147,186,74,92.653,2.93,2.843,90.831,79.415,63.596,881.368,327.103,1.549,69.764,23.707,4.131,39,0,Medium
WAP5-1012,WAP5,WR,2020,148,186,76,88.537,2.949,2.596,94.402,79.672,62.966,879.84,333.121,1.711,71.84,23.526,3.719,38,0,Medium
WAP5-1012,WAP5,WR,2020,149,186,78,85.629,3.289,2.703,91.178,82.056,60.055,926.516,322.649,1.565,70.781,24.369,3.959,37,0,Medium
WAP5-1012,WAP5,WR,2020,150,186,80,85.234,3.231,2.247,91.838,76.097,60.61,899.391,337.558,1.63,76.484,23.781,4.526,36,0,Medium
WAP5-1012,WAP5,WR,2020,151,186,82,86.462,3.256,3.083,92.384,82.235,63.848,877.716,332.456,1.503,71.066,23.421,4.082,35,0,Medium
WAP5-1012,WAP5,WR,2020,152,186,84,89.115,2.897,2.673,90.742,77.984,63.565,882.936,331.558,1.671,71.03,23.441,3.905,34,0,Medium
WAP5-1012,WAP5,WR,2020,153,186,86,85.658,3.296,2.637,88.97,80.471,64.073,886.232,328.933,1.709,72.135,23.35,3.923,33,0,Medium
WAP5-1012,WAP5,WR,2020,154,186,88,85.463,2.98,2.605,90.98,77.375,60.988,861.674,335.004,1.634,80.993,24.11,3.736,32,0,Medium
WAP5-1012,WAP5,WR,2020,155,186,90,89.715,3.01,2.605,91.738,78.839,64.244,894.583,330.067,1.602,70.784,22.771,3.859,31,0,Medium
WAP5-1012,WAP5,WR,2020,156,186,92,97.392,2.152,4.772,85.132,88.519,67.885,836.694,351.988,1.169,61.189,22.599,2.989,30,1,High
WAP5-1012,WAP5,WR,2020,157,186,94,98.725,2.211,4.535,86.243,91.014,72.131,831.37,343.603,1.16,66.033,22.776,3.697,29,1,High
WAP5-1012,WAP5,WR,2020,158,186,96,98.985,2.632,4.819,85.831,88.131,74.406,828.072,352.837,1.137,70.696,22.283,3.386,28,1,High
WAP5-1012,WAP5,WR,2020,159,186,98,103.538,2.256,5.205,88.337,89.967,69.257,870.675,372.874,1.168,67.548,22.471,3.408,27,1,High
WAP5-1012,WAP5,WR,2020,160,186,100,103.501,2.126,4.909,86.319,90.402,71.432,862.574,357.399,1.176,77.542,22.619,3.007,26,1,High
WAP5-1012,WAP5,WR,2020,161,186,102,100.713,1.936,5.109,85.983,91.614,71.239,843.595,360.244,1.102,67.155,21.501,3.327,25,1,High
WAP5-1012,WAP5,WR,2020,162,186,104,100.399,2.04,4.675,84.032,90.777,70.291,863.371,365.803,1.143,78.727,21.71,2.996,24,1,High
WAP5-1012,WAP5,WR,2020,163,186,106,98.399,1.987,5.198,86.172,90.552,73.74,837.398,371.357,1.056,71.794,22.287,3.092,23,1,High
WAP5-1012,WAP5,WR,2020,164,186,108,101.8,2.26,5.205,86.333,89.208,73.523,819.588,363.922,1.227,73.481,21.531,2.969,22,1,High
WAP5-1012,WAP5,WR,2020,165,186,110,100.217,2.262,5.119,83.572,86.458,74.268,858.85,378.824,1.155,77.558,22.628,3.238,21,1,High
WAP5-1012,WAP5,WR,2020,166,186,112,103.646,2.104,4.965,82.338,91.146,71.86,835.512,374.181,1.028,74.188,21.267,2.926,20,1,High
WAP5-1012,WAP5,WR,2020,167,186,114,109.71,1.529,5.036,82.763,93.495,72.808,854.722,380.574,1.111,74.516,21.224,3.229,19,1,High
WAP5-1012,WAP5,WR,2020,168,186,116,105.993,1.84,5.769,81.421,90.738,72.146,824.857,364.065,1.135,79.609,21.061,2.929,18,1,High
WAP5-1012,WAP5,WR,2020,169,186,118,106.865,1.991,5.356,85.856,92.19,75.317,849.971,351.678,1.088,76.26,22.369,2.899,17,1,High
WAP5-1012,WAP5,WR,2020,170,186,120,114.317,1.985,5.321,84.062,94.22,79.335,855.706,380.986,1.032,68.466,21.74,3.305,16,1,High
WAP5-1012,WAP5,WR,2020,171,186,122,113.192,1.578,6.285,84.645,91.596,79.733,827.558,364.36,0.981,71.127,21.238,2.889,15,1,High
WAP5-1012,WAP5,WR,2020,172,186,124,110.278,1.747,5.547,81.338,94.364,79.417,820.47,367.841,0.898,72.467,21.732,2.863,14,1,High
WAP5-1012,WAP5,WR,2020,173,186,126,111.782,1.686,6.155,83.797,96.976,76.553,824.077,393.345,0.898,69.896,20.957,3.066,13,1,High
WAP5-1012,WAP5,WR,2020,174,186,128,114.171,1.886,6.592,78.934,95.245,80.35,846.195,408.236,0.867,75.108,21.247,2.733,12,1,High
WAP5-1012,WAP5,WR,2020,175,186,130,117.109,1.789,6.436,82.858,97.539,82.981,824.721,380.025,0.829,73.281,21.227,2.701,11,1,High
WAP5-1012,WAP5,WR,2020,176,186,132,117.843,1.418,7.135,79.259,98.423,82.065,807.333,399.664,0.744,75.721,21.546,2.798,10,1,Critical
WAP5-1012,WAP5,WR,2020,177,186,134,118.587,1.414,6.638,79.06,95.259,83.294,794.019,395.242,0.871,85.648,21.539,2.95,9,1,Critical
WAP5-1012,WAP5,WR,2020,178,186,136,123.457,1.387,7.972,79.496,98.476,83.655,820.894,413.47,0.786,72.12,21.22,2.792,8,1,Critical
WAP5-1012,WAP5,WR,2020,179,186,138,121.826,1.235,7.805,78.538,105.284,84.322,806.635,395.181,0.678,66.715,21.144,2.954,7,1,Critical
WAP5-1012,WAP5,WR,2020,180,186,140,118.844,1.319,8.321,75.273,99.95,84.627,787.098,391.734,0.733,70.164,20.468,2.869,6,1,Critical
WAP5-1012,WAP5,WR,2020,181,186,142,122.649,1.26,7.624,77.769,107.122,88.703,794.535,396.645,0.685,59.927,20.999,2.683,5,1,Critical
WAP5-1012,WAP5,WR,2020,182,186,144,126.447,1.148,8.174,75.398,110.542,87.158,773.422,412.833,0.687,69.105,19.557,2.486,4,1,Critical
WAP5-1012,WAP5,WR,2020,183,186,146,127.869,0.976,8.652,75.191,109.339,90.813,745.033,408.842,0.5,72.788,20.153,1.928,3,1,Critical
WAP5-1012,WAP5,WR,2020,184,186,148,131.171,0.945,9.0,74.213,107.665,91.71,763.806,423.237,0.506,79.646,20.448,2.465,2,1,Critical
WAP5-1012,WAP5,WR,2020,185,186,150,133.361,1.124,9.0,71.68,108.366,92.978,772.843,408.609,0.524,70.953,20.324,2.216,1,1,Critical
WAP5-1012,WAP5,WR,2020,186,186,152,137.573,0.79,9.0,71.794,111.664,92.298,785.303,436.812,0.5,70.117,19.821,2.295,0,1,Critical
WDP4B-1013,WDP4B,CR,2011,1,104,0,81.566,3.643,2.061,91.999,75.324,59.799,901.991,332.927,1.978,69.257,23.63,4.359,103,0,Low
WDP4B-1013,WDP4B,CR,2011,2,104,2,79.678,3.491,2.102,93.345,81.109,59.352,858.151,330.447,1.796,62.818,23.765,4.104,102,0,Low
WDP4B-1013,WDP4B,CR,2011,3,104,4,85.831,3.73,1.606,92.557,76.257,62.735,980.949,306.381,1.749,68.524,23.703,4.02,101,0,Low
WDP4B-1013,WDP4B,CR,2011,4,104,6,83.432,3.545,0.896,95.003,75.23,57.496,911.461,320.899,1.69,71.972,24.236,3.857,100,0,Low
WDP4B-1013,WDP4B,CR,2011,5,104,8,77.334,3.127,1.366,92.602,72.043,59.689,902.9,310.67,1.719,64.806,24.003,4.144,99,0,Low
WDP4B-1013,WDP4B,CR,2011,6,104,10,79.677,3.439,1.745,92.7,77.536,59.899,885.11,326.406,1.684,82.409,24.003,4.074,98,0,Low
WDP4B-1013,WDP4B,CR,2011,7,104,12,83.733,3.38,1.537,95.289,72.655,60.601,909.378,304.213,1.695,71.542,23.716,4.316,97,0,Low
WDP4B-1013,WDP4B,CR,2011,8,104,14,88.279,3.831,2.116,94.15,79.113,60.727,886.368,329.075,1.873,78.96,24.793,3.87,96,0,Low
WDP4B-1013,WDP4B,CR,2011,9,104,16,85.034,3.657,2.072,92.388,73.817,60.239,856.074,341.676,1.629,74.405,23.788,4.274,95,0,Low
WDP4B-1013,WDP4B,CR,2011,10,104,18,82.144,3.394,2.11,93.298,77.596,59.554,904.739,323.454,1.689,78.527,23.818,4.426,94,0,Low
WDP4B-1013,WDP4B,CR,2011,11,104,20,84.295,3.513,1.781,90.333,76.45,60.908,897.906,327.189,1.779,77.865,23.948,4.258,93,0,Low
WDP4B-1013,WDP4B,CR,2011,12,104,22,83.393,3.711,2.411,90.805,75.734,65.165,874.331,314.082,1.81,65.712,23.882,4.171,92,0,Low
WDP4B-1013,WDP4B,CR,2011,13,104,24,84.208,3.691,2.333,92.703,78.682,57.425,924.739,326.212,1.852,74.559,23.86,3.98,91,0,Low
WDP4B-1013,WDP4B,CR,2011,14,104,26,80.892,3.589,2.286,91.824,74.768,62.038,860.868,323.273,1.691,73.039,23.436,4.031,90,0,Low
WDP4B-1013,WDP4B,CR,2011,15,104,28,82.364,3.196,2.077,94.128,72.451,61.958,901.357,324.394,1.866,69.614,24.602,3.944,89,0,Low
WDP4B-1013,WDP4B,CR,2011,16,104,30,88.78,3.397,1.766,94.346,74.889,60.063,894.468,333.993,1.796,73.648,24.062,4.227,88,0,Low
WDP4B-1013,WDP4B,CR,2011,17,104,32,81.663,3.094,1.802,91.445,76.668,57.652,925.07,314.426,1.769,72.189,23.877,3.97,87,0,Low
WDP4B-1013,WDP4B,CR,2011,18,104,34,82.188,3.523,2.067,94.621,76.763,62.843,864.133,324.856,1.79,68.903,23.87,4.209,86,0,Low
WDP4B-1013,WDP4B,CR,2011,19,104,36,84.899,3.419,1.904,95.976,75.566,61.696,896.753,335.603,1.705,64.801,23.431,4.288,85,0,Low
WDP4B-1013,WDP4B,CR,2011,20,104,38,82.888,3.839,2.001,94.776,79.898,57.651,863.102,327.974,1.829,77.367,24.197,4.438,84,0,Low
WDP4B-1013,WDP4B,CR,2011,21,104,40,83.098,3.347,1.727,93.603,74.189,60.617,893.279,335.678,1.786,79.146,24.551,4.009,83,0,Low
WDP4B-1013,WDP4B,CR,2011,22,104,42,82.507,3.507,1.869,93.041,75.782,59.76,920.867,333.921,1.668,74.737,24.039,4.428,82,0,Low
WDP4B-1013,WDP4B,CR,2011,23,104,44,86.882,3.439,1.96,94.417,74.978,60.966,909.004,311.04,1.78,74.903,23.917,4.316,81,0,Low
WDP4B-1013,WDP4B,CR,2011,24,104,46,85.731,3.603,1.799,93.432,77.039,60.003,893.475,319.279,1.771,59.654,23.578,4.301,80,0,Low
WDP4B-1013,WDP4B,CR,2011,25,104,48,84.411,3.149,1.832,92.481,75.03,60.564,929.561,321.519,1.588,69.577,23.57,3.881,79,0,Low
WDP4B-1013,WDP4B,CR,2011,26,104,50,83.38,3.625,2.144,91.737,77.152,61.488,955.466,326.798,1.777,65.217,24.805,4.032,78,0,Low
WDP4B-1013,WDP4B,CR,2011,27,104,52,85.395,3.47,1.686,95.707,72.381,56.925,897.629,300.514,1.771,74.361,24.651,4.072,77,0,Low
WDP4B-1013,WDP4B,CR,2011,28,104,54,82.63,3.39,2.152,97.284,74.155,64.21,870.782,325.143,1.671,68.025,24.051,4.271,76,0,Low
WDP4B-1013,WDP4B,CR,2011,29,104,56,81.085,3.475,1.441,94.767,72.478,59.391,905.204,312.64,1.686,70.608,24.305,4.281,75,0,Low
WDP4B-1013,WDP4B,CR,2011,30,104,58,82.749,3.536,1.753,95.641,72.628,59.526,881.383,320.007,1.807,72.349,24.389,4.045,74,0,Low
WDP4B-1013,WDP4B,CR,2011,31,104,60,79.87,3.39,2.643,94.74,74.468,62.478,906.245,312.47,1.803,69.679,23.427,4.224,73,0,Low
WDP4B-1013,WDP4B,CR,2011,32,104,62,85.728,3.391,1.83,92.612,76.515,58.946,908.853,321.051,1.637,69.767,23.047,3.789,72,0,Low
WDP4B-1013,WDP4B,CR,2011,33,104,64,82.258,3.552,2.182,92.812,76.033,62.578,891.17,316.677,1.764,75.698,24.735,4.296,71,0,Low
WDP4B-1013,WDP4B,CR,2011,34,104,66,88.644,3.381,1.33,93.823,79.668,60.77,904.53,307.75,1.899,66.878,23.926,4.584,70,0,Low
WDP4B-1013,WDP4B,CR,2011,35,104,68,83.12,3.631,1.904,91.047,80.138,60.26,886.353,327.676,1.704,61.436,24.253,4.303,69,0,Low
WDP4B-1013,WDP4B,CR,2011,36,104,70,87.134,3.53,1.662,95.393,73.772,62.258,875.345,308.228,1.774,62.959,24.308,3.961,68,0,Low
WDP4B-1013,WDP4B,CR,2011,37,104,72,80.056,3.045,1.676,91.917,74.151,59.511,873.351,317.841,1.737,69.887,23.951,4.247,67,0,Low
WDP4B-1013,WDP4B,CR,2011,38,104,74,82.426,3.252,1.725,94.983,73.43,62.399,911.335,314.979,1.806,69.062,23.769,3.922,66,0,Low
WDP4B-1013,WDP4B,CR,2011,39,104,76,79.97,3.485,1.954,91.514,80.228,56.92,899.164,317.711,1.702,68.075,24.084,4.065,65,0,Low
WDP4B-1013,WDP4B,CR,2011,40,104,78,80.195,3.493,2.09,90.979,81.19,58.037,875.958,325.014,1.673,64.667,23.234,4.403,64,0,Low
WDP4B-1013,WDP4B,CR,2011,41,104,80,81.387,3.114,1.977,91.964,75.264,58.477,878.196,336.17,1.627,79.199,24.721,4.176,63,0,Low
WDP4B-1013,WDP4B,CR,2011,42,104,82,84.158,3.282,2.22,94.059,74.533,57.962,942.374,331.736,1.848,70.735,23.883,4.192,62,0,Low
WDP4B-1013,WDP4B,CR,2011,43,104,84,82.494,3.54,2.357,93.076,72.751,61.55,901.36,320.279,1.93,78.983,24.1,4.335,61,0,Low
WDP4B-1013,WDP4B,CR,2011,44,104,86,80.661,3.165,2.142,92.37,74.148,62.137,916.63,334.175,1.862,79.05,23.708,3.796,60,0,Medium
WDP4B-1013,WDP4B,CR,2011,45,104,88,84.617,3.452,2.318,94.43,75.29,61.367,871.165,330.688,1.794,70.413,23.863,4.494,59,0,Medium
WDP4B-1013,WDP4B,CR,2011,46,104,90,86.769,3.282,1.693,91.524,78.652,60.88,920.147,315.48,1.684,72.606,23.068,4.0,58,0,Medium
WDP4B-1013,WDP4B,CR,2011,47,104,92,89.053,3.17,2.303,92.331,77.015,61.496,890.368,319.603,1.669,69.764,24.007,4.311,57,0,Medium
WDP4B-1013,WDP4B,CR,2011,48,104,94,84.937,3.189,2.056,95.902,77.272,60.866,888.84,325.621,1.831,71.84,23.826,3.899,56,0,Medium
WDP4B-1013,WDP4B,CR,2011,49,104,96,82.029,3.529,2.163,92.678,79.656,57.955,935.516,315.149,1.685,70.781,24.669,4.139,55,0,Medium
WDP4B-1013,WDP4B,CR,2011,50,104,98,81.634,3.471,1.707,93.338,73.697,58.51,908.391,330.058,1.75,76.484,24.081,4.706,54,0,Medium
WDP4B-1013,WDP4B,CR,2011,51,104,100,82.862,3.496,2.543,93.884,79.835,61.748,886.716,324.956,1.623,71.066,23.721,4.262,53,0,Medium
WDP4B-1013,WDP4B,CR,2011,52,104,102,85.515,3.137,2.133,92.242,75.584,61.465,891.936,324.058,1.791,71.03,23.741,4.085,52,0,Medium
WDP4B-1013,WDP4B,CR,2011,53,104,104,82.058,3.536,2.097,90.47,78.071,61.973,895.232,321.433,1.829,72.135,23.65,4.103,51,0,Medium
WDP4B-1013,WDP4B,CR,2011,54,104,106,81.863,3.22,2.065,92.48,74.975,58.888,870.674,327.504,1.754,80.993,24.41,3.916,50,0,Medium
WDP4B-1013,WDP4B,CR,2011,55,104,108,86.115,3.25,2.065,93.238,76.439,62.144,903.583,322.567,1.722,70.784,23.071,4.039,49,0,Medium
WDP4B-1013,WDP4B,CR,2011,56,104,110,80.688,3.266,2.266,92.092,77.383,58.141,878.454,317.188,1.726,61.189,23.991,3.824,48,0,Medium
WDP4B-1013,WDP4B,CR,2011,57,104,112,81.904,3.332,2.012,93.251,79.799,62.314,873.429,308.561,1.72,66.033,24.177,4.538,47,0,Medium
WDP4B-1013,WDP4B,CR,2011,58,104,114,81.98,3.762,2.268,92.914,76.794,64.466,870.607,317.42,1.702,70.696,23.701,4.233,46,0,Medium
WDP4B-1013,WDP4B,CR,2011,59,104,116,86.282,3.399,2.617,95.522,78.463,59.146,913.865,336.949,1.739,67.548,23.909,4.264,45,0,Medium
WDP4B-1013,WDP4B,CR,2011,60,104,118,85.928,3.283,2.273,93.632,78.687,61.101,906.596,320.832,1.754,77.542,24.084,3.873,44,0,Medium
WDP4B-1013,WDP4B,CR,2011,61,104,120,82.756,3.111,2.416,93.451,79.642,60.639,888.627,322.903,1.689,67.155,22.998,4.205,43,0,Medium
WDP4B-1013,WDP4B,CR,2011,62,104,122,81.991,3.235,1.914,91.682,78.505,59.373,909.591,327.553,1.741,78.727,23.244,3.889,42,0,Medium
WDP4B-1013,WDP4B,CR,2011,63,104,124,79.474,3.205,2.359,94.03,77.935,62.455,884.984,332.066,1.665,71.794,23.865,4.0,41,0,Medium
WDP4B-1013,WDP4B,CR,2011,64,104,126,82.291,3.503,2.278,94.426,76.202,61.823,868.716,323.455,1.849,73.481,23.157,3.894,40,0,Medium
WDP4B-1013,WDP4B,CR,2011,65,104,128,80.057,3.534,2.095,91.927,73.018,62.103,909.7,337.049,1.791,77.558,24.308,4.183,39,0,Medium
WDP4B-1013,WDP4B,CR,2011,66,104,130,82.769,3.407,1.834,90.982,77.228,59.181,888.261,330.964,1.68,74.188,23.006,3.892,38,0,Medium
WDP4B-1013,WDP4B,CR,2011,67,104,132,88.048,2.866,1.786,91.721,79.055,59.567,909.547,335.783,1.779,74.516,23.029,4.218,37,0,Medium
WDP4B-1013,WDP4B,CR,2011,68,104,134,83.481,3.213,2.392,90.721,75.73,58.294,881.937,317.565,1.821,79.609,22.937,3.942,36,0,Medium
WDP4B-1013,WDP4B,CR,2011,69,104,136,83.435,3.403,1.841,95.524,76.57,60.805,909.484,303.336,1.794,76.26,24.321,3.939,35,0,Medium
WDP4B-1013,WDP4B,CR,2011,70,104,138,89.903,3.438,1.659,94.125,77.944,64.114,917.828,330.669,1.759,68.466,23.774,4.373,34,0,Medium
WDP4B-1013,WDP4B,CR,2011,71,104,140,87.728,3.076,2.465,95.13,74.62,63.754,892.468,311.935,1.73,71.127,23.36,3.987,33,0,Medium
WDP4B-1013,WDP4B,CR,2011,72,104,142,83.697,3.291,1.56,92.271,76.644,62.631,888.345,313.174,1.671,72.467,23.947,3.993,32,0,Medium
WDP4B-1013,WDP4B,CR,2011,73,104,144,84.016,3.28,1.99,95.205,78.466,58.911,895.095,336.303,1.695,69.896,23.271,4.229,31,0,Medium
WDP4B-1013,WDP4B,CR,2011,74,104,146,91.371,3.118,3.172,88.254,80.045,65.43,904.995,361.636,1.483,75.108,23.147,3.621,30,1,High
WDP4B-1013,WDP4B,CR,2011,75,104,148,93.109,3.069,2.836,92.658,81.539,67.181,886.721,331.025,1.469,73.281,23.227,3.621,29,1,High
WDP4B-1013,WDP4B,CR,2011,76,104,150,92.643,2.746,3.355,89.539,81.623,65.385,872.533,348.264,1.408,75.721,23.646,3.75,28,1,High
WDP4B-1013,WDP4B,CR,2011,77,104,152,92.187,2.79,2.678,89.82,77.659,65.734,862.419,341.442,1.559,85.648,23.739,3.934,27,1,High
WDP4B-1013,WDP4B,CR,2011,78,104,154,95.857,2.811,3.832,90.736,80.076,65.215,892.494,357.27,1.498,72.12,23.52,3.808,26,1,High
WDP4B-1013,WDP4B,CR,2011,79,104,156,93.026,2.707,3.485,90.258,86.084,65.002,881.435,336.581,1.414,66.715,23.544,4.002,25,1,High
WDP4B-1013,WDP4B,CR,2011,80,104,158,88.844,2.839,3.821,87.473,79.95,64.427,865.098,330.734,1.493,70.164,22.968,3.949,24,1,High
WDP4B-1013,WDP4B,CR,2011,81,104,160,91.449,2.828,2.944,90.449,86.322,67.623,875.735,333.245,1.469,59.927,23.599,3.795,23,1,High
WDP4B-1013,WDP4B,CR,2011,82,104,162,94.047,2.764,3.314,88.558,88.942,65.198,857.822,347.033,1.495,69.105,22.257,3.63,22,1,High
WDP4B-1013,WDP4B,CR,2011,83,104,164,94.269,2.64,3.612,88.831,86.939,67.973,832.633,340.642,1.33,72.788,22.953,3.104,21,1,High
WDP4B-1013,WDP4B,CR,2011,84,104,166,96.371,2.657,3.955,88.333,84.465,67.99,854.606,352.637,1.362,79.646,23.348,3.673,20,1,High
WDP4B-1013,WDP4B,CR,2011,85,104,168,97.361,2.884,4.265,86.28,84.366,68.378,866.843,335.609,1.404,70.953,23.324,3.456,19,1,High
WDP4B-1013,WDP4B,CR,2011,86,104,170,100.373,2.598,4.099,86.874,86.864,66.818,882.503,361.412,1.264,70.117,22.921,3.567,18,1,High
WDP4B-1013,WDP4B,CR,2011,87,104,172,105.507,2.558,3.723,85.663,85.868,70.749,889.248,364.753,1.266,65.549,22.652,3.578,17,1,High
WDP4B-1013,WDP4B,CR,2011,88,104,174,95.53,2.61,4.444,88.09,81.74,75.112,837.593,353.017,1.336,72.729,22.866,3.539,16,1,High
WDP4B-1013,WDP4B,CR,2011,89,104,176,99.736,2.384,3.919,84.036,84.532,72.039,844.297,353.704,1.299,69.889,22.265,3.545,15,1,High
WDP4B-1013,WDP4B,CR,2011,90,104,178,98.435,2.115,4.698,87.793,90.347,69.484,862.473,358.797,1.229,70.628,22.248,3.732,14,1,High
WDP4B-1013,WDP4B,CR,2011,91,104,180,99.914,2.334,4.898,86.47,90.511,72.177,853.607,381.345,1.165,65.777,22.472,3.839,13,1,High
WDP4B-1013,WDP4B,CR,2011,92,104,0,104.969,2.08,5.208,85.328,89.023,75.046,877.853,359.256,1.165,68.961,21.906,3.323,12,1,High
WDP4B-1013,WDP4B,CR,2011,93,104,2,106.774,2.175,5.537,84.34,89.835,76.256,838.365,364.551,1.311,67.768,22.958,3.12,11,1,High
WDP4B-1013,WDP4B,CR,2011,94,104,4,106.016,2.45,5.542,84.876,93.59,80.063,835.231,367.076,1.18,72.71,22.532,3.464,10,1,Critical
WDP4B-1013,WDP4B,CR,2011,95,104,6,105.619,2.476,5.367,84.976,96.556,74.803,814.746,366.026,1.143,80.049,21.092,3.251,9,1,Critical
WDP4B-1013,WDP4B,CR,2011,96,104,8,104.365,2.005,5.833,84.316,91.58,81.955,821.456,374.871,1.145,77.175,21.886,3.017,8,1,Critical
WDP4B-1013,WDP4B,CR,2011,97,104,10,118.96,2.195,6.073,80.67,91.618,74.22,844.376,366.38,1.16,57.736,22.141,2.862,7,1,Critical
WDP4B-1013,WDP4B,CR,2011,98,104,12,118.893,1.948,6.956,80.919,97.062,80.579,815.573,376.618,0.978,63.22,21.381,2.926,6,1,Critical
WDP4B-1013,WDP4B,CR,2011,99,104,14,112.644,1.802,6.232,80.116,99.201,81.533,808.157,395.251,1.082,66.359,21.299,3.015,5,1,Critical
WDP4B-1013,WDP4B,CR,2011,100,104,16,112.503,1.727,7.157,78.867,98.106,85.79,827.693,390.225,0.966,78.349,21.199,2.549,4,1,Critical
WDP4B-1013,WDP4B,CR,2011,101,104,18,114.599,1.638,7.016,77.713,93.861,88.923,841.175,402.787,1.027,66.685,21.706,2.919,3,1,Critical
WDP4B-1013,WDP4B,CR,2011,102,104,20,119.928,1.917,7.844,77.821,100.633,88.686,791.919,398.336,0.878,68.096,20.743,2.653,2,1,Critical
WDP4B-1013,WDP4B,CR,2011,103,104,22,125.904,1.525,8.061,76.136,103.604,89.52,774.16,414.374,0.859,75.496,20.184,2.813,1,1,Critical
WDP4B-1013,WDP4B,CR,2011,104,104,24,122.115,1.501,8.006,74.251,104.075,89.913,779.143,410.897,0.863,75.396,20.171,2.965,0,1,Critical
WAP7-1014,WAP7,WR,2013,1,90,-4,78.215,3.415,1.559,92.468,69.605,64.054,936.185,329.012,1.916,66.685,24.738,4.171,89,0,Low
WAP7-1014,WAP7,WR,2013,2,90,-2,81.626,3.773,2.098,93.344,75.099,62.424,892.028,320.72,1.806,68.096,23.934,3.959,88,0,Low
WAP7-1014,WAP7,WR,2013,3,90,0,85.619,3.463,2.019,92.454,76.747,61.815,879.545,332.783,1.828,75.496,23.541,4.173,87,0,Low
WAP7-1014,WAP7,WR,2013,4,90,2,79.779,3.523,1.655,91.391,75.851,60.717,889.983,325.197,1.874,75.396,23.699,4.382,86,0,Low
WAP7-1014,WAP7,WR,2013,5,90,4,84.99,3.651,1.866,93.665,77.533,59.896,895.898,313.452,1.824,67.765,23.491,4.108,85,0,Low
WAP7-1014,WAP7,WR,2013,6,90,6,85.324,3.679,1.697,94.344,76.151,57.576,881.167,320.578,1.962,78.913,23.77,4.136,84,0,Low
WAP7-1014,WAP7,WR,2013,7,90,8,78.929,3.444,2.13,94.972,76.27,60.593,897.348,315.229,1.718,70.245,24.761,4.453,83,0,Low
WAP7-1014,WAP7,WR,2013,8,90,10,85.88,3.286,1.931,94.522,80.169,57.809,889.741,331.967,1.781,76.231,23.773,3.961,82,0,Low
WAP7-1014,WAP7,WR,2013,9,90,12,84.229,3.629,2.222,95.693,76.432,58.906,878.055,318.493,1.765,73.362,23.965,4.258,81,0,Low
WAP7-1014,WAP7,WR,2013,10,90,14,81.782,3.569,1.885,95.655,71.044,60.185,889.373,345.26,1.708,75.906,23.693,3.913,80,0,Low
WAP7-1014,WAP7,WR,2013,11,90,16,83.005,3.288,1.914,95.009,72.686,61.048,898.987,315.472,1.845,76.866,24.847,3.973,79,0,Low
WAP7-1014,WAP7,WR,2013,12,90,18,80.637,3.569,2.044,94.813,73.651,60.559,859.847,325.739,1.866,67.185,24.446,4.195,78,0,Low
WAP7-1014,WAP7,WR,2013,13,90,20,83.931,3.513,1.941,94.899,70.51,62.35,874.092,323.954,1.618,74.305,24.462,4.211,77,0,Low
WAP7-1014,WAP7,WR,2013,14,90,22,86.84,3.695,1.905,96.68,70.743,59.323,903.598,310.731,1.6,75.149,24.042,4.329,76,0,Low
WAP7-1014,WAP7,WR,2013,15,90,24,79.69,3.413,2.089,92.407,77.187,60.453,888.137,327.648,1.775,67.734,24.229,4.216,75,0,Low
WAP7-1014,WAP7,WR,2013,16,90,26,82.406,3.438,1.228,95.088,73.072,61.823,847.571,310.991,1.807,67.297,23.464,4.35,74,0,Low
WAP7-1014,WAP7,WR,2013,17,90,28,89.956,3.465,1.571,92.786,70.144,60.666,940.337,321.0,1.984,81.377,24.103,4.219,73,0,Low
WAP7-1014,WAP7,WR,2013,18,90,30,84.822,3.403,1.789,91.376,75.822,58.594,939.304,305.928,1.876,72.786,23.947,4.277,72,0,Low
WAP7-1014,WAP7,WR,2013,19,90,32,83.425,3.518,2.067,92.267,75.607,60.285,875.465,322.134,1.576,67.121,23.674,4.351,71,0,Low
WAP7-1014,WAP7,WR,2013,20,90,34,81.824,3.475,1.729,92.966,74.637,60.489,874.396,320.601,1.629,75.164,23.351,4.296,70,0,Low
WAP7-1014,WAP7,WR,2013,21,90,36,82.515,3.582,2.128,95.325,74.938,61.912,868.677,343.266,1.667,68.216,24.631,4.557,69,0,Low
WAP7-1014,WAP7,WR,2013,22,90,38,83.152,3.412,1.364,94.987,73.647,59.458,900.982,309.931,1.793,76.74,24.179,4.303,68,0,Low
WAP7-1014,WAP7,WR,2013,23,90,40,81.265,3.345,1.956,95.713,76.339,61.531,894.255,324.49,1.761,76.015,23.764,4.083,67,0,Low
WAP7-1014,WAP7,WR,2013,24,90,42,80.115,3.234,2.123,93.765,77.899,58.813,900.988,321.947,1.635,79.165,24.234,4.134,66,0,Low
WAP7-1014,WAP7,WR,2013,25,90,44,82.034,3.4,2.3,95.01,76.287,57.832,907.627,317.73,1.6,71.119,24.135,4.448,65,0,Low
WAP7-1014,WAP7,WR,2013,26,90,46,84.105,3.567,1.788,92.894,73.449,59.714,919.381,315.854,1.603,68.736,23.55,4.305,64,0,Low
WAP7-1014,WAP7,WR,2013,27,90,48,83.655,3.232,1.644,91.69,73.509,65.951,927.262,321.051,1.756,68.865,24.048,3.975,63,0,Low
WAP7-1014,WAP7,WR,2013,28,90,50,81.672,3.514,1.951,93.369,71.329,61.15,876.597,311.661,1.78,70.676,23.903,4.108,62,0,Low
WAP7-1014,WAP7,WR,2013,29,90,52,79.392,3.676,1.838,95.039,79.168,58.489,900.457,317.397,1.83,83.11,23.913,4.099,61,0,Low
WAP7-1014,WAP7,WR,2013,30,90,54,80.245,3.521,2.404,93.266,76.945,61.692,913.501,327.727,1.965,78.32,23.771,4.217,60,0,Medium
WAP7-1014,WAP7,WR,2013,31,90,56,82.211,3.424,2.016,95.048,73.032,62.735,919.784,318.069,1.762,61.202,24.112,4.231,59,0,Medium
WAP7-1014,WAP7,WR,2013,32,90,58,82.142,3.222,1.922,93.157,75.955,59.447,888.874,335.219,1.821,74.369,23.982,4.332,58,0,Medium
WAP7-1014,WAP7,WR,2013,33,90,60,79.767,3.365,2.373,93.023,76.093,58.676,914.609,317.583,1.705,74.38,23.49,4.109,57,0,Medium
WAP7-1014,WAP7,WR,2013,34,90,62,83.221,3.541,2.353,93.931,78.91,62.021,889.676,325.396,1.717,67.964,24.032,4.075,56,0,Medium
WAP7-1014,WAP7,WR,2013,35,90,64,79.357,3.299,1.827,95.411,77.177,61.111,914.299,315.51,1.849,80.9,23.947,3.821,55,0,Medium
WAP7-1014,WAP7,WR,2013,36,90,66,81.853,3.429,2.449,93.158,75.157,60.772,898.635,317.726,1.798,69.014,24.114,3.752,54,0,Medium
WAP7-1014,WAP7,WR,2013,37,90,68,85.947,3.449,2.093,91.837,73.993,55.451,889.042,327.143,1.679,68.069,24.003,4.265,53,0,Medium
WAP7-1014,WAP7,WR,2013,38,90,70,87.252,3.452,2.372,93.823,74.601,62.282,893.031,318.571,1.76,66.844,24.552,3.968,52,0,Medium
WAP7-1014,WAP7,WR,2013,39,90,72,85.359,3.286,1.779,91.63,77.048,58.434,908.724,324.226,1.617,78.439,23.818,4.4,51,0,Medium
WAP7-1014,WAP7,WR,2013,40,90,74,88.02,3.254,1.721,89.538,76.034,63.715,904.81,330.511,1.674,74.386,23.388,4.28,50,0,Medium
WAP7-1014,WAP7,WR,2013,41,90,76,87.949,3.558,1.562,92.212,73.357,63.744,907.807,321.84,1.82,65.643,23.495,4.024,49,0,Medium
WAP7-1014,WAP7,WR,2013,42,90,78,87.188,3.367,1.93,95.045,79.003,60.295,887.784,313.911,1.807,74.559,23.794,4.174,48,0,Medium
WAP7-1014,WAP7,WR,2013,43,90,80,81.064,3.328,2.61,96.316,73.962,59.125,851.195,310.168,1.71,71.66,23.72,4.496,47,0,Medium
WAP7-1014,WAP7,WR,2013,44,90,82,87.433,3.385,2.153,89.826,73.234,58.446,898.219,316.501,1.642,71.773,23.718,4.078,46,0,Medium
WAP7-1014,WAP7,WR,2013,45,90,84,82.893,3.41,1.991,95.987,74.383,62.59,885.65,329.694,1.792,73.254,24.029,4.172,45,0,Medium
WAP7-1014,WAP7,WR,2013,46,90,86,82.186,3.221,2.202,93.881,79.355,59.322,913.796,318.884,1.794,75.652,23.607,3.928,44,0,Medium
WAP7-1014,WAP7,WR,2013,47,90,88,81.672,3.117,1.765,92.438,76.965,62.404,896.211,301.385,1.696,75.943,23.687,4.36,43,0,Medium
WAP7-1014,WAP7,WR,2013,48,90,90,87.349,3.4,1.984,94.983,77.343,62.174,892.798,323.899,1.576,69.18,23.292,3.999,42,0,Medium
WAP7-1014,WAP7,WR,2013,49,90,92,84.786,3.439,1.869,95.439,75.483,62.899,867.9,319.161,1.658,67.311,23.267,4.214,41,0,Medium
WAP7-1014,WAP7,WR,2013,50,90,94,83.975,3.609,2.716,95.03,72.89,59.26,920.998,318.124,1.664,71.645,24.666,4.09,40,0,Medium
WAP7-1014,WAP7,WR,2013,51,90,96,89.569,3.517,1.553,93.683,72.404,56.082,932.926,325.146,1.811,68.336,23.93,4.227,39,0,Medium
WAP7-1014,WAP7,WR,2013,52,90,98,84.895,3.34,1.855,93.284,77.766,58.683,857.778,314.604,1.775,68.205,23.204,4.137,38,0,Medium
WAP7-1014,WAP7,WR,2013,53,90,100,75.733,3.465,2.127,93.238,77.62,63.7,888.304,320.844,1.761,78.34,23.513,3.884,37,0,Medium
WAP7-1014,WAP7,WR,2013,54,90,102,81.48,3.584,2.126,94.351,76.41,62.53,907.27,332.944,1.703,77.829,24.716,3.936,36,0,Medium
WAP7-1014,WAP7,WR,2013,55,90,104,80.398,3.481,2.253,91.827,74.096,59.361,913.642,326.035,1.838,72.963,24.638,4.424,35,0,Medium
WAP7-1014,WAP7,WR,2013,56,90,106,85.921,3.405,1.748,95.42,77.064,65.143,889.946,329.096,1.741,69.906,23.852,3.765,34,0,Medium
WAP7-1014,WAP7,WR,2013,57,90,108,81.662,3.411,1.882,92.244,75.093,59.551,880.23,328.963,1.897,71.128,23.465,4.195,33,0,Medium
WAP7-1014,WAP7,WR,2013,58,90,110,81.266,3.377,1.973,93.544,78.955,59.399,894.307,325.747,1.649,82.012,23.89,4.178,32,0,Medium
WAP7-1014,WAP7,WR,2013,59,90,112,88.173,3.524,2.43,90.881,75.788,67.287,883.668,329.114,1.904,67.383,24.303,3.985,31,0,Medium
WAP7-1014,WAP7,WR,2013,60,90,114,90.828,2.825,3.701,89.952,76.959,61.909,862.421,329.757,1.545,76.758,23.492,3.352,30,1,High
WAP7-1014,WAP7,WR,2013,61,90,116,90.455,3.118,3.305,88.702,77.866,66.752,872.999,333.812,1.456,66.325,23.72,3.772,29,1,High
WAP7-1014,WAP7,WR,2013,62,90,118,89.338,2.876,2.902,90.341,81.301,64.757,888.95,351.31,1.654,67.924,23.616,3.66,28,1,High
WAP7-1014,WAP7,WR,2013,63,90,120,86.535,2.919,2.801,91.158,83.413,60.899,886.667,332.251,1.586,74.028,23.07,3.849,27,1,High
WAP7-1014,WAP7,WR,2013,64,90,122,90.933,3.019,2.715,89.572,83.831,60.906,882.653,319.31,1.416,73.682,23.064,3.773,26,1,High
WAP7-1014,WAP7,WR,2013,65,90,124,100.229,2.912,3.017,91.965,79.893,67.069,896.68,333.775,1.533,70.095,23.51,3.796,25,1,High
WAP7-1014,WAP7,WR,2013,66,90,126,92.215,2.854,3.293,93.022,81.429,66.68,862.23,349.754,1.642,66.663,23.198,4.016,24,1,High
WAP7-1014,WAP7,WR,2013,67,90,128,93.383,3.065,3.387,90.092,77.797,64.866,871.304,339.707,1.565,65.746,23.463,3.754,23,1,High
WAP7-1014,WAP7,WR,2013,68,90,130,88.906,2.686,3.625,91.054,85.193,66.818,906.726,340.79,1.368,65.642,23.209,3.588,22,1,High
WAP7-1014,WAP7,WR,2013,69,90,132,94.297,2.926,3.526,88.728,87.181,61.955,855.753,329.643,1.453,67.127,23.666,4.072,21,1,High
WAP7-1014,WAP7,WR,2013,70,90,134,93.498,2.914,3.416,88.257,85.495,67.302,867.332,332.99,1.439,82.78,22.878,3.357,20,1,High
WAP7-1014,WAP7,WR,2013,71,90,136,92.992,2.583,3.515,91.996,84.935,66.451,911.622,333.227,1.396,68.481,23.39,3.391,19,1,High
WAP7-1014,WAP7,WR,2013,72,90,138,96.217,2.854,3.689,90.987,82.072,65.962,884.469,354.122,1.34,83.585,22.738,3.601,18,1,High
WAP7-1014,WAP7,WR,2013,73,90,140,99.282,2.54,3.754,87.923,84.84,75.087,858.369,340.112,1.247,63.677,23.024,3.883,17,1,High
WAP7-1014,WAP7,WR,2013,74,90,142,98.569,2.271,3.926,88.838,87.626,69.097,865.948,337.969,1.497,70.782,22.337,3.541,16,1,High
WAP7-1014,WAP7,WR,2013,75,90,144,97.783,2.686,4.494,87.301,88.636,74.026,837.508,353.998,1.501,59.544,22.461,3.486,15,1,High
WAP7-1014,WAP7,WR,2013,76,90,146,98.595,2.392,4.836,84.952,87.986,72.956,851.041,338.495,1.178,65.48,22.277,3.354,14,1,High
WAP7-1014,WAP7,WR,2013,77,90,148,101.475,2.561,4.687,86.587,89.075,68.378,825.381,353.916,1.29,81.369,22.653,3.613,13,1,High
WAP7-1014,WAP7,WR,2013,78,90,150,101.882,2.647,4.983,87.212,85.73,73.644,858.05,351.617,1.389,74.721,21.928,3.811,12,1,High
WAP7-1014,WAP7,WR,2013,79,90,152,101.882,2.158,4.884,84.923,86.196,76.876,802.322,355.61,1.141,67.762,21.429,3.181,11,1,High
WAP7-1014,WAP7,WR,2013,80,90,154,107.224,2.261,5.127,83.966,87.635,72.957,829.563,358.174,1.224,79.101,22.109,3.367,10,1,Critical
WAP7-1014,WAP7,WR,2013,81,90,156,108.529,2.208,5.388,84.674,92.182,76.969,809.276,378.65,1.047,70.477,22.179,3.419,9,1,Critical
WAP7-1014,WAP7,WR,2013,82,90,158,105.668,2.48,6.027,85.814,87.724,78.53,827.483,369.731,1.247,67.152,21.02,3.281,8,1,Critical
WAP7-1014,WAP7,WR,2013,83,90,160,109.523,2.123,5.854,82.998,92.772,80.508,846.134,360.686,0.965,69.762,21.997,3.146,7,1,Critical
WAP7-1014,WAP7,WR,2013,84,90,162,114.374,1.947,6.006,81.571,93.851,79.215,810.167,382.018,1.0,73.919,21.102,3.375,6,1,Critical
WAP7-1014,WAP7,WR,2013,85,90,164,111.492,1.871,6.036,81.254,98.515,80.18,821.386,385.303,1.055,67.14,21.84,3.079,5,1,Critical
WAP7-1014,WAP7,WR,2013,86,90,166,121.819,1.792,7.168,79.827,93.486,85.022,800.818,394.372,0.899,74.252,21.133,3.058,4,1,Critical
WAP7-1014,WAP7,WR,2013,87,90,168,118.978,1.852,6.789,80.622,102.508,82.209,794.957,401.407,1.078,82.977,20.925,3.027,3,1,Critical
WAP7-1014,WAP7,WR,2013,88,90,170,112.1,1.404,6.972,80.149,102.272,82.809,792.611,386.907,0.864,69.999,20.965,2.866,2,1,Critical
WAP7-1014,WAP7,WR,2013,89,90,172,118.954,1.669,7.947,78.983,99.91,83.77,791.833,396.721,0.895,72.379,20.601,3.246,1,1,Critical
WAP7-1014,WAP7,WR,2013,90,90,174,126.685,1.669,7.804,79.045,101.626,87.542,808.656,386.087,0.944,78.323,20.568,2.869,0,1,Critical
WAG9-1015,WAG9,WR,2020,1,138,-20,87.361,3.433,1.743,94.452,76.745,57.369,873.001,334.377,1.657,72.714,23.737,4.243,137,0,Low
WAG9-1015,WAG9,WR,2020,2,138,-18,83.943,3.735,1.516,95.301,76.76,61.137,884.346,323.832,1.923,69.589,24.091,4.191,136,0,Low
WAG9-1015,WAG9,WR,2020,3,138,-16,80.678,3.609,1.481,92.225,76.71,53.425,905.989,336.647,1.709,80.287,23.822,4.202,135,0,Low
WAG9-1015,WAG9,WR,2020,4,138,-14,85.806,3.412,1.826,92.004,72.426,55.996,917.399,336.277,1.874,74.117,23.461,4.017,134,0,Low
WAG9-1015,WAG9,WR,2020,5,138,-12,80.724,3.666,2.005,93.546,78.707,60.215,891.202,318.535,1.849,71.061,24.279,4.005,133,0,Low
WAG9-1015,WAG9,WR,2020,6,138,-10,80.263,3.622,1.403,92.621,73.996,61.064,909.701,314.352,1.824,77.63,24.167,4.114,132,0,Low
WAG9-1015,WAG9,WR,2020,7,138,-8,84.586,3.727,1.386,91.173,74.721,59.717,890.721,310.473,1.831,75.187,23.832,4.155,131,0,Low
WAG9-1015,WAG9,WR,2020,8,138,-6,84.034,3.647,1.798,93.169,69.515,60.76,861.718,301.801,1.778,83.914,23.706,4.159,130,0,Low
WAG9-1015,WAG9,WR,2020,9,138,-4,84.064,3.626,1.462,91.163,80.558,57.364,902.329,311.427,1.959,80.28,23.806,4.209,129,0,Low
WAG9-1015,WAG9,WR,2020,10,138,-2,77.259,3.522,1.914,91.979,74.028,60.897,884.495,317.319,1.847,67.883,23.778,4.058,128,0,Low
WAG9-1015,WAG9,WR,2020,11,138,0,87.455,3.463,1.632,94.139,75.683,59.342,881.587,319.183,1.95,79.495,24.345,4.564,127,0,Low
WAG9-1015,WAG9,WR,2020,12,138,2,81.328,3.35,2.265,92.636,79.172,57.821,871.319,315.359,1.845,65.701,23.817,4.144,126,0,Low
WAG9-1015,WAG9,WR,2020,13,138,4,83.028,3.619,2.279,93.527,74.892,59.962,887.504,324.021,1.717,67.172,23.837,3.977,125,0,Low
WAG9-1015,WAG9,WR,2020,14,138,6,83.273,3.671,1.795,94.81,75.818,62.021,882.487,319.286,1.747,74.437,24.221,4.192,124,0,Low
WAG9-1015,WAG9,WR,2020,15,138,8,84.311,3.184,2.165,94.797,73.188,61.877,873.84,324.109,1.795,67.632,23.361,3.426,123,0,Low
WAG9-1015,WAG9,WR,2020,16,138,10,83.239,3.601,2.08,91.662,72.188,59.426,901.551,344.043,1.805,67.471,24.159,4.247,122,0,Low
WAG9-1015,WAG9,WR,2020,17,138,12,83.59,3.625,1.905,95.535,73.132,60.316,912.165,302.486,1.875,69.931,23.239,4.286,121,0,Low
WAG9-1015,WAG9,WR,2020,18,138,14,85.604,3.328,1.605,94.1,74.689,59.716,908.814,310.439,1.807,82.744,24.696,3.827,120,0,Low
WAG9-1015,WAG9,WR,2020,19,138,16,85.598,3.459,1.869,91.959,79.385,61.548,911.313,319.925,1.807,77.918,23.858,4.292,119,0,Low
WAG9-1015,WAG9,WR,2020,20,138,18,84.342,3.561,1.668,93.915,79.65,62.131,895.214,323.661,1.763,64.035,23.53,4.408,118,0,Low
WAG9-1015,WAG9,WR,2020,21,138,20,81.082,3.296,2.744,93.602,73.708,59.059,916.28,334.981,1.698,69.165,24.557,3.903,117,0,Low
WAG9-1015,WAG9,WR,2020,22,138,22,78.433,3.663,2.42,94.714,74.836,58.148,874.659,309.569,1.741,80.684,24.265,3.929,116,0,Low
WAG9-1015,WAG9,WR,2020,23,138,24,82.329,3.561,1.547,95.236,74.588,65.292,887.016,320.172,1.869,72.442,24.368,3.602,115,0,Low
WAG9-1015,WAG9,WR,2020,24,138,26,78.475,3.351,1.629,93.412,74.712,62.227,917.204,322.821,1.861,73.001,24.405,3.97,114,0,Low
WAG9-1015,WAG9,WR,2020,25,138,28,80.213,3.316,1.862,92.923,76.852,61.848,942.306,327.04,1.758,75.256,24.168,3.897,113,0,Low
WAG9-1015,WAG9,WR,2020,26,138,30,80.956,3.267,2.415,94.068,72.394,57.767,930.596,324.563,1.845,70.602,23.97,4.091,112,0,Low
WAG9-1015,WAG9,WR,2020,27,138,32,82.339,3.542,1.872,97.353,71.523,57.786,877.343,322.081,1.919,75.883,23.767,3.989,111,0,Low
WAG9-1015,WAG9,WR,2020,28,138,34,79.708,3.11,2.053,93.525,79.498,65.613,922.911,329.137,1.634,73.791,23.541,4.529,110,0,Low
WAG9-1015,WAG9,WR,2020,29,138,36,75.553,3.812,1.819,91.516,71.394,58.807,892.973,327.443,1.726,69.721,23.637,4.329,109,0,Low
WAG9-1015,WAG9,WR,2020,30,138,38,85.659,3.291,2.271,91.841,75.171,64.196,913.354,331.233,1.695,68.937,24.379,4.464,108,0,Low
WAG9-1015,WAG9,WR,2020,31,138,40,82.973,3.409,2.07,90.047,75.207,62.697,892.514,322.49,1.921,65.781,23.411,3.995,107,0,Low
WAG9-1015,WAG9,WR,2020,32,138,42,84.763,3.342,2.299,95.11,73.862,59.741,908.982,340.672,1.739,79.342,23.069,4.339,106,0,Low
WAG9-1015,WAG9,WR,2020,33,138,44,82.8,3.337,2.539,93.052,79.068,56.684,887.209,329.879,1.787,73.632,23.9,3.715,105,0,Low
WAG9-1015,WAG9,WR,2020,34,138,46,84.883,3.378,1.959,93.672,78.73,59.596,900.107,334.039,1.748,79.275,23.284,4.278,104,0,Low
WAG9-1015,WAG9,WR,2020,35,138,48,85.814,3.387,2.25,92.913,76.358,61.248,881.754,330.465,1.872,63.882,23.367,4.503,103,0,Low
WAG9-1015,WAG9,WR,2020,36,138,50,86.552,3.294,2.384,94.645,76.4,64.446,910.207,322.576,1.667,69.723,24.153,3.899,102,0,Low
WAG9-1015,WAG9,WR,2020,37,138,52,86.871,3.535,1.554,93.443,79.522,61.014,903.715,321.708,1.793,61.88,24.177,4.423,101,0,Low
WAG9-1015,WAG9,WR,2020,38,138,54,82.099,3.417,1.472,96.276,76.685,63.304,910.573,321.096,1.792,75.935,23.536,3.86,100,0,Low
WAG9-1015,WAG9,WR,2020,39,138,56,84.003,3.546,1.823,92.545,79.649,59.677,889.365,304.458,1.705,67.095,24.188,3.944,99,0,Low
WAG9-1015,WAG9,WR,2020,40,138,58,79.981,3.806,2.007,91.553,77.034,58.685,881.256,329.433,1.781,77.091,25.075,4.261,98,0,Low
WAG9-1015,WAG9,WR,2020,41,138,60,80.693,3.565,1.724,95.443,79.568,60.665,874.071,325.115,1.679,69.275,24.022,4.053,97,0,Low
WAG9-1015,WAG9,WR,2020,42,138,62,88.666,3.529,1.895,94.403,76.557,59.245,900.849,333.287,1.62,70.029,24.617,4.267,96,0,Low
WAG9-1015,WAG9,WR,2020,43,138,64,84.792,3.646,2.353,93.253,80.072,63.758,911.144,316.883,1.751,75.653,23.944,4.504,95,0,Low
WAG9-1015,WAG9,WR,2020,44,138,66,86.046,3.907,1.979,91.748,76.196,61.403,898.089,316.342,1.881,66.512,23.092,4.274,94,0,Low
WAG9-1015,WAG9,WR,2020,45,138,68,82.949,3.243,1.562,91.19,77.795,61.112,910.662,331.788,1.724,55.519,23.876,4.033,93,0,Low
WAG9-1015,WAG9,WR,2020,46,138,70,82.219,3.404,2.108,92.381,75.84,64.016,873.828,311.381,1.823,70.678,23.432,4.087,92,0,Low
WAG9-1015,WAG9,WR,2020,47,138,72,79.384,3.601,2.278,92.314,72.757,61.124,877.467,330.88,1.81,63.764,23.631,3.824,91,0,Low
WAG9-1015,WAG9,WR,2020,48,138,74,81.778,3.194,1.908,93.715,74.292,58.653,877.67,327.743,1.723,66.401,24.558,4.226,90,0,Low
WAG9-1015,WAG9,WR,2020,49,138,76,84.441,3.239,1.963,93.879,78.796,61.409,900.671,333.671,1.697,74.093,23.792,4.2,89,0,Low
WAG9-1015,WAG9,WR,2020,50,138,78,82.968,3.415,2.456,93.574,77.42,59.381,867.602,308.064,1.698,70.262,23.878,3.864,88,0,Low
WAG9-1015,WAG9,WR,2020,51,138,80,80.423,3.207,1.38,92.728,80.834,61.061,887.972,319.429,1.665,76.321,24.081,4.235,87,0,Low
WAG9-1015,WAG9,WR,2020,52,138,82,84.288,3.236,2.206,92.683,77.257,58.947,879.976,314.604,1.77,76.906,23.826,4.611,86,0,Low
WAG9-1015,WAG9,WR,2020,53,138,84,85.674,3.607,1.89,91.892,76.068,60.086,857.929,329.962,1.683,64.687,23.426,4.26,85,0,Low
WAG9-1015,WAG9,WR,2020,54,138,86,89.967,3.518,2.039,95.571,74.024,61.009,911.136,310.371,1.867,72.794,23.942,4.216,84,0,Low
WAG9-1015,WAG9,WR,2020,55,138,88,80.402,3.157,2.036,91.351,74.993,63.02,894.172,318.629,1.765,78.027,24.294,4.094,83,0,Low
WAG9-1015,WAG9,WR,2020,56,138,90,81.697,3.317,2.403,92.581,74.479,63.094,882.871,320.994,1.784,66.094,24.166,4.207,82,0,Low
WAG9-1015,WAG9,WR,2020,57,138,92,82.034,3.278,1.747,91.843,77.641,63.362,914.25,322.51,1.689,70.476,23.942,3.822,81,0,Low
WAG9-1015,WAG9,WR,2020,58,138,94,87.703,3.383,1.885,93.487,73.551,61.25,898.739,308.725,1.84,65.098,24.182,3.749,80,0,Low
WAG9-1015,WAG9,WR,2020,59,138,96,85.404,3.389,2.268,92.048,76.787,58.48,902.585,324.364,1.655,75.335,23.285,4.129,79,0,Low
WAG9-1015,WAG9,WR,2020,60,138,98,86.158,3.088,2.379,92.46,76.862,62.842,885.035,323.054,1.699,71.145,24.054,3.858,78,0,Low
WAG9-1015,WAG9,WR,2020,61,138,100,85.221,3.115,2.016,92.69,76.747,60.394,922.851,326.856,1.795,71.411,23.364,4.328,77,0,Low
WAG9-1015,WAG9,WR,2020,62,138,102,81.021,3.268,1.497,92.11,73.14,61.79,905.829,344.564,1.767,63.485,23.768,3.747,76,0,Low
WAG9-1015,WAG9,WR,2020,63,138,104,84.189,3.519,2.274,93.592,77.035,60.351,948.626,344.6,1.704,62.358,23.676,4.197,75,0,Low
WAG9-1015,WAG9,WR,2020,64,138,106,86.065,3.312,2.003,94.367,75.451,62.785,926.353,306.297,1.699,73.526,23.455,3.871,74,0,Low
WAG9-1015,WAG9,WR,2020,65,138,108,85.859,3.07,1.844,95.143,73.218,62.051,902.145,326.347,1.523,67.41,22.706,4.049,73,0,Low
WAG9-1015,WAG9,WR,2020,66,138,110,84.109,3.239,2.394,91.929,73.521,60.331,868.855,331.001,1.683,69.878,23.327,4.149,72,0,Low
WAG9-1015,WAG9,WR,2020,67,138,112,84.02,3.329,2.529,95.242,77.557,59.762,908.47,339.068,1.877,66.966,24.281,4.583,71,0,Low
WAG9-1015,WAG9,WR,2020,68,138,114,87.299,3.372,2.377,93.429,77.717,61.219,930.827,316.785,1.837,71.214,23.954,3.97,70,0,Low
WAG9-1015,WAG9,WR,2020,69,138,116,85.999,3.373,2.16,94.175,74.48,63.55,849.108,322.929,1.827,79.912,23.787,4.14,69,0,Low
WAG9-1015,WAG9,WR,2020,70,138,118,82.113,3.242,1.664,95.538,78.774,65.141,892.972,332.646,1.79,67.489,23.477,4.362,68,0,Low
WAG9-1015,WAG9,WR,2020,71,138,120,87.518,3.276,2.089,92.826,77.4,63.349,914.939,310.995,1.622,81.563,23.978,3.975,67,0,Low
WAG9-1015,WAG9,WR,2020,72,138,122,88.125,3.117,1.976,92.803,77.159,57.334,879.014,346.299,1.747,65.599,23.7,3.794,66,0,Low
WAG9-1015,WAG9,WR,2020,73,138,124,88.195,2.925,2.232,92.862,71.723,61.448,871.703,321.687,1.776,83.569,23.644,4.442,65,0,Low
WAG9-1015,WAG9,WR,2020,74,138,126,84.154,3.458,1.676,93.375,79.507,62.154,916.379,338.97,1.688,72.894,24.069,4.275,64,0,Low
WAG9-1015,WAG9,WR,2020,75,138,128,78.339,3.506,2.201,90.848,76.054,62.0,911.162,329.918,1.663,73.179,24.069,4.156,63,0,Low
WAG9-1015,WAG9,WR,2020,76,138,130,87.068,3.048,1.725,94.249,74.967,58.443,868.138,327.626,1.704,64.513,23.698,4.06,62,0,Low
WAG9-1015,WAG9,WR,2020,77,138,132,79.979,3.367,1.778,91.641,81.769,61.468,893.095,341.614,1.702,64.671,23.149,4.432,61,0,Low
WAG9-1015,WAG9,WR,2020,78,138,134,84.055,3.388,2.126,92.766,76.088,59.021,866.263,316.973,1.85,65.025,24.198,4.121,60,0,Medium
WAG9-1015,WAG9,WR,2020,79,138,136,84.468,3.515,2.221,94.095,77.453,61.311,880.403,324.214,1.738,75.739,23.159,3.767,59,0,Medium
WAG9-1015,WAG9,WR,2020,80,138,138,84.012,3.312,1.986,92.435,76.712,63.126,918.053,328.021,1.783,72.203,23.304,3.931,58,0,Medium
WAG9-1015,WAG9,WR,2020,81,138,140,83.797,3.211,2.313,93.091,77.062,59.479,863.513,330.009,1.818,71.927,24.554,4.25,57,0,Medium
WAG9-1015,WAG9,WR,2020,82,138,142,89.751,3.352,2.156,95.16,75.812,61.09,882.853,320.282,1.747,74.323,23.437,4.071,56,0,Medium
WAG9-1015,WAG9,WR,2020,83,138,144,87.73,3.26,2.724,91.905,72.254,59.61,862.791,333.541,1.667,77.283,24.208,3.871,55,0,Medium
WAG9-1015,WAG9,WR,2020,84,138,146,86.597,3.561,2.627,93.11,73.882,63.392,865.044,326.934,1.752,65.135,24.034,3.912,54,0,Medium
WAG9-1015,WAG9,WR,2020,85,138,148,84.013,3.214,2.699,91.641,77.808,64.099,866.106,336.112,1.786,74.477,24.378,4.028,53,0,Medium
WAG9-1015,WAG9,WR,2020,86,138,150,88.211,3.213,2.263,93.757,77.493,61.683,889.077,317.634,1.685,63.331,23.261,3.834,52,0,Medium
WAG9-1015,WAG9,WR,2020,87,138,152,80.206,3.315,2.329,93.036,76.486,63.263,889.113,326.107,1.543,73.822,23.515,4.292,51,0,Medium
WAG9-1015,WAG9,WR,2020,88,138,154,86.917,3.349,2.555,92.845,74.29,61.608,908.319,346.042,1.727,75.1,23.609,4.066,50,0,Medium
WAG9-1015,WAG9,WR,2020,89,138,156,82.971,3.316,1.687,91.875,80.682,58.994,881.171,338.996,1.718,66.291,23.312,4.562,49,0,Medium
WAG9-1015,WAG9,WR,2020,90,138,158,84.987,3.205,2.266,92.147,82.996,61.28,927.425,339.17,1.771,75.653,23.806,4.119,48,0,Medium
WAG9-1015,WAG9,WR,2020,91,138,160,84.13,3.268,1.7,92.972,72.701,56.554,884.533,334.472,1.657,74.936,23.744,4.132,47,0,Medium
WAG9-1015,WAG9,WR,2020,92,138,162,85.928,3.397,2.516,93.764,76.11,60.353,893.543,327.032,1.712,69.258,23.686,4.245,46,0,Medium
WAG9-1015,WAG9,WR,2020,93,138,164,86.993,3.205,2.014,94.302,78.325,61.727,893.14,329.261,1.677,61.218,23.012,4.09,45,0,Medium
WAG9-1015,WAG9,WR,2020,94,138,166,87.707,3.133,2.737,92.46,78.83,62.408,893.819,346.417,1.735,75.931,24.027,3.669,44,0,Medium
WAG9-1015,WAG9,WR,2020,95,138,168,88.634,3.27,2.384,91.486,84.233,62.671,892.028,344.662,1.682,61.935,24.628,4.158,43,0,Medium
WAG9-1015,WAG9,WR,2020,96,138,170,81.985,3.352,2.008,91.962,73.248,64.016,863.497,331.75,1.659,74.079,23.127,3.911,42,0,Medium
WAG9-1015,WAG9,WR,2020,97,138,172,85.035,3.108,2.093,91.68,75.9,63.326,876.598,334.168,1.611,62.914,23.993,3.579,41,0,Medium
WAG9-1015,WAG9,WR,2020,98,138,174,85.763,3.223,2.417,93.715,77.081,61.493,878.049,320.057,1.672,73.721,23.613,3.947,40,0,Medium
WAG9-1015,WAG9,WR,2020,99,138,176,87.964,3.061,1.933,91.581,79.745,60.635,875.334,327.041,1.807,72.806,23.438,3.76,39,0,Medium
WAG9-1015,WAG9,WR,2020,100,138,178,91.227,3.312,2.435,92.059,79.08,63.042,910.201,320.457,1.691,72.238,24.236,4.331,38,0,Medium
WAG9-1015,WAG9,WR,2020,101,138,180,90.218,3.006,2.22,90.144,77.948,60.865,873.705,330.909,1.709,73.482,22.931,3.92,37,0,Medium
WAG9-1015,WAG9,WR,2020,102,138,0,86.752,3.128,2.313,92.31,77.226,63.104,905.226,346.218,1.48,73.509,22.365,3.939,36,0,Medium
WAG9-1015,WAG9,WR,2020,103,138,2,90.772,3.189,2.106,93.168,77.565,62.559,876.474,324.406,1.741,68.064,23.859,3.827,35,0,Medium
WAG9-1015,WAG9,WR,2020,104,138,4,82.816,3.59,2.237,91.945,75.464,61.341,874.741,326.904,1.568,71.725,23.802,3.712,34,0,Medium
WAG9-1015,WAG9,WR,2020,105,138,6,87.872,3.24,2.783,92.644,81.3,61.428,902.299,315.084,1.665,79.866,24.179,3.87,33,0,Medium
WAG9-1015,WAG9,WR,2020,106,138,8,84.078,3.282,2.587,94.39,78.137,60.809,895.948,327.058,1.662,68.334,23.228,3.93,32,0,Medium
WAG9-1015,WAG9,WR,2020,107,138,10,81.463,3.458,2.571,93.052,77.41,61.332,852.7,316.476,1.657,77.872,23.132,3.67,31,0,Medium
WAG9-1015,WAG9,WR,2020,108,138,12,96.65,2.704,3.439,87.686,83.546,68.749,848.122,338.571,1.453,76.934,23.012,3.482,30,1,High
WAG9-1015,WAG9,WR,2020,109,138,14,98.239,2.598,3.717,87.32,81.662,69.054,864.127,340.307,1.37,65.9,22.929,3.209,29,1,High
WAG9-1015,WAG9,WR,2020,110,138,16,93.417,2.841,4.213,88.273,83.363,65.29,887.817,355.335,1.349,68.522,21.862,3.483,28,1,High
WAG9-1015,WAG9,WR,2020,111,138,18,96.061,2.469,4.07,90.23,84.722,67.151,834.209,344.447,1.25,62.498,22.603,3.474,27,1,High
WAG9-1015,WAG9,WR,2020,112,138,20,98.741,2.795,3.64,84.798,85.91,66.501,861.909,373.649,1.424,76.571,22.884,3.452,26,1,High
WAG9-1015,WAG9,WR,2020,113,138,22,99.002,2.415,3.932,89.098,87.379,71.559,831.266,337.416,1.417,73.087,22.865,3.687,25,1,High
WAG9-1015,WAG9,WR,2020,114,138,24,91.265,2.43,3.988,87.963,87.576,70.572,853.318,358.581,1.283,68.193,22.861,3.325,24,1,High
WAG9-1015,WAG9,WR,2020,115,138,26,92.7,2.555,4.574,90.73,91.081,66.979,872.68,324.621,1.263,74.288,22.615,3.634,23,1,High
WAG9-1015,WAG9,WR,2020,116,138,28,101.137,2.407,4.462,88.047,86.902,71.54,877.467,367.328,1.324,73.875,22.611,3.771,22,1,High
WAG9-1015,WAG9,WR,2020,117,138,30,93.579,2.421,4.364,87.299,80.954,69.379,869.66,362.529,1.291,78.54,22.509,3.201,21,1,High
WAG9-1015,WAG9,WR,2020,118,138,32,96.633,2.363,4.324,88.446,81.859,74.477,824.722,340.823,1.242,74.234,22.102,3.402,20,1,High
WAG9-1015,WAG9,WR,2020,119,138,34,106.842,2.077,3.87,87.282,87.061,71.452,846.851,365.993,1.276,73.567,21.913,3.489,19,1,High
WAG9-1015,WAG9,WR,2020,120,138,36,103.884,2.395,4.452,86.21,84.557,71.468,841.756,353.779,1.107,75.217,22.474,3.797,18,1,High
WAG9-1015,WAG9,WR,2020,121,138,38,100.932,2.238,5.554,84.583,89.61,73.249,858.748,358.934,1.35,70.826,21.985,3.189,17,1,High
WAG9-1015,WAG9,WR,2020,122,138,40,101.776,2.04,4.401,87.28,88.525,72.079,822.348,353.498,1.184,67.598,21.991,2.949,16,1,High
WAG9-1015,WAG9,WR,2020,123,138,42,106.789,2.213,4.896,83.61,90.931,74.953,850.706,362.92,1.166,68.612,22.915,3.5,15,1,High
WAG9-1015,WAG9,WR,2020,124,138,44,101.981,2.16,5.135,83.922,88.073,75.348,839.929,351.136,1.181,73.384,22.431,2.902,14,1,High
WAG9-1015,WAG9,WR,2020,125,138,46,108.724,2.463,5.909,83.388,91.635,76.189,838.041,365.943,1.116,75.225,21.986,3.331,13,1,High
WAG9-1015,WAG9,WR,2020,126,138,48,107.016,2.005,5.417,82.199,92.029,76.746,823.759,380.451,1.186,75.937,21.597,3.193,12,1,High
WAG9-1015,WAG9,WR,2020,127,138,50,107.322,2.106,5.817,82.332,97.208,77.467,809.971,381.301,0.986,73.127,22.277,2.771,11,1,High
WAG9-1015,WAG9,WR,2020,128,138,52,109.55,1.743,5.743,84.019,95.804,77.074,833.405,384.694,1.066,75.823,22.011,3.028,10,1,Critical
WAG9-1015,WAG9,WR,2020,129,138,54,111.382,1.966,6.84,83.72,98.356,81.284,838.986,363.265,0.879,77.575,21.728,2.987,9,1,Critical
WAG9-1015,WAG9,WR,2020,130,138,56,114.154,1.618,6.227,80.006,95.996,82.656,820.204,396.158,0.953,71.233,22.031,3.205,8,1,Critical
WAG9-1015,WAG9,WR,2020,131,138,58,116.999,1.722,6.779,79.63,99.671,84.235,841.338,386.015,0.881,74.235,21.645,2.893,7,1,Critical
WAG9-1015,WAG9,WR,2020,132,138,60,114.247,1.601,7.208,77.253,100.36,83.065,838.538,388.211,0.864,71.772,21.82,2.67,6,1,Critical
WAG9-1015,WAG9,WR,2020,133,138,62,110.82,1.648,7.058,80.346,99.2,80.833,796.441,396.572,0.874,70.513,20.695,2.615,5,1,Critical
WAG9-1015,WAG9,WR,2020,134,138,64,121.73,1.578,7.281,79.4,99.318,86.009,806.533,401.112,0.755,78.334,20.276,2.983,4,1,Critical
WAG9-1015,WAG9,WR,2020,135,138,66,119.186,1.581,7.64,80.35,104.861,84.999,806.157,410.338,0.759,73.188,20.648,2.877,3,1,Critical
WAG9-1015,WAG9,WR,2020,136,138,68,128.589,1.159,7.964,77.467,103.82,84.912,825.256,401.888,0.774,79.091,20.614,2.68,2,1,Critical
WAG9-1015,WAG9,WR,2020,137,138,70,128.247,1.34,9.0,77.18,104.609,88.131,795.811,419.211,0.597,74.53,20.481,2.531,1,1,Critical
WAG9-1015,WAG9,WR,2020,138,138,72,128.547,1.137,8.789,74.65,104.473,93.899,754.915,403.904,0.819,73.763,19.814,2.895,0,1,Critical
WAP7-1016,WAP7,WR,2013,1,125,-14,86.618,3.246,1.68,91.644,75.548,58.765,882.705,323.409,1.829,73.482,23.231,4.1,124,0,Low
WAP7-1016,WAP7,WR,2013,2,125,-12,83.152,3.368,1.773,93.81,74.826,61.004,914.226,338.718,1.6,73.509,22.665,4.119,123,0,Low
WAP7-1016,WAP7,WR,2013,3,125,-10,87.172,3.429,1.566,94.668,75.165,60.459,885.474,316.906,1.861,68.064,24.159,4.007,122,0,Low
WAP7-1016,WAP7,WR,2013,4,125,-8,79.216,3.83,1.697,93.445,73.064,59.241,883.741,319.404,1.688,71.725,24.102,3.892,121,0,Low
WAP7-1016,WAP7,WR,2013,5,125,-6,84.272,3.48,2.243,94.144,78.9,59.328,911.299,307.584,1.785,79.866,24.479,4.05,120,0,Low
WAP7-1016,WAP7,WR,2013,6,125,-4,80.478,3.522,2.047,95.89,75.737,58.709,904.948,319.558,1.782,68.334,23.528,4.11,119,0,Low
WAP7-1016,WAP7,WR,2013,7,125,-2,77.863,3.698,2.031,94.552,75.01,59.232,861.7,308.976,1.777,77.872,23.432,3.85,118,0,Low
WAP7-1016,WAP7,WR,2013,8,125,0,83.978,3.549,1.538,92.966,75.098,61.357,879.802,312.171,1.876,76.934,24.068,4.115,117,0,Low
WAP7-1016,WAP7,WR,2013,9,125,2,85.45,3.45,1.799,92.648,73.136,61.589,896.106,313.665,1.795,65.9,23.995,3.848,116,0,Low
WAP7-1016,WAP7,WR,2013,10,125,4,80.444,3.702,2.267,93.676,74.714,57.703,920.272,328.318,1.779,68.522,22.943,4.128,115,0,Low
WAP7-1016,WAP7,WR,2013,11,125,6,82.837,3.343,2.086,95.735,75.906,59.392,867.319,316.922,1.686,62.498,23.705,4.129,114,0,Low
WAP7-1016,WAP7,WR,2013,12,125,8,85.2,3.684,1.609,90.431,76.882,58.522,895.851,345.482,1.868,76.571,24.012,4.117,113,0,Low
WAP7-1016,WAP7,WR,2013,13,125,10,85.076,3.322,1.843,94.886,78.096,63.31,866.218,308.474,1.87,73.087,24.026,4.364,112,0,Low
WAP7-1016,WAP7,WR,2013,14,125,12,76.889,3.356,1.831,93.933,77.992,62.006,889.458,328.731,1.747,68.193,24.059,4.016,111,0,Low
WAP7-1016,WAP7,WR,2013,15,125,14,77.806,3.505,2.34,96.908,81.152,58.047,910.186,293.729,1.737,74.288,23.856,4.341,110,0,Low
WAP7-1016,WAP7,WR,2013,16,125,16,85.66,3.382,2.14,94.46,76.583,62.192,916.516,335.261,1.811,73.875,23.901,4.495,109,0,Low
WAP7-1016,WAP7,WR,2013,17,125,18,77.451,3.425,1.945,93.974,70.202,59.566,910.43,329.154,1.792,78.54,23.853,3.944,108,0,Low
WAP7-1016,WAP7,WR,2013,18,125,20,79.787,3.397,1.798,95.41,70.629,64.151,867.39,306.007,1.759,74.234,23.506,4.166,107,0,Low
WAP7-1016,WAP7,WR,2013,19,125,22,89.212,3.145,1.226,94.56,75.308,60.563,891.597,329.601,1.809,73.567,23.382,4.276,106,0,Low
WAP7-1016,WAP7,WR,2013,20,125,24,85.404,3.499,1.68,93.83,72.237,59.968,888.756,315.679,1.659,75.217,24.014,4.609,105,0,Low
WAP7-1016,WAP7,WR,2013,21,125,26,81.534,3.381,2.644,92.571,76.679,61.089,908.18,318.992,1.921,70.826,23.601,4.027,104,0,Low
WAP7-1016,WAP7,WR,2013,22,125,28,81.395,3.225,1.343,95.663,74.938,59.21,874.39,311.581,1.776,67.598,23.689,3.816,103,0,Low
WAP7-1016,WAP7,WR,2013,23,125,30,85.357,3.442,1.681,92.415,76.643,61.326,905.536,318.895,1.781,68.612,24.701,4.397,102,0,Low
WAP7-1016,WAP7,WR,2013,24,125,32,79.432,3.436,1.753,93.175,73.04,60.915,897.724,304.869,1.818,73.384,24.31,3.83,101,0,Low
WAP7-1016,WAP7,WR,2013,25,125,34,84.991,3.789,2.349,93.116,75.812,60.9,898.979,317.302,1.778,75.225,23.964,4.292,100,0,Low
WAP7-1016,WAP7,WR,2013,26,125,36,82.032,3.383,1.67,92.429,75.373,60.552,888.019,329.301,1.875,75.937,23.679,4.191,99,0,Low
WAP7-1016,WAP7,WR,2013,27,125,38,81.021,3.539,1.871,93.091,79.674,60.319,877.73,327.51,1.702,73.127,24.469,3.805,98,0,Low
WAP7-1016,WAP7,WR,2013,28,125,40,81.864,3.233,1.59,95.332,77.347,58.924,904.84,328.127,1.812,75.823,24.318,4.102,97,0,Low
WAP7-1016,WAP7,WR,2013,29,125,42,82.246,3.517,2.47,95.615,78.932,62.083,914.276,303.79,1.654,77.575,24.156,4.1,96,0,Low
WAP7-1016,WAP7,WR,2013,30,125,44,83.501,3.231,1.629,92.51,75.561,62.355,899.526,333.642,1.76,71.233,24.586,4.362,95,0,Low
WAP7-1016,WAP7,WR,2013,31,125,46,84.762,3.401,1.944,92.768,78.179,62.785,924.87,320.324,1.721,74.235,24.332,4.093,94,0,Low
WAP7-1016,WAP7,WR,2013,32,125,48,80.359,3.348,2.125,91.053,77.768,60.417,926.458,319.211,1.738,71.772,24.644,3.916,93,0,Low
WAP7-1016,WAP7,WR,2013,33,125,50,75.214,3.466,1.717,94.835,75.464,56.938,888.927,324.131,1.783,70.513,23.662,3.909,92,0,Low
WAP7-1016,WAP7,WR,2013,34,125,52,84.34,3.47,1.672,94.603,74.392,60.819,903.762,325.095,1.701,78.334,23.392,4.326,91,0,Low
WAP7-1016,WAP7,WR,2013,35,125,54,79.946,3.549,1.754,96.295,78.701,58.464,908.307,330.613,1.743,73.188,23.918,4.272,90,0,Low
WAP7-1016,WAP7,WR,2013,36,125,56,87.431,3.206,1.79,94.18,76.382,56.984,932.505,318.322,1.797,79.091,24.044,4.128,89,0,Low
WAP7-1016,WAP7,WR,2013,37,125,58,85.105,3.469,2.55,94.689,75.848,58.76,908.337,331.669,1.661,74.53,24.076,4.034,88,0,Low
WAP7-1016,WAP7,WR,2013,38,125,60,83.355,3.35,2.01,92.98,74.345,63.037,872.895,312.254,1.925,73.763,23.58,4.455,87,0,Low
WAP7-1016,WAP7,WR,2013,39,125,62,78.054,3.584,1.643,91.352,76.639,64.171,890.414,323.658,1.656,71.619,24.093,4.19,86,0,Low
WAP7-1016,WAP7,WR,2013,40,125,64,82.993,3.382,2.401,93.034,75.287,57.984,883.425,327.954,1.754,77.36,23.867,4.451,85,0,Low
WAP7-1016,WAP7,WR,2013,41,125,66,82.919,3.126,2.008,91.537,73.568,59.259,914.673,325.876,1.834,75.003,23.434,4.295,84,0,Low
WAP7-1016,WAP7,WR,2013,42,125,68,81.434,3.471,2.152,95.33,77.629,60.108,901.482,329.865,1.842,71.476,22.645,4.113,83,0,Low
WAP7-1016,WAP7,WR,2013,43,125,70,80.427,3.472,1.819,91.762,74.827,60.149,877.407,320.071,1.774,72.957,23.162,3.993,82,0,Low
WAP7-1016,WAP7,WR,2013,44,125,72,81.562,3.364,2.195,93.214,76.554,61.563,920.808,332.015,1.835,69.13,23.501,3.636,81,0,Low
WAP7-1016,WAP7,WR,2013,45,125,74,78.283,3.049,1.813,91.219,77.491,62.065,933.488,313.81,1.727,70.491,23.436,3.886,80,0,Low
WAP7-1016,WAP7,WR,2013,46,125,76,82.215,3.257,2.088,90.404,71.237,59.259,898.905,323.268,1.817,75.242,24.063,4.204,79,0,Low
WAP7-1016,WAP7,WR,2013,47,125,78,89.009,3.458,2.306,93.08,78.916,61.542,921.13,324.614,1.614,73.588,23.09,4.085,78,0,Low
WAP7-1016,WAP7,WR,2013,48,125,80,81.096,3.482,2.299,92.366,76.279,59.064,890.686,323.613,1.631,75.407,23.611,4.145,77,0,Low
WAP7-1016,WAP7,WR,2013,49,125,82,85.508,3.489,1.565,94.071,77.203,63.518,903.255,336.015,1.614,76.912,23.587,3.801,76,0,Low
WAP7-1016,WAP7,WR,2013,50,125,84,84.379,3.324,1.752,96.473,74.847,61.944,914.159,321.905,1.704,67.242,23.567,4.001,75,0,Low
WAP7-1016,WAP7,WR,2013,51,125,86,82.672,3.677,2.214,94.144,76.323,61.339,924.963,327.78,1.579,73.45,24.099,4.134,74,0,Low
WAP7-1016,WAP7,WR,2013,52,125,88,89.785,3.404,1.937,94.183,76.279,61.626,909.902,336.314,1.801,73.319,23.621,4.041,73,0,Low
WAP7-1016,WAP7,WR,2013,53,125,90,83.701,3.478,2.066,91.052,72.345,62.595,879.089,316.091,1.722,76.66,23.085,4.134,72,0,Low
WAP7-1016,WAP7,WR,2013,54,125,92,80.164,3.364,1.878,94.655,74.766,64.729,868.615,318.486,1.691,81.838,24.274,4.223,71,0,Low
WAP7-1016,WAP7,WR,2013,55,125,94,85.477,3.186,2.234,94.789,77.126,61.586,901.225,315.614,1.469,78.014,24.133,4.131,70,0,Low
WAP7-1016,WAP7,WR,2013,56,125,96,79.12,3.368,2.287,95.016,77.19,62.797,928.71,316.086,1.615,65.356,23.746,3.933,69,0,Low
WAP7-1016,WAP7,WR,2013,57,125,98,86.604,3.11,2.312,93.806,77.363,63.907,893.462,323.115,1.726,66.477,23.236,4.144,68,0,Low
WAP7-1016,WAP7,WR,2013,58,125,100,84.127,3.197,1.966,93.3,76.557,60.131,885.082,320.779,1.675,70.818,23.763,4.152,67,0,Low
WAP7-1016,WAP7,WR,2013,59,125,102,82.732,3.78,2.087,93.357,73.124,62.07,883.571,323.092,1.61,65.198,24.267,4.485,66,0,Low
WAP7-1016,WAP7,WR,2013,60,125,104,85.047,3.465,2.178,92.157,78.66,64.089,842.671,322.894,1.796,73.816,24.566,4.164,65,0,Low
WAP7-1016,WAP7,WR,2013,61,125,106,79.52,3.245,2.301,93.877,75.843,59.904,886.092,332.519,1.679,78.232,24.07,4.49,64,0,Low
WAP7-1016,WAP7,WR,2013,62,125,108,84.135,3.189,1.791,90.773,76.477,62.243,915.12,331.621,1.757,72.165,23.124,4.019,63,0,Low
WAP7-1016,WAP7,WR,2013,63,125,110,89.871,3.474,1.756,92.318,78.155,63.665,903.558,316.269,1.609,74.446,23.583,4.089,62,0,Low
WAP7-1016,WAP7,WR,2013,64,125,112,89.057,3.576,1.845,92.532,80.58,62.499,883.507,341.043,1.739,73.098,23.372,4.136,61,0,Low
WAP7-1016,WAP7,WR,2013,65,125,114,87.656,3.41,2.453,93.179,77.799,64.07,885.182,337.568,1.7,69.945,23.491,4.007,60,0,Medium
WAP7-1016,WAP7,WR,2013,66,125,116,87.665,3.308,2.234,93.637,73.43,62.636,893.161,305.526,1.694,64.059,24.597,4.006,59,0,Medium
WAP7-1016,WAP7,WR,2013,67,125,118,84.706,3.313,2.182,94.023,76.435,63.112,900.628,320.078,1.772,74.719,24.766,4.308,58,0,Medium
WAP7-1016,WAP7,WR,2013,68,125,120,81.373,3.28,2.01,94.345,70.025,64.856,907.399,326.945,1.619,65.016,22.493,4.115,57,0,Medium
WAP7-1016,WAP7,WR,2013,69,125,122,85.28,3.229,2.807,92.755,76.01,60.812,898.207,336.428,1.778,74.423,23.903,3.988,56,0,Medium
WAP7-1016,WAP7,WR,2013,70,125,124,84.365,3.147,2.245,96.299,75.601,59.773,862.859,297.52,1.718,73.503,23.143,3.884,55,0,Medium
WAP7-1016,WAP7,WR,2013,71,125,126,84.289,3.302,1.839,90.867,76.298,56.105,916.951,336.492,1.683,76.615,23.984,3.787,54,0,Medium
WAP7-1016,WAP7,WR,2013,72,125,128,84.726,3.181,2.263,92.653,74.44,60.904,904.37,329.108,1.662,75.575,23.97,3.738,53,0,Medium
WAP7-1016,WAP7,WR,2013,73,125,130,88.181,3.107,2.298,91.5,77.77,62.333,886.149,333.196,1.672,71.634,24.004,4.044,52,0,Medium
WAP7-1016,WAP7,WR,2013,74,125,132,85.029,3.472,2.661,93.289,80.092,58.05,871.804,323.628,1.569,72.205,23.735,4.527,51,0,Medium
WAP7-1016,WAP7,WR,2013,75,125,134,85.837,3.412,1.575,92.536,82.035,60.208,898.372,314.573,1.751,72.251,23.927,4.089,50,0,Medium
WAP7-1016,WAP7,WR,2013,76,125,136,86.364,3.226,1.8,93.493,76.707,59.872,929.665,322.794,1.839,71.144,23.712,4.335,49,0,Medium
WAP7-1016,WAP7,WR,2013,77,125,138,91.921,3.476,2.265,93.027,78.278,65.0,870.292,324.339,1.662,73.7,24.048,3.949,48,0,Medium
WAP7-1016,WAP7,WR,2013,78,125,140,86.066,3.41,1.945,91.36,75.885,60.468,924.148,327.465,1.828,68.7,24.138,4.135,47,0,Medium
WAP7-1016,WAP7,WR,2013,79,125,142,82.535,3.485,2.877,94.518,76.565,61.407,863.017,324.14,1.638,79.278,23.904,4.445,46,0,Medium
WAP7-1016,WAP7,WR,2013,80,125,144,86.89,3.615,2.828,91.395,81.685,63.409,903.107,328.107,1.635,73.128,23.102,3.985,45,0,Medium
WAP7-1016,WAP7,WR,2013,81,125,146,85.994,3.34,2.236,94.627,76.885,58.933,862.361,295.899,1.759,71.608,24.133,3.975,44,0,Medium
WAP7-1016,WAP7,WR,2013,82,125,148,82.033,3.55,2.505,91.141,75.046,60.2,869.466,344.63,1.562,71.396,22.957,4.319,43,0,Medium
WAP7-1016,WAP7,WR,2013,83,125,150,85.759,3.338,1.78,93.846,76.847,63.96,892.991,323.081,1.714,72.798,23.606,4.177,42,0,Medium
WAP7-1016,WAP7,WR,2013,84,125,152,84.093,3.434,2.184,92.695,73.506,58.974,876.039,337.568,1.768,72.216,23.405,3.9,41,0,Medium
WAP7-1016,WAP7,WR,2013,85,125,154,80.607,3.212,1.721,92.603,77.111,61.658,917.223,340.738,1.731,64.924,23.285,4.374,40,0,Medium
WAP7-1016,WAP7,WR,2013,86,125,156,89.434,3.413,1.698,92.246,79.418,64.377,905.61,335.149,1.82,77.543,23.599,4.199,39,0,Medium
WAP7-1016,WAP7,WR,2013,87,125,158,81.44,3.382,2.452,92.515,77.46,60.631,879.537,317.115,1.677,73.03,24.062,4.286,38,0,Medium
WAP7-1016,WAP7,WR,2013,88,125,160,87.125,3.201,1.837,92.151,78.289,62.597,924.7,338.818,1.648,72.446,24.568,4.119,37,0,Medium
WAP7-1016,WAP7,WR,2013,89,125,162,83.61,3.354,2.01,96.702,75.464,64.424,885.807,325.62,1.611,66.487,23.424,3.998,36,0,Medium
WAP7-1016,WAP7,WR,2013,90,125,164,78.107,3.372,2.324,92.03,78.598,57.225,890.417,336.515,1.523,72.495,23.259,3.758,35,0,Medium
WAP7-1016,WAP7,WR,2013,91,125,166,88.247,3.376,2.218,93.049,79.432,60.986,883.889,311.082,1.647,68.078,24.377,3.943,34,0,Medium
WAP7-1016,WAP7,WR,2013,92,125,168,81.234,3.222,2.192,92.207,79.535,62.597,887.47,305.311,1.73,66.417,23.593,4.461,33,0,Medium
WAP7-1016,WAP7,WR,2013,93,125,170,84.989,3.131,2.37,92.975,81.968,59.076,874.337,330.393,1.749,72.713,23.029,4.024,32,0,Medium
WAP7-1016,WAP7,WR,2013,94,125,172,89.786,3.385,2.158,91.261,75.613,61.971,867.453,334.113,1.776,78.305,24.14,4.103,31,0,Medium
WAP7-1016,WAP7,WR,2013,95,125,174,95.751,2.683,3.353,87.77,81.976,66.344,901.106,314.834,1.449,72.726,23.345,3.519,30,1,High
WAP7-1016,WAP7,WR,2013,96,125,176,91.197,2.965,3.05,89.568,84.113,67.47,904.193,345.949,1.488,68.063,23.189,3.548,29,1,High
WAP7-1016,WAP7,WR,2013,97,125,178,94.184,2.396,3.361,89.526,86.701,67.9,845.41,337.35,1.115,71.968,23.539,3.806,28,1,High
WAP7-1016,WAP7,WR,2013,98,125,180,99.779,2.666,3.645,87.868,80.605,67.678,882.506,343.743,1.38,70.493,22.97,3.453,27,1,High
WAP7-1016,WAP7,WR,2013,99,125,0,91.17,2.587,3.643,88.592,79.599,72.243,887.94,337.483,1.248,73.332,22.787,3.751,26,1,High
WAP7-1016,WAP7,WR,2013,100,125,2,92.76,2.54,3.28,92.223,84.518,66.769,852.098,361.662,1.385,68.514,22.647,3.727,25,1,High
WAP7-1016,WAP7,WR,2013,101,125,4,94.141,2.423,3.692,87.706,81.587,65.396,876.012,349.282,1.289,78.104,22.483,3.66,24,1,High
WAP7-1016,WAP7,WR,2013,102,125,6,98.209,2.524,4.334,89.122,83.718,65.955,873.36,359.498,1.306,72.938,23.508,3.219,23,1,High
WAP7-1016,WAP7,WR,2013,103,125,8,98.85,2.709,4.272,88.2,86.65,70.634,849.379,356.854,1.28,76.009,22.852,3.312,22,1,High
WAP7-1016,WAP7,WR,2013,104,125,10,91.829,2.636,4.069,86.301,84.292,71.186,880.314,369.604,1.321,72.813,22.657,3.571,21,1,High
WAP7-1016,WAP7,WR,2013,105,125,12,100.414,2.58,4.614,88.283,86.702,71.067,887.099,372.911,1.339,77.461,22.657,3.455,20,1,High
WAP7-1016,WAP7,WR,2013,106,125,14,98.562,2.688,4.224,86.851,86.043,72.614,829.912,347.282,1.254,75.759,22.356,3.347,19,1,High
WAP7-1016,WAP7,WR,2013,107,125,16,96.48,2.696,4.17,86.349,86.458,71.65,891.416,343.185,1.074,73.515,22.661,3.48,18,1,High
WAP7-1016,WAP7,WR,2013,108,125,18,99.394,2.346,4.735,88.417,87.589,70.662,873.458,365.768,1.144,76.938,22.167,3.358,17,1,High
WAP7-1016,WAP7,WR,2013,109,125,20,101.929,2.333,4.665,84.942,86.396,73.966,854.477,359.918,1.076,75.066,22.813,3.399,16,1,High
WAP7-1016,WAP7,WR,2013,110,125,22,97.976,2.459,4.993,84.302,93.274,73.717,812.214,368.657,1.084,75.453,22.115,3.191,15,1,High
WAP7-1016,WAP7,WR,2013,111,125,24,102.375,2.129,5.182,81.971,85.586,71.581,866.513,330.569,1.336,72.193,21.816,3.353,14,1,High
WAP7-1016,WAP7,WR,2013,112,125,26,104.545,2.365,5.333,83.863,88.725,75.639,836.818,362.9,1.295,76.027,21.831,3.355,13,1,High
WAP7-1016,WAP7,WR,2013,113,125,28,113.062,2.076,5.63,80.695,90.705,75.286,842.185,371.31,1.041,64.857,22.454,3.33,12,1,High
WAP7-1016,WAP7,WR,2013,114,125,30,110.193,2.026,5.297,82.855,93.276,77.602,800.602,377.953,1.068,73.323,22.03,2.923,11,1,High
WAP7-1016,WAP7,WR,2013,115,125,32,110.812,1.775,5.408,86.252,95.636,76.307,821.177,397.697,1.02,70.26,21.436,2.983,10,1,Critical
WAP7-1016,WAP7,WR,2013,116,125,34,110.205,1.816,5.923,81.319,96.506,79.961,818.933,384.743,1.014,72.471,20.882,3.194,9,1,Critical
WAP7-1016,WAP7,WR,2013,117,125,36,110.093,1.621,6.125,82.406,97.165,74.54,873.39,377.58,1.074,72.638,21.999,3.041,8,1,Critical
WAP7-1016,WAP7,WR,2013,118,125,38,114.095,1.824,6.532,82.163,95.0,81.737,790.315,385.075,0.772,72.346,21.815,2.916,7,1,Critical
WAP7-1016,WAP7,WR,2013,119,125,40,116.021,1.882,6.363,82.642,97.105,82.136,804.209,400.599,0.846,79.342,21.116,2.633,6,1,Critical
WAP7-1016,WAP7,WR,2013,120,125,42,122.339,1.585,7.497,78.335,99.673,81.303,784.427,402.489,0.938,68.847,20.548,3.187,5,1,Critical
WAP7-1016,WAP7,WR,2013,121,125,44,120.508,1.649,7.892,79.355,99.709,84.301,816.374,393.084,0.932,72.19,20.919,2.919,4,1,Critical
WAP7-1016,WAP7,WR,2013,122,125,46,123.728,1.72,7.023,77.079,101.712,86.439,792.281,392.258,0.752,73.799,20.489,2.863,3,1,Critical
WAP7-1016,WAP7,WR,2013,123,125,48,121.915,1.179,7.804,76.441,102.275,89.254,779.518,395.922,0.683,65.774,21.071,2.654,2,1,Critical
WAP7-1016,WAP7,WR,2013,124,125,50,121.175,1.376,8.937,74.836,103.586,90.548,780.376,413.853,0.701,72.113,20.05,2.618,1,1,Critical
WAP7-1016,WAP7,WR,2013,125,125,52,126.014,1.127,8.086,74.433,104.912,90.78,787.192,404.322,0.837,70.347,20.058,2.812,0,1,Critical
WDG4-1017,WDG4,CR,2012,1,161,-32,80.857,3.277,1.7,93.221,72.731,57.467,909.422,321.707,1.716,78.104,23.59,4.296,160,0,Low
WDG4-1017,WDG4,CR,2012,2,161,-30,84.408,3.4,2.263,94.846,74.517,57.66,908.135,330.881,1.744,72.938,24.658,3.871,159,0,Low
WDG4-1017,WDG4,CR,2012,3,161,-28,84.465,3.612,2.114,94.158,77.06,61.922,885.698,327.063,1.731,76.009,24.05,3.981,158,0,Low
WDG4-1017,WDG4,CR,2012,4,161,-26,76.793,3.566,1.814,92.521,74.268,62.01,918.354,338.504,1.786,72.813,23.91,4.26,157,0,Low
WDG4-1017,WDG4,CR,2012,5,161,-24,84.661,3.541,2.251,94.791,76.199,61.377,927.038,340.37,1.82,77.461,23.97,4.165,156,0,Low
WDG4-1017,WDG4,CR,2012,6,161,-22,82.025,3.683,1.744,93.674,75.018,62.362,871.928,313.165,1.752,75.759,23.734,4.08,155,0,Low
WDG4-1017,WDG4,CR,2012,7,161,-20,79.092,3.727,1.562,93.514,74.866,60.787,935.686,307.36,1.589,73.515,24.11,4.237,154,0,Low
WDG4-1017,WDG4,CR,2012,8,161,-18,81.089,3.416,1.99,95.95,75.385,59.139,920.16,328.101,1.679,76.938,23.693,4.142,153,0,Low
WDG4-1017,WDG4,CR,2012,9,161,-16,82.639,3.445,1.772,92.871,73.537,61.734,903.789,320.276,1.631,75.066,24.42,4.211,152,0,Low
WDG4-1017,WDG4,CR,2012,10,161,-14,77.636,3.615,1.942,92.652,79.714,60.727,864.314,326.907,1.662,75.453,23.81,4.033,151,0,Low
WDG4-1017,WDG4,CR,2012,11,161,-12,80.917,3.332,1.964,90.77,71.281,57.784,921.578,286.577,1.938,72.193,23.604,4.227,150,0,Low
WDG4-1017,WDG4,CR,2012,12,161,-10,81.903,3.617,1.937,93.136,73.631,60.987,895.027,316.533,1.921,76.027,23.718,4.262,149,0,Low
WDG4-1017,WDG4,CR,2012,13,161,-8,89.17,3.381,2.047,90.47,74.777,59.729,903.715,322.435,1.694,64.857,24.445,4.273,148,0,Low
WDG4-1017,WDG4,CR,2012,14,161,-6,84.984,3.386,1.516,93.158,76.47,61.092,865.631,326.436,1.748,73.323,24.131,3.903,147,0,Low
WDG4-1017,WDG4,CR,2012,15,161,-4,84.219,3.192,1.419,97.111,77.908,58.794,889.883,343.405,1.728,70.26,23.652,4.002,146,0,Low
WDG4-1017,WDG4,CR,2012,16,161,-2,82.161,3.293,1.717,92.759,77.81,61.397,891.493,327.543,1.753,72.471,23.219,4.253,145,0,Low
WDG4-1017,WDG4,CR,2012,17,161,0,80.532,3.161,1.691,94.454,77.458,54.876,949.982,317.338,1.844,72.638,24.463,4.142,144,0,Low
WDG4-1017,WDG4,CR,2012,18,161,2,82.95,3.43,1.861,94.846,74.236,60.924,871.117,321.659,1.575,72.346,24.411,4.062,143,0,Low
WDG4-1017,WDG4,CR,2012,19,161,4,83.225,3.556,1.443,95.987,75.241,60.125,889.399,333.874,1.683,79.342,23.849,3.825,142,0,Low
WDG4-1017,WDG4,CR,2012,20,161,6,87.826,3.33,2.32,92.368,76.664,58.046,874.182,332.322,1.811,68.847,23.424,4.426,141,0,Low
WDG4-1017,WDG4,CR,2012,21,161,8,84.21,3.468,2.447,94.103,75.511,59.748,910.873,319.342,1.841,72.19,23.944,4.208,140,0,Low
WDG4-1017,WDG4,CR,2012,22,161,10,85.58,3.615,1.3,92.569,76.28,60.541,891.701,314.808,1.7,73.799,23.668,4.203,139,0,Low
WDG4-1017,WDG4,CR,2012,23,161,12,81.85,3.153,1.794,92.699,75.564,61.963,884.036,314.63,1.67,65.774,24.41,4.047,138,0,Low
WDG4-1017,WDG4,CR,2012,24,161,14,79.126,3.431,2.63,91.889,75.553,61.814,890.172,328.586,1.729,72.113,23.554,4.067,137,0,Low
WDG4-1017,WDG4,CR,2012,25,161,16,81.914,3.267,1.471,92.308,75.512,60.555,902.442,314.947,1.907,70.347,23.733,4.317,136,0,Low
WDG4-1017,WDG4,CR,2012,26,161,18,80.843,3.527,2.226,93.63,76.809,58.764,915.619,339.507,1.66,70.158,23.315,4.314,135,0,Low
WDG4-1017,WDG4,CR,2012,27,161,20,88.077,3.124,2.155,93.828,73.175,56.906,921.454,317.487,1.826,75.542,24.007,4.036,134,0,Low
WDG4-1017,WDG4,CR,2012,28,161,22,80.783,3.183,2.116,94.54,78.451,60.535,885.705,310.026,1.732,73.434,24.171,4.274,133,0,Low
WDG4-1017,WDG4,CR,2012,29,161,24,81.442,3.282,1.661,92.331,76.923,61.89,892.499,313.542,1.887,67.764,23.572,4.207,132,0,Low
WDG4-1017,WDG4,CR,2012,30,161,26,85.847,3.329,1.642,92.353,73.18,57.435,880.557,336.241,1.769,71.36,23.638,4.216,131,0,Low
WDG4-1017,WDG4,CR,2012,31,161,28,83.729,3.391,2.317,90.664,75.815,61.661,938.175,319.141,1.809,69.272,23.648,4.423,130,0,Low
WDG4-1017,WDG4,CR,2012,32,161,30,79.958,3.125,1.734,93.444,75.223,60.562,943.355,314.783,1.69,66.496,23.698,3.979,129,0,Low
WDG4-1017,WDG4,CR,2012,33,161,32,83.595,2.979,1.912,91.839,73.32,57.347,872.892,321.795,1.849,75.139,24.096,4.35,128,0,Low
WDG4-1017,WDG4,CR,2012,34,161,34,84.746,3.514,2.184,95.065,87.703,58.435,878.224,329.522,1.654,65.547,24.318,4.378,127,0,Low
WDG4-1017,WDG4,CR,2012,35,161,36,79.585,3.423,2.333,94.563,74.957,59.482,924.631,322.716,1.694,58.172,23.4,4.102,126,0,Low
WDG4-1017,WDG4,CR,2012,36,161,38,76.874,3.47,2.073,93.327,75.153,59.779,913.818,320.951,1.84,72.57,24.279,4.189,125,0,Low
WDG4-1017,WDG4,CR,2012,37,161,40,82.37,3.492,2.561,97.554,74.988,56.101,860.535,340.97,1.848,78.305,23.437,4.616,124,0,Low
WDG4-1017,WDG4,CR,2012,38,161,42,82.204,3.448,2.48,91.472,72.419,66.373,911.94,315.11,1.683,71.347,24.368,4.049,123,0,Low
WDG4-1017,WDG4,CR,2012,39,161,44,82.743,3.527,1.763,92.419,79.04,62.336,924.632,310.974,1.791,82.149,23.973,4.178,122,0,Low
WDG4-1017,WDG4,CR,2012,40,161,46,88.271,3.056,2.187,91.813,79.543,59.724,908.327,325.946,1.782,75.726,24.284,3.93,121,0,Low
WDG4-1017,WDG4,CR,2012,41,161,48,85.022,3.466,1.599,91.618,75.198,63.079,886.255,317.61,1.818,77.676,23.361,4.251,120,0,Low
WDG4-1017,WDG4,CR,2012,42,161,50,81.478,3.331,2.035,90.41,79.918,61.225,884.628,324.102,1.712,72.478,24.218,4.064,119,0,Low
WDG4-1017,WDG4,CR,2012,43,161,52,83.695,3.387,2.097,94.757,80.757,61.306,912.646,322.536,1.879,69.796,24.629,3.899,118,0,Low
WDG4-1017,WDG4,CR,2012,44,161,54,81.96,3.352,1.69,94.567,79.9,61.698,853.524,329.055,1.732,83.178,24.479,4.293,117,0,Low
WDG4-1017,WDG4,CR,2012,45,161,56,81.261,3.344,1.711,92.01,73.785,59.577,922.949,314.258,1.608,76.524,24.187,4.2,116,0,Low
WDG4-1017,WDG4,CR,2012,46,161,58,82.553,3.193,2.159,95.979,78.721,62.43,906.841,343.833,1.722,79.296,23.172,3.983,115,0,Low
WDG4-1017,WDG4,CR,2012,47,161,60,79.698,3.374,1.631,94.61,71.948,62.335,927.158,328.706,1.683,75.37,24.461,4.243,114,0,Low
WDG4-1017,WDG4,CR,2012,48,161,62,80.22,3.627,2.507,94.893,76.011,60.155,910.989,324.032,1.809,74.58,23.618,4.138,113,0,Low
WDG4-1017,WDG4,CR,2012,49,161,64,85.756,3.271,2.117,90.474,80.364,60.823,884.553,306.489,1.697,69.696,24.449,4.162,112,0,Low
WDG4-1017,WDG4,CR,2012,50,161,66,82.911,3.461,2.373,91.058,73.373,62.02,890.366,331.933,1.825,75.221,24.024,3.869,111,0,Low
WDG4-1017,WDG4,CR,2012,51,161,68,80.897,3.402,2.0,92.519,77.222,60.795,916.492,309.476,1.696,72.452,24.529,3.964,110,0,Low
WDG4-1017,WDG4,CR,2012,52,161,70,86.164,3.367,1.652,92.372,72.952,62.939,897.557,324.338,1.679,73.196,24.057,4.354,109,0,Low
WDG4-1017,WDG4,CR,2012,53,161,72,80.726,3.216,1.909,92.888,74.771,59.801,876.758,329.085,1.648,74.06,24.391,4.152,108,0,Low
WDG4-1017,WDG4,CR,2012,54,161,74,84.74,3.467,2.006,90.918,75.281,60.886,876.542,318.121,1.784,72.12,23.998,3.992,107,0,Low
WDG4-1017,WDG4,CR,2012,55,161,76,86.493,3.527,2.276,94.851,75.315,58.591,889.721,334.624,1.782,77.364,23.432,4.174,106,0,Low
WDG4-1017,WDG4,CR,2012,56,161,78,81.256,3.58,1.891,92.963,76.174,59.794,927.979,310.909,1.724,68.714,24.264,4.254,105,0,Low
WDG4-1017,WDG4,CR,2012,57,161,80,79.5,3.434,2.322,94.141,78.07,59.669,879.517,330.699,1.794,75.505,24.062,4.176,104,0,Low
WDG4-1017,WDG4,CR,2012,58,161,82,86.207,3.438,2.3,94.625,74.611,61.639,900.763,318.045,1.659,79.268,24.222,3.988,103,0,Low
WDG4-1017,WDG4,CR,2012,59,161,84,86.337,3.351,1.686,94.236,75.828,60.642,905.456,334.148,1.86,66.178,23.564,4.173,102,0,Low
WDG4-1017,WDG4,CR,2012,60,161,86,84.21,3.684,2.26,96.145,76.74,63.986,916.896,337.165,1.711,81.082,23.178,4.291,101,0,Low
WDG4-1017,WDG4,CR,2012,61,161,88,83.506,3.443,2.591,92.524,76.121,62.31,902.208,335.296,1.842,68.109,23.502,4.027,100,0,Low
WDG4-1017,WDG4,CR,2012,62,161,90,90.038,3.576,2.236,95.793,77.591,60.119,859.422,343.722,1.736,67.158,23.96,4.233,99,0,Low
WDG4-1017,WDG4,CR,2012,63,161,92,83.229,3.152,2.533,93.818,72.4,60.333,897.993,332.911,1.945,71.937,23.353,4.444,98,0,Low
WDG4-1017,WDG4,CR,2012,64,161,94,87.646,3.553,1.7,89.964,77.327,63.79,884.089,332.186,1.777,81.076,23.783,3.964,97,0,Low
WDG4-1017,WDG4,CR,2012,65,161,96,86.836,3.277,2.015,95.776,80.684,58.42,889.378,317.016,1.719,68.286,23.701,3.792,96,0,Low
WDG4-1017,WDG4,CR,2012,66,161,98,90.535,2.989,2.191,92.778,72.822,58.338,882.814,335.065,1.66,64.729,23.738,4.143,95,0,Low
WDG4-1017,WDG4,CR,2012,67,161,100,86.74,3.415,2.583,96.711,77.401,59.92,929.947,320.529,1.809,69.135,23.689,3.743,94,0,Low
WDG4-1017,WDG4,CR,2012,68,161,102,84.281,3.331,2.099,94.598,72.336,59.661,926.128,311.575,1.748,66.408,24.07,3.762,93,0,Low
WDG4-1017,WDG4,CR,2012,69,161,104,88.597,3.202,2.086,94.245,80.938,62.629,841.111,340.36,1.695,75.422,23.462,4.119,92,0,Low
WDG4-1017,WDG4,CR,2012,70,161,106,86.948,3.254,1.946,92.333,79.154,59.858,873.124,327.035,1.57,79.368,23.511,4.156,91,0,Low
WDG4-1017,WDG4,CR,2012,71,161,108,87.365,3.249,2.352,92.241,75.322,65.501,884.87,315.347,1.652,70.569,23.876,4.271,90,0,Low
WDG4-1017,WDG4,CR,2012,72,161,110,83.503,3.34,2.456,89.836,79.45,62.851,882.933,325.058,1.784,67.476,23.841,4.398,89,0,Low
WDG4-1017,WDG4,CR,2012,73,161,112,79.856,3.259,2.368,93.825,76.612,65.429,901.205,318.41,1.606,71.929,23.528,4.142,88,0,Low
WDG4-1017,WDG4,CR,2012,74,161,114,81.154,3.326,2.337,94.955,74.539,55.982,893.617,325.209,1.758,70.164,23.709,4.453,87,0,Low
WDG4-1017,WDG4,CR,2012,75,161,116,77.128,3.524,2.013,92.874,71.52,62.135,876.497,330.524,1.68,72.946,23.675,3.853,86,0,Low
WDG4-1017,WDG4,CR,2012,76,161,118,88.207,3.338,2.3,90.653,73.119,62.37,886.679,315.769,1.608,68.884,23.51,4.133,85,0,Low
WDG4-1017,WDG4,CR,2012,77,161,120,79.232,3.23,3.004,91.893,74.011,64.903,901.475,348.91,1.622,70.58,23.397,4.178,84,0,Low
WDG4-1017,WDG4,CR,2012,78,161,122,75.498,2.942,2.051,92.791,77.804,60.549,897.472,321.063,1.611,75.41,23.204,3.735,83,0,Low
WDG4-1017,WDG4,CR,2012,79,161,124,81.667,3.245,1.624,95.034,81.555,60.12,915.886,331.211,1.514,65.191,24.012,4.243,82,0,Low
WDG4-1017,WDG4,CR,2012,80,161,126,79.573,3.271,1.887,95.208,80.359,61.187,924.831,326.163,1.701,73.489,24.398,3.659,81,0,Low
WDG4-1017,WDG4,CR,2012,81,161,128,82.602,3.342,2.013,92.594,78.122,61.761,922.118,327.713,1.648,77.825,23.608,3.963,80,0,Low
WDG4-1017,WDG4,CR,2012,82,161,130,81.232,3.239,1.919,94.543,77.156,61.412,858.935,329.612,1.615,72.931,23.772,3.973,79,0,Low
WDG4-1017,WDG4,CR,2012,83,161,132,87.274,3.243,2.597,90.282,76.268,61.447,894.485,340.17,1.743,82.261,23.759,4.072,78,0,Low
WDG4-1017,WDG4,CR,2012,84,161,134,85.113,3.41,2.158,94.12,77.747,63.408,874.604,312.445,1.558,70.202,24.186,4.041,77,0,Low
WDG4-1017,WDG4,CR,2012,85,161,136,82.152,3.083,1.802,92.72,79.601,61.339,855.272,343.732,1.769,71.989,23.215,3.972,76,0,Low
WDG4-1017,WDG4,CR,2012,86,161,138,84.342,3.205,2.678,93.117,77.979,65.341,866.618,326.74,1.841,68.08,24.106,3.963,75,0,Low
WDG4-1017,WDG4,CR,2012,87,161,140,82.464,3.069,1.702,92.936,74.674,61.75,858.705,315.229,1.765,61.383,22.939,4.045,74,0,Low
WDG4-1017,WDG4,CR,2012,88,161,142,87.176,3.221,2.121,92.684,77.56,59.647,892.52,331.091,1.681,64.063,23.128,3.964,73,0,Low
WDG4-1017,WDG4,CR,2012,89,161,144,84.833,3.404,2.345,95.043,75.055,60.513,892.558,326.19,1.773,77.616,23.876,3.762,72,0,Low
WDG4-1017,WDG4,CR,2012,90,161,146,86.474,3.089,2.504,91.859,78.837,63.937,891.734,332.39,1.692,71.008,23.28,4.104,71,0,Low
WDG4-1017,WDG4,CR,2012,91,161,148,85.485,3.146,2.389,91.066,76.717,64.719,906.51,326.75,1.725,77.816,23.074,4.081,70,0,Low
WDG4-1017,WDG4,CR,2012,92,161,150,87.635,3.164,2.361,92.94,72.393,64.515,873.891,325.262,1.634,67.217,23.546,3.947,69,0,Low
WDG4-1017,WDG4,CR,2012,93,161,152,89.844,3.196,2.679,91.126,77.293,59.068,912.569,314.357,1.602,83.966,23.152,4.174,68,0,Low
WDG4-1017,WDG4,CR,2012,94,161,154,85.645,3.073,2.618,90.301,78.737,59.751,892.334,322.085,1.74,74.746,23.508,4.011,67,0,Low
WDG4-1017,WDG4,CR,2012,95,161,156,87.128,3.469,2.08,93.27,79.309,61.431,858.436,325.076,1.691,72.124,23.533,4.011,66,0,Low
WDG4-1017,WDG4,CR,2012,96,161,158,84.725,3.42,2.936,92.548,80.557,64.766,904.37,320.537,1.602,78.551,23.686,4.194,65,0,Low
WDG4-1017,WDG4,CR,2012,97,161,160,78.276,3.323,2.499,90.778,80.484,61.602,895.019,334.362,1.507,74.353,23.617,4.085,64,0,Low
WDG4-1017,WDG4,CR,2012,98,161,162,92.299,3.394,2.645,90.736,78.3,61.005,886.541,311.136,1.781,74.518,23.344,3.936,63,0,Low
WDG4-1017,WDG4,CR,2012,99,161,164,90.882,3.023,2.091,91.816,82.164,63.306,882.521,316.635,1.616,76.111,23.955,3.787,62,0,Low
WDG4-1017,WDG4,CR,2012,100,161,166,85.819,3.334,3.075,92.963,76.216,61.161,877.9,321.257,1.59,70.215,23.521,4.06,61,0,Low
WDG4-1017,WDG4,CR,2012,101,161,168,80.268,3.384,2.642,90.117,79.061,60.387,930.191,326.106,1.819,72.398,23.488,3.657,60,0,Medium
WDG4-1017,WDG4,CR,2012,102,161,170,88.641,3.545,2.268,93.966,77.039,61.709,909.226,333.433,1.706,72.075,23.43,3.689,59,0,Medium
WDG4-1017,WDG4,CR,2012,103,161,172,84.866,3.359,2.223,93.031,79.566,62.379,881.011,335.421,1.755,75.926,24.245,3.9,58,0,Medium
WDG4-1017,WDG4,CR,2012,104,161,174,84.087,3.191,2.149,94.098,84.253,59.414,916.969,352.161,1.71,74.947,23.615,4.043,57,0,Medium
WDG4-1017,WDG4,CR,2012,105,161,176,85.63,3.012,2.341,93.739,77.643,61.562,904.954,312.936,1.595,76.372,24.511,3.752,56,0,Medium
WDG4-1017,WDG4,CR,2012,106,161,178,86.763,3.3,1.907,92.865,79.142,60.446,914.372,331.239,1.581,71.998,23.819,4.143,55,0,Medium
WDG4-1017,WDG4,CR,2012,107,161,180,88.921,3.511,2.268,91.651,75.707,62.587,891.364,321.589,1.717,66.409,23.334,3.859,54,0,Medium
WDG4-1017,WDG4,CR,2012,108,161,0,90.66,3.244,2.759,89.944,75.529,63.014,893.679,313.124,1.727,75.113,23.888,3.999,53,0,Medium
WDG4-1017,WDG4,CR,2012,109,161,2,89.742,3.193,2.974,91.933,77.607,59.38,899.639,313.669,1.622,70.899,24.115,3.659,52,0,Medium
WDG4-1017,WDG4,CR,2012,110,161,4,87.189,3.124,2.114,88.204,75.175,64.096,865.896,337.397,1.594,78.508,24.065,4.134,51,0,Medium
WDG4-1017,WDG4,CR,2012,111,161,6,87.665,3.25,2.083,90.499,73.936,63.332,891.796,330.227,1.586,68.841,23.797,4.114,50,0,Medium
WDG4-1017,WDG4,CR,2012,112,161,8,81.92,3.018,2.105,92.211,78.278,63.356,913.792,322.367,1.734,71.113,23.091,3.81,49,0,Medium
WDG4-1017,WDG4,CR,2012,113,161,10,82.359,3.238,2.408,93.082,80.255,63.85,901.44,325.654,1.734,75.396,24.212,4.295,48,0,Medium
WDG4-1017,WDG4,CR,2012,114,161,12,87.618,3.188,2.098,90.105,75.654,63.12,851.119,332.685,1.706,75.439,23.249,3.977,47,0,Medium
WDG4-1017,WDG4,CR,2012,115,161,14,83.543,3.238,2.699,92.379,75.46,63.503,915.705,322.815,1.634,80.639,23.617,3.468,46,0,Medium
WDG4-1017,WDG4,CR,2012,116,161,16,89.445,3.167,3.069,91.51,77.423,65.032,887.368,318.194,1.692,71.803,23.866,4.024,45,0,Medium
WDG4-1017,WDG4,CR,2012,117,161,18,89.44,3.263,2.47,93.384,79.823,62.707,900.919,333.379,1.627,74.079,23.484,3.909,44,0,Medium
WDG4-1017,WDG4,CR,2012,118,161,20,87.488,3.102,2.219,95.169,80.279,59.517,859.63,308.344,1.725,65.418,23.596,4.065,43,0,Medium
WDG4-1017,WDG4,CR,2012,119,161,22,91.415,3.478,2.476,92.552,79.897,61.388,884.941,334.872,1.685,72.481,23.608,3.845,42,0,Medium
WDG4-1017,WDG4,CR,2012,120,161,24,84.272,3.224,2.064,91.659,76.487,59.298,920.791,324.996,1.561,59.439,23.995,3.754,41,0,Medium
WDG4-1017,WDG4,CR,2012,121,161,26,80.974,3.129,2.678,92.981,77.738,59.653,865.529,326.559,1.658,77.73,23.205,3.844,40,0,Medium
WDG4-1017,WDG4,CR,2012,122,161,28,88.243,3.442,2.469,92.832,76.253,62.903,860.561,336.656,1.758,69.196,23.592,3.928,39,0,Medium
WDG4-1017,WDG4,CR,2012,123,161,30,91.468,3.449,2.471,91.687,75.525,62.598,933.082,344.234,1.663,77.376,23.454,3.804,38,0,Medium
WDG4-1017,WDG4,CR,2012,124,161,32,91.905,3.446,2.071,92.282,77.373,61.393,892.977,326.325,1.815,67.423,23.362,3.682,37,0,Medium
WDG4-1017,WDG4,CR,2012,125,161,34,86.761,3.296,3.196,91.346,75.749,63.712,892.752,319.831,1.694,58.111,23.48,4.101,36,0,Medium
WDG4-1017,WDG4,CR,2012,126,161,36,88.251,3.061,2.44,90.053,78.344,68.038,870.135,320.853,1.559,68.138,23.624,3.887,35,0,Medium
WDG4-1017,WDG4,CR,2012,127,161,38,84.469,3.061,2.478,90.821,77.355,62.444,921.252,327.885,1.605,80.062,23.371,3.433,34,0,Medium
WDG4-1017,WDG4,CR,2012,128,161,40,89.521,2.956,2.581,93.225,76.393,64.874,916.08,347.685,1.71,76.061,23.695,3.923,33,0,Medium
WDG4-1017,WDG4,CR,2012,129,161,42,90.43,3.257,2.359,91.033,78.329,60.187,902.015,331.113,1.764,76.495,24.108,3.98,32,0,Medium
WDG4-1017,WDG4,CR,2012,130,161,44,81.206,3.312,2.535,91.343,74.478,64.086,892.827,327.237,1.559,66.141,23.499,4.207,31,0,Medium
WDG4-1017,WDG4,CR,2012,131,161,46,96.587,2.358,4.309,88.707,88.278,73.01,853.944,349.759,1.363,78.319,22.853,3.358,30,1,High
WDG4-1017,WDG4,CR,2012,132,161,48,94.189,2.425,4.225,88.733,87.222,68.37,882.54,356.702,1.347,67.306,22.711,3.591,29,1,High
WDG4-1017,WDG4,CR,2012,133,161,50,99.719,2.527,4.288,86.63,82.823,69.096,857.699,356.843,1.339,68.31,22.461,3.581,28,1,High
WDG4-1017,WDG4,CR,2012,134,161,52,96.578,2.44,4.959,88.119,86.156,69.606,861.114,360.186,1.208,69.583,22.7,3.37,27,1,High
WDG4-1017,WDG4,CR,2012,135,161,54,99.205,2.531,4.356,87.385,85.84,67.667,816.266,347.828,1.103,69.372,22.829,3.124,26,1,High
WDG4-1017,WDG4,CR,2012,136,161,56,99.623,2.449,4.706,84.725,86.671,72.567,871.884,365.421,1.257,76.265,22.377,3.562,25,1,High
WDG4-1017,WDG4,CR,2012,137,161,58,101.069,2.11,4.312,87.569,91.136,71.816,863.807,362.931,1.099,68.74,22.916,3.065,24,1,High
WDG4-1017,WDG4,CR,2012,138,161,60,101.322,2.081,4.58,86.526,87.815,73.325,855.187,354.919,1.195,67.943,22.501,3.243,23,1,High
WDG4-1017,WDG4,CR,2012,139,161,62,97.552,2.534,4.648,88.369,88.065,72.112,843.052,359.543,1.206,72.548,22.332,3.266,22,1,High
WDG4-1017,WDG4,CR,2012,140,161,64,101.014,2.497,4.675,85.673,84.821,72.89,884.914,364.079,1.283,63.183,23.139,3.067,21,1,High
WDG4-1017,WDG4,CR,2012,141,161,66,101.131,2.206,4.756,83.825,95.237,70.737,830.64,360.972,1.284,63.356,22.725,3.501,20,1,High
WDG4-1017,WDG4,CR,2012,142,161,68,103.637,2.403,4.986,86.465,93.123,70.791,870.399,376.023,1.089,74.813,21.706,2.888,19,1,High
WDG4-1017,WDG4,CR,2012,143,161,70,106.888,2.198,5.579,85.455,89.214,72.799,866.898,363.387,1.113,66.135,22.349,3.037,18,1,High
WDG4-1017,WDG4,CR,2012,144,161,72,104.47,1.949,5.442,82.354,92.612,74.677,830.94,375.746,1.113,65.283,23.24,3.207,17,1,High
WDG4-1017,WDG4,CR,2012,145,161,74,101.412,2.188,5.31,84.967,92.699,74.221,846.965,368.36,1.014,65.475,22.61,3.114,16,1,High
WDG4-1017,WDG4,CR,2012,146,161,76,109.383,2.071,6.019,84.091,90.499,77.035,818.624,382.183,1.089,74.752,21.746,2.698,15,1,High
WDG4-1017,WDG4,CR,2012,147,161,78,106.702,2.058,5.611,83.171,92.192,77.301,802.706,371.872,1.016,62.081,21.105,2.78,14,1,High
WDG4-1017,WDG4,CR,2012,148,161,80,110.43,1.732,6.179,81.89,91.711,72.634,832.052,362.899,1.095,72.581,22.34,3.367,13,1,High
WDG4-1017,WDG4,CR,2012,149,161,82,113.099,1.656,5.98,82.698,91.726,79.316,862.176,367.256,0.992,66.859,21.033,2.89,12,1,High
WDG4-1017,WDG4,CR,2012,150,161,84,114.585,1.789,6.435,83.314,93.948,79.767,819.429,389.529,0.968,67.637,21.395,3.33,11,1,High
WDG4-1017,WDG4,CR,2012,151,161,86,110.334,1.57,7.031,78.574,97.226,82.635,850.598,389.816,1.031,67.114,21.144,2.874,10,1,Critical
WDG4-1017,WDG4,CR,2012,152,161,88,115.455,1.763,6.336,77.506,95.315,83.642,802.931,398.252,0.844,70.88,21.011,2.545,9,1,Critical
WDG4-1017,WDG4,CR,2012,153,161,90,121.792,1.591,7.179,81.95,96.972,80.812,813.97,385.295,0.788,68.525,21.24,2.843,8,1,Critical
WDG4-1017,WDG4,CR,2012,154,161,92,118.363,1.605,7.576,78.166,98.786,82.873,803.8,381.474,1.044,72.99,20.991,2.555,7,1,Critical
WDG4-1017,WDG4,CR,2012,155,161,94,122.767,1.734,7.4,80.037,104.331,86.692,821.416,380.855,0.805,71.83,20.823,2.854,6,1,Critical
WDG4-1017,WDG4,CR,2012,156,161,96,121.981,1.368,7.977,76.678,99.396,88.382,782.193,404.474,0.718,75.932,20.598,2.788,5,1,Critical
WDG4-1017,WDG4,CR,2012,157,161,98,119.792,1.446,7.897,76.695,102.741,89.268,775.964,412.302,0.713,78.755,20.112,2.685,4,1,Critical
WDG4-1017,WDG4,CR,2012,158,161,100,123.538,1.468,8.33,78.047,104.101,89.987,783.522,402.257,0.633,74.817,21.34,2.871,3,1,Critical
WDG4-1017,WDG4,CR,2012,159,161,102,128.238,1.251,8.716,75.327,102.858,88.48,770.542,394.672,0.68,72.162,19.877,2.672,2,1,Critical
WDG4-1017,WDG4,CR,2012,160,161,104,132.266,1.151,8.89,76.726,106.583,89.652,791.322,425.135,0.733,77.68,19.782,2.652,1,1,Critical
WDG4-1017,WDG4,CR,2012,161,161,106,128.869,1.026,8.866,72.406,109.087,94.453,694.403,406.572,0.5,69.519,19.438,2.286,0,1,Critical
WAP7-1018,WAP7,ER,2016,1,139,-14,76.668,3.624,2.102,91.617,76.661,58.287,939.191,318.606,1.939,72.398,23.788,3.837,138,0,Low
WAP7-1018,WAP7,ER,2016,2,139,-12,85.041,3.785,1.728,95.466,74.639,59.609,918.226,325.933,1.826,72.075,23.73,3.869,137,0,Low
WAP7-1018,WAP7,ER,2016,3,139,-10,81.266,3.599,1.683,94.531,77.166,60.279,890.011,327.921,1.875,75.926,24.545,4.08,136,0,Low
WAP7-1018,WAP7,ER,2016,4,139,-8,80.487,3.431,1.609,95.598,81.853,57.314,925.969,344.661,1.83,74.947,23.915,4.223,135,0,Low
WAP7-1018,WAP7,ER,2016,5,139,-6,82.03,3.252,1.801,95.239,75.243,59.462,913.954,305.436,1.715,76.372,24.811,3.932,134,0,Low
WAP7-1018,WAP7,ER,2016,6,139,-4,83.163,3.54,1.367,94.365,76.742,58.346,923.372,323.739,1.701,71.998,24.119,4.323,133,0,Low
WAP7-1018,WAP7,ER,2016,7,139,-2,85.321,3.751,1.728,93.151,73.307,60.487,900.364,314.089,1.837,66.409,23.634,4.039,132,0,Low
WAP7-1018,WAP7,ER,2016,8,139,0,87.06,3.484,2.219,91.444,73.129,60.914,902.679,305.624,1.847,75.113,24.188,4.179,131,0,Low
WAP7-1018,WAP7,ER,2016,9,139,2,86.142,3.433,2.434,93.433,75.207,57.28,908.639,306.169,1.742,70.899,24.415,3.839,130,0,Low
WAP7-1018,WAP7,ER,2016,10,139,4,83.589,3.364,1.574,89.704,72.775,61.996,874.896,329.897,1.714,78.508,24.365,4.314,129,0,Low
WAP7-1018,WAP7,ER,2016,11,139,6,84.065,3.49,1.543,91.999,71.536,61.232,900.796,322.727,1.706,68.841,24.097,4.294,128,0,Low
WAP7-1018,WAP7,ER,2016,12,139,8,78.32,3.258,1.565,93.711,75.878,61.256,922.792,314.867,1.854,71.113,23.391,3.99,127,0,Low
WAP7-1018,WAP7,ER,2016,13,139,10,78.759,3.478,1.868,94.582,77.855,61.75,910.44,318.154,1.854,75.396,24.512,4.475,126,0,Low
WAP7-1018,WAP7,ER,2016,14,139,12,84.018,3.428,1.558,91.605,73.254,61.02,860.119,325.185,1.826,75.439,23.549,4.157,125,0,Low
WAP7-1018,WAP7,ER,2016,15,139,14,79.943,3.478,2.159,93.879,73.06,61.403,924.705,315.315,1.754,80.639,23.917,3.648,124,0,Low
WAP7-1018,WAP7,ER,2016,16,139,16,85.845,3.407,2.529,93.01,75.023,62.932,896.368,310.694,1.812,71.803,24.166,4.204,123,0,Low
WAP7-1018,WAP7,ER,2016,17,139,18,85.84,3.503,1.93,94.884,77.423,60.607,909.919,325.879,1.747,74.079,23.784,4.089,122,0,Low
WAP7-1018,WAP7,ER,2016,18,139,20,83.888,3.342,1.679,96.669,77.879,57.417,868.63,300.844,1.845,65.418,23.896,4.245,121,0,Low
WAP7-1018,WAP7,ER,2016,19,139,22,87.815,3.718,1.936,94.052,77.497,59.288,893.941,327.372,1.805,72.481,23.908,4.025,120,0,Low
WAP7-1018,WAP7,ER,2016,20,139,24,80.672,3.464,1.524,93.159,74.087,57.198,929.791,317.496,1.681,59.439,24.295,3.934,119,0,Low
WAP7-1018,WAP7,ER,2016,21,139,26,77.374,3.369,2.138,94.481,75.338,57.553,874.529,319.059,1.778,77.73,23.505,4.024,118,0,Low
WAP7-1018,WAP7,ER,2016,22,139,28,84.643,3.682,1.929,94.332,73.853,60.803,869.561,329.156,1.878,69.196,23.892,4.108,117,0,Low
WAP7-1018,WAP7,ER,2016,23,139,30,87.868,3.689,1.931,93.187,73.125,60.498,942.082,336.734,1.783,77.376,23.754,3.984,116,0,Low
WAP7-1018,WAP7,ER,2016,24,139,32,88.305,3.686,1.531,93.782,74.973,59.293,901.977,318.825,1.935,67.423,23.662,3.862,115,0,Low
WAP7-1018,WAP7,ER,2016,25,139,34,83.161,3.536,2.656,92.846,73.349,61.612,901.752,312.331,1.814,58.111,23.78,4.281,114,0,Low
WAP7-1018,WAP7,ER,2016,26,139,36,84.651,3.301,1.9,91.553,75.944,65.938,879.135,313.353,1.679,68.138,23.924,4.067,113,0,Low
WAP7-1018,WAP7,ER,2016,27,139,38,80.869,3.301,1.938,92.321,74.955,60.344,930.252,320.385,1.725,80.062,23.671,3.613,112,0,Low
WAP7-1018,WAP7,ER,2016,28,139,40,85.921,3.196,2.041,94.725,73.993,62.774,925.08,340.185,1.83,76.061,23.995,4.103,111,0,Low
WAP7-1018,WAP7,ER,2016,29,139,42,86.83,3.497,1.819,92.533,75.929,58.087,911.015,323.613,1.884,76.495,24.408,4.16,110,0,Low
WAP7-1018,WAP7,ER,2016,30,139,44,77.606,3.552,1.995,92.843,72.078,61.986,901.827,319.737,1.679,66.141,23.799,4.387,109,0,Low
WAP7-1018,WAP7,ER,2016,31,139,46,81.983,3.331,2.118,94.792,78.542,64.491,890.454,319.334,1.85,78.319,24.07,4.088,108,0,Low
WAP7-1018,WAP7,ER,2016,32,139,48,79.468,3.406,2.017,94.867,77.408,59.778,919.349,326.036,1.838,67.306,23.938,4.326,107,0,Low
WAP7-1018,WAP7,ER,2016,33,139,50,84.814,3.518,2.052,92.838,72.886,60.381,894.984,325.801,1.834,68.31,23.703,4.323,106,0,Low
WAP7-1018,WAP7,ER,2016,34,139,52,81.422,3.443,2.685,94.429,76.052,60.72,899.054,328.636,1.709,69.583,23.963,4.121,105,0,Low
WAP7-1018,WAP7,ER,2016,35,139,54,83.732,3.548,2.035,93.823,75.524,58.561,855.038,315.636,1.612,69.372,24.118,3.885,104,0,Low
WAP7-1018,WAP7,ER,2016,36,139,56,83.765,3.484,2.327,91.319,76.099,63.192,911.666,332.455,1.774,76.265,23.698,4.336,103,0,Low
WAP7-1018,WAP7,ER,2016,37,139,58,84.761,3.165,1.866,94.344,80.264,62.123,904.777,329.056,1.627,68.74,24.275,3.852,102,0,Low
WAP7-1018,WAP7,ER,2016,38,139,60,84.497,3.159,2.056,93.51,76.598,63.266,897.523,320.002,1.734,67.943,23.903,4.046,101,0,Low
WAP7-1018,WAP7,ER,2016,39,139,62,80.143,3.638,2.036,95.588,76.459,61.637,886.931,323.451,1.758,72.548,23.783,4.086,100,0,Low
WAP7-1018,WAP7,ER,2016,40,139,64,82.954,3.629,1.966,93.153,72.781,61.95,930.514,326.679,1.849,63.183,24.644,3.907,99,0,Low
WAP7-1018,WAP7,ER,2016,41,139,66,82.354,3.369,1.939,91.593,82.718,59.283,878.139,322.13,1.865,63.356,24.29,4.362,98,0,Low
WAP7-1018,WAP7,ER,2016,42,139,68,84.076,3.6,2.052,94.548,80.082,58.776,919.974,335.607,1.688,74.813,23.336,3.772,97,0,Low
WAP7-1018,WAP7,ER,2016,43,139,70,86.476,3.431,2.518,93.88,75.606,60.172,918.728,321.262,1.729,66.135,24.05,3.945,96,0,Low
WAP7-1018,WAP7,ER,2016,44,139,72,83.141,3.221,2.243,91.147,78.393,61.39,885.202,331.779,1.749,65.283,25.017,4.142,95,0,Low
WAP7-1018,WAP7,ER,2016,45,139,74,79.099,3.501,1.963,94.156,77.824,60.224,903.837,322.419,1.671,65.475,24.469,4.077,94,0,Low
WAP7-1018,WAP7,ER,2016,46,139,76,86.019,3.428,2.515,93.701,74.923,62.281,878.284,334.133,1.768,74.752,23.693,3.691,93,0,Low
WAP7-1018,WAP7,ER,2016,47,139,78,82.22,3.462,1.938,93.229,75.871,61.741,865.331,321.58,1.718,62.081,23.145,3.805,92,0,Low
WAP7-1018,WAP7,ER,2016,48,139,80,84.765,3.186,2.329,92.423,74.6,56.217,897.821,310.232,1.822,72.581,24.479,4.425,91,0,Low
WAP7-1018,WAP7,ER,2016,49,139,82,86.183,3.163,1.942,93.733,73.782,61.995,931.266,312.081,1.745,66.859,23.276,3.984,90,0,Low
WAP7-1018,WAP7,ER,2016,50,139,84,86.351,3.35,2.2,94.877,75.126,61.492,892.018,331.713,1.748,67.637,23.748,4.461,89,0,Low
WAP7-1018,WAP7,ER,2016,51,139,86,80.716,3.189,2.589,90.693,77.481,63.358,926.864,329.225,1.84,67.114,23.612,4.044,88,0,Low
WAP7-1018,WAP7,ER,2016,52,139,88,84.387,3.442,1.676,90.206,74.603,63.314,883.051,334.752,1.683,70.88,23.6,3.755,87,0,Low
WAP7-1018,WAP7,ER,2016,53,139,90,89.207,3.333,2.291,95.259,75.249,59.384,898.122,318.754,1.659,68.525,23.955,4.096,86,0,Low
WAP7-1018,WAP7,ER,2016,54,139,92,84.194,3.412,2.451,92.11,76.006,60.296,892.162,311.757,1.948,72.99,23.838,3.852,85,0,Low
WAP7-1018,WAP7,ER,2016,55,139,94,86.947,3.61,2.027,94.642,80.451,62.917,914.166,307.83,1.743,71.83,23.808,4.197,84,0,Low
WAP7-1018,WAP7,ER,2016,56,139,96,84.444,3.315,2.346,91.971,74.371,63.36,879.509,328.007,1.691,75.932,23.726,4.179,83,0,Low
WAP7-1018,WAP7,ER,2016,57,139,98,80.471,3.466,1.999,92.703,76.527,62.95,878.023,332.26,1.723,78.755,23.389,4.125,82,0,Low
WAP7-1018,WAP7,ER,2016,58,139,100,82.366,3.565,2.155,94.797,76.653,62.325,890.502,318.507,1.682,74.817,24.771,4.362,81,0,Low
WAP7-1018,WAP7,ER,2016,59,139,102,85.149,3.427,2.253,92.845,74.131,59.425,882.621,307.08,1.768,72.162,23.468,4.217,80,0,Low
WAP7-1018,WAP7,ER,2016,60,139,104,87.193,3.408,2.129,95.039,76.534,59.154,908.677,333.569,1.862,77.68,23.538,4.251,79,0,Low
WAP7-1018,WAP7,ER,2016,61,139,106,81.745,3.367,1.797,91.541,77.671,62.464,817.213,310.897,1.633,69.519,23.365,3.943,78,0,Low
WAP7-1018,WAP7,ER,2016,62,139,108,82.112,3.166,1.849,94.543,76.543,58.692,873.266,316.065,1.835,78.664,23.834,4.158,77,0,Low
WAP7-1018,WAP7,ER,2016,63,139,110,83.324,3.446,2.671,93.431,67.643,61.97,905.553,322.891,1.738,78.326,24.431,4.039,76,0,Low
WAP7-1018,WAP7,ER,2016,64,139,112,80.779,3.483,1.801,91.921,76.146,57.156,876.352,309.207,1.738,67.978,24.121,4.205,75,0,Low
WAP7-1018,WAP7,ER,2016,65,139,114,84.497,3.233,2.714,91.426,78.278,63.507,873.797,340.461,1.604,69.028,23.246,4.119,74,0,Low
WAP7-1018,WAP7,ER,2016,66,139,116,88.101,3.196,1.875,92.246,77.674,65.113,899.663,330.147,1.786,82.399,23.987,4.202,73,0,Low
WAP7-1018,WAP7,ER,2016,67,139,118,83.806,3.201,1.505,90.765,74.26,57.952,933.545,340.361,1.719,71.451,23.785,4.042,72,0,Low
WAP7-1018,WAP7,ER,2016,68,139,120,82.967,3.328,2.787,94.083,75.916,61.876,901.784,329.431,1.711,75.297,23.586,3.998,71,0,Low
WAP7-1018,WAP7,ER,2016,69,139,122,84.648,3.371,1.746,94.239,79.862,59.325,896.383,326.152,1.689,71.042,23.874,4.091,70,0,Low
WAP7-1018,WAP7,ER,2016,70,139,124,84.844,3.259,2.178,90.817,77.122,62.582,892.332,309.066,1.784,63.398,24.748,4.255,69,0,Low
WAP7-1018,WAP7,ER,2016,71,139,126,85.95,3.31,2.136,92.034,72.852,58.8,894.356,339.232,1.851,75.794,24.032,3.937,68,0,Low
WAP7-1018,WAP7,ER,2016,72,139,128,86.972,3.4,2.084,92.892,77.066,62.827,921.647,317.579,1.839,71.987,23.405,4.153,67,0,Low
WAP7-1018,WAP7,ER,2016,73,139,130,89.058,3.303,2.723,91.674,77.604,60.265,909.447,327.675,1.635,62.623,23.466,4.502,66,0,Low
WAP7-1018,WAP7,ER,2016,74,139,132,83.279,3.393,2.172,94.335,79.434,61.783,881.0,311.905,1.857,74.879,23.314,4.077,65,0,Low
WAP7-1018,WAP7,ER,2016,75,139,134,87.544,3.302,2.439,91.643,76.94,62.113,894.59,331.28,1.733,70.689,24.305,4.03,64,0,Low
WAP7-1018,WAP7,ER,2016,76,139,136,82.551,3.293,1.943,92.738,78.073,60.068,902.848,328.665,1.703,77.436,22.994,3.834,63,0,Low
WAP7-1018,WAP7,ER,2016,77,139,138,83.525,3.41,2.268,89.518,78.855,62.867,889.84,329.385,1.708,73.738,24.054,4.002,62,0,Low
WAP7-1018,WAP7,ER,2016,78,139,140,85.598,3.272,2.05,93.34,78.591,61.225,892.961,318.08,1.616,74.591,23.532,4.161,61,0,Low
WAP7-1018,WAP7,ER,2016,79,139,142,85.931,3.371,2.35,91.4,77.189,62.116,885.061,331.059,1.631,73.738,22.808,4.05,60,0,Medium
WAP7-1018,WAP7,ER,2016,80,139,144,84.083,3.207,2.085,93.38,78.598,61.297,850.381,319.242,1.633,76.668,23.747,4.13,59,0,Medium
WAP7-1018,WAP7,ER,2016,81,139,146,86.651,3.084,2.238,95.575,80.183,59.305,902.001,320.614,1.561,66.706,23.808,3.97,58,0,Medium
WAP7-1018,WAP7,ER,2016,82,139,148,86.511,3.178,2.123,91.715,78.782,60.117,880.468,315.265,1.676,68.523,24.192,3.954,57,0,Medium
WAP7-1018,WAP7,ER,2016,83,139,150,84.872,3.061,1.905,94.892,76.231,63.248,921.002,317.661,1.736,65.333,23.871,4.113,56,0,Medium
WAP7-1018,WAP7,ER,2016,84,139,152,82.201,3.464,2.486,90.997,75.903,60.543,871.584,330.652,1.843,68.526,23.544,4.218,55,0,Medium
WAP7-1018,WAP7,ER,2016,85,139,154,85.45,3.39,2.523,90.547,74.186,62.84,913.501,325.764,1.718,75.253,23.726,4.303,54,0,Medium
WAP7-1018,WAP7,ER,2016,86,139,156,82.629,3.013,2.447,92.066,75.065,64.401,870.108,324.758,1.663,74.576,23.192,4.31,53,0,Medium
WAP7-1018,WAP7,ER,2016,87,139,158,86.597,3.206,2.559,90.449,78.384,61.158,872.933,338.578,1.737,64.954,23.839,4.006,52,0,Medium
WAP7-1018,WAP7,ER,2016,88,139,160,83.995,3.202,1.6,94.978,74.052,62.323,904.515,305.409,1.658,76.986,23.774,4.349,51,0,Medium
WAP7-1018,WAP7,ER,2016,89,139,162,87.037,3.335,1.982,91.474,73.841,60.493,913.151,310.477,1.632,67.787,23.623,4.185,50,0,Medium
WAP7-1018,WAP7,ER,2016,90,139,164,82.589,3.213,2.609,92.588,79.475,63.141,915.712,328.787,1.823,78.08,23.705,4.086,49,0,Medium
WAP7-1018,WAP7,ER,2016,91,139,166,83.746,3.426,2.566,94.761,79.717,56.697,881.344,316.095,1.78,66.4,23.898,4.143,48,0,Medium
WAP7-1018,WAP7,ER,2016,92,139,168,85.507,3.367,2.108,92.606,78.446,57.255,908.921,325.273,1.717,66.911,24.061,4.067,47,0,Medium
WAP7-1018,WAP7,ER,2016,93,139,170,85.497,3.295,2.354,90.258,74.869,62.989,865.756,322.495,1.798,74.489,24.245,4.085,46,0,Medium
WAP7-1018,WAP7,ER,2016,94,139,172,86.28,3.327,2.599,93.86,75.13,61.793,882.903,324.585,1.674,81.865,23.736,4.215,45,0,Medium
WAP7-1018,WAP7,ER,2016,95,139,174,84.662,3.4,2.449,94.61,81.327,66.251,883.89,322.017,1.69,79.433,23.694,4.091,44,0,Medium
WAP7-1018,WAP7,ER,2016,96,139,176,82.068,3.227,2.225,91.37,80.096,63.895,884.333,339.663,1.701,64.532,24.16,4.246,43,0,Medium
WAP7-1018,WAP7,ER,2016,97,139,178,86.368,3.132,2.421,90.37,75.643,62.146,887.665,344.259,1.618,74.857,23.983,4.378,42,0,Medium
WAP7-1018,WAP7,ER,2016,98,139,180,86.088,3.266,2.389,92.488,75.021,60.583,907.533,330.995,1.828,71.205,23.521,4.112,41,0,Medium
WAP7-1018,WAP7,ER,2016,99,139,0,86.983,3.441,2.131,88.749,80.488,62.18,891.087,340.288,1.677,71.857,23.395,4.041,40,0,Medium
WAP7-1018,WAP7,ER,2016,100,139,2,86.803,3.405,2.298,90.448,82.817,61.876,887.895,343.958,1.905,69.909,23.748,3.846,39,0,Medium
WAP7-1018,WAP7,ER,2016,101,139,4,91.8,3.085,1.932,92.431,78.641,61.147,838.995,309.165,1.64,59.73,23.612,4.201,38,0,Medium
WAP7-1018,WAP7,ER,2016,102,139,6,84.689,3.02,2.471,91.983,76.495,62.317,920.252,316.211,1.447,73.893,24.079,3.785,37,0,Medium
WAP7-1018,WAP7,ER,2016,103,139,8,85.705,3.268,2.635,90.663,77.324,63.21,899.402,334.711,1.624,68.287,23.734,3.983,36,0,Medium
WAP7-1018,WAP7,ER,2016,104,139,10,86.587,3.091,2.112,89.81,74.429,64.804,873.418,347.082,1.601,76.199,23.292,4.202,35,0,Medium
WAP7-1018,WAP7,ER,2016,105,139,12,89.062,3.518,2.119,92.464,78.984,62.219,851.636,313.565,1.735,83.537,23.628,4.218,34,0,Medium
WAP7-1018,WAP7,ER,2016,106,139,14,85.498,3.296,2.294,90.504,77.619,59.884,905.478,331.792,1.751,61.189,24.086,4.128,33,0,Medium
WAP7-1018,WAP7,ER,2016,107,139,16,85.867,3.358,2.962,92.565,77.14,60.762,898.811,320.693,1.765,72.168,23.99,3.822,32,0,Medium
WAP7-1018,WAP7,ER,2016,108,139,18,85.931,3.349,2.634,90.89,78.38,60.89,906.307,311.997,1.713,71.132,23.717,4.023,31,0,Medium
WAP7-1018,WAP7,ER,2016,109,139,20,92.572,2.456,3.129,86.836,79.007,67.81,859.225,340.401,1.501,82.049,23.927,3.408,30,1,High
WAP7-1018,WAP7,ER,2016,110,139,22,92.54,2.528,4.07,91.05,85.01,64.933,895.724,346.394,1.466,76.749,22.621,4.041,29,1,High
WAP7-1018,WAP7,ER,2016,111,139,24,95.18,2.702,3.631,86.52,85.789,69.19,839.964,345.337,1.403,66.194,23.436,3.517,28,1,High
WAP7-1018,WAP7,ER,2016,112,139,26,99.408,2.422,4.055,87.231,80.463,66.841,846.611,342.888,1.115,72.364,23.341,3.431,27,1,High
WAP7-1018,WAP7,ER,2016,113,139,28,99.796,2.631,4.409,88.031,84.917,69.707,872.583,357.859,1.275,69.917,22.997,3.52,26,1,High
WAP7-1018,WAP7,ER,2016,114,139,30,97.82,2.594,3.612,87.86,79.877,67.152,868.046,353.664,1.227,77.066,22.626,3.72,25,1,High
WAP7-1018,WAP7,ER,2016,115,139,32,96.639,2.906,4.637,89.202,81.335,69.577,870.509,355.319,1.342,67.595,22.739,3.396,24,1,High
WAP7-1018,WAP7,ER,2016,116,139,34,95.24,2.431,4.359,89.214,82.419,69.49,861.069,346.035,1.375,71.115,22.888,3.372,23,1,High
WAP7-1018,WAP7,ER,2016,117,139,36,97.605,2.74,4.795,87.165,86.115,67.39,857.446,368.675,1.354,75.369,23.236,3.204,22,1,High
WAP7-1018,WAP7,ER,2016,118,139,38,96.805,2.357,4.49,87.27,89.613,70.203,857.35,351.069,1.207,71.507,22.658,3.661,21,1,High
WAP7-1018,WAP7,ER,2016,119,139,40,102.09,2.368,4.391,86.851,85.663,73.72,853.907,365.985,1.319,72.914,22.586,2.988,20,1,High
WAP7-1018,WAP7,ER,2016,120,139,42,97.938,2.305,4.636,84.164,88.936,72.906,878.816,365.854,1.281,70.581,22.195,3.196,19,1,High
WAP7-1018,WAP7,ER,2016,121,139,44,105.428,2.44,4.966,86.555,92.063,70.534,866.098,343.747,1.139,65.043,22.338,3.177,18,1,High
WAP7-1018,WAP7,ER,2016,122,139,46,99.14,2.27,4.691,88.531,86.322,75.566,846.082,344.321,1.162,74.489,22.612,2.99,17,1,High
WAP7-1018,WAP7,ER,2016,123,139,48,100.734,2.357,4.936,85.776,87.8,71.983,835.976,366.89,1.159,79.918,21.928,3.314,16,1,High
WAP7-1018,WAP7,ER,2016,124,139,50,103.262,2.299,4.88,84.657,88.475,73.736,828.545,355.514,1.258,78.421,22.157,3.175,15,1,High
WAP7-1018,WAP7,ER,2016,125,139,52,102.059,2.07,5.08,86.294,93.896,74.999,834.968,379.467,1.262,69.1,22.233,3.193,14,1,High
WAP7-1018,WAP7,ER,2016,126,139,54,111.869,2.072,5.483,85.321,86.971,74.086,828.146,374.301,1.054,66.661,22.078,3.217,13,1,High
WAP7-1018,WAP7,ER,2016,127,139,56,110.887,2.071,5.671,83.407,94.559,72.749,848.631,383.036,1.048,77.154,22.016,3.16,12,1,High
WAP7-1018,WAP7,ER,2016,128,139,58,108.3,2.099,6.065,84.425,90.795,77.771,838.441,371.905,0.978,71.41,21.506,2.808,11,1,High
WAP7-1018,WAP7,ER,2016,129,139,60,114.232,1.978,6.455,83.277,94.212,77.329,826.736,391.093,0.964,82.007,21.29,3.05,10,1,Critical
WAP7-1018,WAP7,ER,2016,130,139,62,113.288,1.86,6.3,81.616,95.394,82.569,832.368,391.061,0.869,70.353,20.811,3.191,9,1,Critical
WAP7-1018,WAP7,ER,2016,131,139,64,114.521,1.541,6.398,80.562,95.717,82.314,807.507,374.213,0.878,72.775,21.641,2.448,8,1,Critical
WAP7-1018,WAP7,ER,2016,132,139,66,114.795,1.72,6.988,79.788,100.047,83.529,806.441,390.406,1.014,77.422,20.679,2.42,7,1,Critical
WAP7-1018,WAP7,ER,2016,133,139,68,117.224,1.858,6.886,82.658,97.48,80.619,790.998,403.273,0.798,67.931,20.95,2.655,6,1,Critical
WAP7-1018,WAP7,ER,2016,134,139,70,121.577,1.637,6.965,78.433,99.337,81.681,829.351,407.011,0.763,69.456,21.149,2.78,5,1,Critical
WAP7-1018,WAP7,ER,2016,135,139,72,126.482,1.553,7.588,77.805,105.125,83.699,818.96,397.173,0.753,72.888,21.121,2.537,4,1,Critical
WAP7-1018,WAP7,ER,2016,136,139,74,121.586,1.632,8.036,78.268,100.685,86.732,799.691,408.391,0.763,74.472,21.992,2.952,3,1,Critical
WAP7-1018,WAP7,ER,2016,137,139,76,127.686,1.378,8.102,77.759,99.978,89.117,764.191,404.492,0.62,75.198,20.741,2.889,2,1,Critical
WAP7-1018,WAP7,ER,2016,138,139,78,128.549,1.49,8.833,77.767,105.775,89.253,820.887,429.86,0.748,73.308,19.42,2.476,1,1,Critical
WAP7-1018,WAP7,ER,2016,139,139,80,128.407,0.984,8.891,73.49,104.423,94.778,789.151,410.995,0.752,67.492,20.144,2.265,0,1,Critical
WAP5-1019,WAP5,ER,2015,1,167,0,88.2,3.325,1.392,93.931,76.241,59.047,847.995,301.665,1.76,59.73,23.912,4.381,166,0,Low
WAP5-1019,WAP5,ER,2015,2,167,2,81.089,3.26,1.931,93.483,74.095,60.217,929.252,308.711,1.567,73.893,24.379,3.965,165,0,Low
WAP5-1019,WAP5,ER,2015,3,167,4,82.105,3.508,2.095,92.163,74.924,61.11,908.402,327.211,1.744,68.287,24.034,4.163,164,0,Low
WAP5-1019,WAP5,ER,2015,4,167,6,82.987,3.331,1.572,91.31,72.029,62.704,882.418,339.582,1.721,76.199,23.592,4.382,163,0,Low
WAP5-1019,WAP5,ER,2015,5,167,8,85.462,3.758,1.579,93.964,76.584,60.119,860.636,306.065,1.855,83.537,23.928,4.398,162,0,Low
WAP5-1019,WAP5,ER,2015,6,167,10,81.898,3.536,1.754,92.004,75.219,57.784,914.478,324.292,1.871,61.189,24.386,4.308,161,0,Low
WAP5-1019,WAP5,ER,2015,7,167,12,82.267,3.598,2.422,94.065,74.74,58.662,907.811,313.193,1.885,72.168,24.29,4.002,160,0,Low
WAP5-1019,WAP5,ER,2015,8,167,14,82.331,3.589,2.094,92.39,75.98,58.79,915.307,304.497,1.833,71.132,24.017,4.203,159,0,Low
WAP5-1019,WAP5,ER,2015,9,167,16,79.816,3.306,1.216,92.151,70.503,60.369,891.115,313.826,1.926,82.049,24.99,4.046,158,0,Low
WAP5-1019,WAP5,ER,2015,10,167,18,79.667,3.385,2.139,96.413,76.427,57.419,927.913,319.578,1.894,76.749,23.693,4.684,157,0,Low
WAP5-1019,WAP5,ER,2015,11,167,20,82.123,3.568,1.673,91.958,77.084,61.553,872.629,318.145,1.837,66.194,24.524,4.166,156,0,Low
WAP5-1019,WAP5,ER,2015,12,167,22,86.1,3.301,2.059,92.771,71.591,59.033,879.931,315.188,1.555,72.364,24.45,4.089,155,0,Low
WAP5-1019,WAP5,ER,2015,13,167,24,86.17,3.525,2.365,93.699,75.833,61.679,906.735,329.518,1.722,69.917,24.132,4.189,154,0,Low
WAP5-1019,WAP5,ER,2015,14,167,26,83.811,3.506,1.51,93.684,70.537,58.855,903.208,324.548,1.682,77.066,23.793,4.401,153,0,Low
WAP5-1019,WAP5,ER,2015,15,167,28,82.179,3.838,2.468,95.207,71.695,60.962,906.859,325.294,1.808,67.595,23.944,4.091,152,0,Low
WAP5-1019,WAP5,ER,2015,16,167,30,80.263,3.386,2.112,95.427,72.434,60.508,898.784,314.968,1.853,71.115,24.136,4.082,151,0,Low
WAP5-1019,WAP5,ER,2015,17,167,32,82.044,3.721,2.461,93.613,75.741,57.993,896.705,336.434,1.844,75.369,24.533,3.932,150,0,Low
WAP5-1019,WAP5,ER,2015,18,167,34,80.593,3.366,2.058,93.98,78.805,60.341,898.33,317.519,1.712,71.507,24.009,4.409,149,0,Low
WAP5-1019,WAP5,ER,2015,19,167,36,85.161,3.408,1.852,93.849,74.376,63.345,896.786,330.993,1.839,72.914,23.997,3.757,148,0,Low
WAP5-1019,WAP5,ER,2015,20,167,38,80.225,3.378,1.979,91.477,77.127,61.968,923.772,329.288,1.818,70.581,23.672,3.987,147,0,Low
WAP5-1019,WAP5,ER,2015,21,167,40,86.864,3.55,2.181,94.21,79.687,58.985,913.308,305.472,1.693,65.043,23.885,3.994,146,0,Low
WAP5-1019,WAP5,ER,2015,22,167,42,79.659,3.419,1.769,96.554,73.334,63.357,895.724,304.204,1.737,74.489,24.235,3.832,145,0,Low
WAP5-1019,WAP5,ER,2015,23,167,44,80.269,3.547,1.866,94.194,74.156,59.064,888.228,324.799,1.754,79.918,23.634,4.184,144,0,Low
WAP5-1019,WAP5,ER,2015,24,167,46,81.746,3.533,1.653,93.497,74.131,60.06,883.585,311.314,1.875,78.421,23.95,4.076,143,0,Low
WAP5-1019,WAP5,ER,2015,25,167,48,79.426,3.352,1.685,95.582,78.807,60.516,892.974,333.025,1.902,69.1,24.119,4.125,142,0,Low
WAP5-1019,WAP5,ER,2015,26,167,50,88.052,3.403,1.91,95.084,71.093,58.747,889.295,325.484,1.719,66.661,24.063,4.183,141,0,Low
WAP5-1019,WAP5,ER,2015,27,167,52,85.819,3.454,1.911,93.672,77.847,56.506,913.101,331.711,1.739,77.154,24.105,4.161,140,0,Low
WAP5-1019,WAP5,ER,2015,28,167,54,81.915,3.538,2.107,95.218,73.205,60.574,906.41,317.939,1.697,71.41,23.705,3.847,139,0,Low
WAP5-1019,WAP5,ER,2015,29,167,56,86.463,3.474,2.29,94.626,75.699,59.131,898.382,334.352,1.712,82.007,23.604,4.127,138,0,Low
WAP5-1019,WAP5,ER,2015,30,167,58,84.068,3.416,1.917,93.546,75.914,63.319,907.868,331.411,1.647,70.353,23.246,4.309,137,0,Low
WAP5-1019,WAP5,ER,2015,31,167,60,83.784,3.16,1.787,93.101,75.226,61.963,887.039,311.522,1.688,72.775,24.203,3.609,136,0,Low
WAP5-1019,WAP5,ER,2015,32,167,62,82.474,3.405,2.14,92.962,78.499,62.03,890.183,324.54,1.856,77.422,23.373,3.624,135,0,Low
WAP5-1019,WAP5,ER,2015,33,167,64,83.252,3.611,1.79,96.493,74.832,57.922,879.128,334.098,1.674,67.931,23.781,3.906,134,0,Low
WAP5-1019,WAP5,ER,2015,34,167,66,85.888,3.461,1.612,92.956,75.544,57.737,922.046,334.394,1.675,69.456,24.123,4.079,133,0,Low
WAP5-1019,WAP5,ER,2015,35,167,68,89.008,3.451,1.967,93.043,80.143,58.459,916.399,320.982,1.701,72.888,24.244,3.885,132,0,Low
WAP5-1019,WAP5,ER,2015,36,167,70,82.262,3.605,2.138,94.248,74.469,60.148,902.051,328.491,1.75,74.472,25.269,4.351,131,0,Low
WAP5-1019,WAP5,ER,2015,37,167,72,86.444,3.431,1.916,94.507,72.484,61.139,871.65,320.75,1.646,75.198,24.178,4.341,130,0,Low
WAP5-1019,WAP5,ER,2015,38,167,74,85.323,3.624,2.349,95.311,76.958,59.833,933.622,342.143,1.815,73.308,23.022,3.983,129,0,Low
WAP5-1019,WAP5,ER,2015,39,167,76,83.131,3.202,2.099,91.855,74.239,63.867,907.341,319.17,1.861,67.492,23.917,3.829,128,0,Low
WAP5-1019,WAP5,ER,2015,40,167,78,86.576,3.263,1.976,93.239,75.458,62.479,888.651,318.611,1.836,67.756,23.093,4.092,127,0,Low
WAP5-1019,WAP5,ER,2015,41,167,80,89.262,3.489,1.697,96.01,72.87,61.45,899.193,326.337,1.709,71.358,23.471,3.978,126,0,Low
WAP5-1019,WAP5,ER,2015,42,167,82,83.11,3.322,1.929,94.219,78.52,61.422,877.172,321.689,1.711,75.612,23.113,4.513,125,0,Low
WAP5-1019,WAP5,ER,2015,43,167,84,87.817,3.554,2.121,94.52,77.062,55.927,900.39,321.799,1.676,69.571,22.701,4.188,124,0,Low
WAP5-1019,WAP5,ER,2015,44,167,86,80.775,3.449,1.788,92.668,76.944,62.475,878.206,325.052,1.819,69.253,24.051,3.87,123,0,Low
WAP5-1019,WAP5,ER,2015,45,167,88,86.564,3.196,2.15,90.625,80.351,62.407,926.408,323.075,2.004,72.247,23.413,4.012,122,0,Low
WAP5-1019,WAP5,ER,2015,46,167,90,87.797,3.208,1.92,92.998,76.516,59.862,850.324,338.841,1.818,75.994,23.405,4.244,121,0,Low
WAP5-1019,WAP5,ER,2015,47,167,92,80.876,3.479,2.051,93.772,79.255,62.012,866.803,344.182,1.793,69.643,24.023,3.811,120,0,Low
WAP5-1019,WAP5,ER,2015,48,167,94,82.952,3.42,2.116,94.12,77.576,61.263,886.793,329.592,1.729,68.125,24.476,4.11,119,0,Low
WAP5-1019,WAP5,ER,2015,49,167,96,82.019,3.284,1.988,93.841,73.386,59.904,886.479,309.946,1.804,73.908,24.127,4.169,118,0,Low
WAP5-1019,WAP5,ER,2015,50,167,98,84.707,3.624,1.991,93.066,80.514,61.963,905.539,334.13,1.812,65.26,23.595,3.896,117,0,Low
WAP5-1019,WAP5,ER,2015,51,167,100,85.841,3.439,2.348,91.483,75.89,64.064,912.092,327.185,1.719,77.695,24.525,4.255,116,0,Low
WAP5-1019,WAP5,ER,2015,52,167,102,86.767,3.403,2.24,91.89,76.047,56.889,886.003,309.973,1.785,70.427,23.716,4.043,115,0,Low
WAP5-1019,WAP5,ER,2015,53,167,104,78.908,3.296,2.503,92.914,74.671,61.333,910.091,329.158,1.704,68.402,23.732,3.924,114,0,Low
WAP5-1019,WAP5,ER,2015,54,167,106,88.656,3.335,2.016,95.396,76.564,60.224,893.981,324.376,1.778,73.772,24.453,4.012,113,0,Low
WAP5-1019,WAP5,ER,2015,55,167,108,82.659,3.314,1.997,94.822,76.725,62.851,878.577,314.568,1.618,76.27,23.74,3.937,112,0,Low
WAP5-1019,WAP5,ER,2015,56,167,110,82.749,3.483,2.126,93.498,75.172,59.943,869.717,328.548,1.777,74.56,24.002,3.789,111,0,Low
WAP5-1019,WAP5,ER,2015,57,167,112,83.648,3.543,2.443,93.579,83.2,61.371,885.732,343.246,1.727,75.332,23.53,4.025,110,0,Low
WAP5-1019,WAP5,ER,2015,58,167,114,84.348,3.217,2.12,90.853,80.933,64.788,927.105,332.844,1.747,80.339,23.957,4.238,109,0,Low
WAP5-1019,WAP5,ER,2015,59,167,116,82.787,3.482,2.192,93.903,84.06,61.31,924.216,327.507,1.681,84.586,22.965,3.901,108,0,Low
WAP5-1019,WAP5,ER,2015,60,167,118,80.814,3.445,1.896,94.563,76.864,60.994,904.026,344.844,1.686,65.36,24.145,4.192,107,0,Low
WAP5-1019,WAP5,ER,2015,61,167,120,88.611,3.74,2.247,92.107,78.227,63.263,889.639,313.282,1.785,66.979,23.623,4.382,106,0,Low
WAP5-1019,WAP5,ER,2015,62,167,122,87.672,3.315,2.018,93.995,77.3,59.393,883.315,324.884,1.783,77.564,23.262,4.135,105,0,Low
WAP5-1019,WAP5,ER,2015,63,167,124,86.628,3.379,2.171,95.709,77.931,63.955,867.169,321.148,1.841,78.037,24.523,3.824,104,0,Low
WAP5-1019,WAP5,ER,2015,64,167,126,81.83,3.406,1.879,91.889,75.38,60.405,908.096,312.234,1.677,70.606,23.643,4.021,103,0,Low
WAP5-1019,WAP5,ER,2015,65,167,128,83.218,3.075,1.895,93.399,74.555,61.108,874.077,334.305,1.657,65.474,24.0,4.177,102,0,Low
WAP5-1019,WAP5,ER,2015,66,167,130,87.677,3.059,2.283,93.996,75.106,62.179,870.782,337.468,1.755,66.757,24.075,3.801,101,0,Low
WAP5-1019,WAP5,ER,2015,67,167,132,82.889,3.392,2.668,92.539,75.499,59.025,890.446,317.039,1.583,75.595,23.674,4.257,100,0,Low
WAP5-1019,WAP5,ER,2015,68,167,134,83.068,3.285,2.453,95.958,73.141,62.777,914.412,313.68,1.803,75.233,24.036,3.805,99,0,Low
WAP5-1019,WAP5,ER,2015,69,167,136,81.232,3.332,2.327,94.03,77.373,61.228,874.136,333.595,1.587,70.24,24.393,4.205,98,0,Low
WAP5-1019,WAP5,ER,2015,70,167,138,88.528,3.209,2.027,90.616,71.574,60.014,935.14,320.161,1.701,80.069,23.612,4.197,97,0,Low
WAP5-1019,WAP5,ER,2015,71,167,140,82.386,3.31,2.159,94.39,75.097,55.581,891.628,330.054,1.609,67.331,23.633,4.301,96,0,Low
WAP5-1019,WAP5,ER,2015,72,167,142,85.507,3.19,2.362,93.752,72.598,56.838,895.581,334.652,1.661,74.629,23.796,3.742,95,0,Low
WAP5-1019,WAP5,ER,2015,73,167,144,87.481,3.605,1.967,95.555,72.472,67.443,899.894,319.639,1.776,62.096,23.401,4.125,94,0,Low
WAP5-1019,WAP5,ER,2015,74,167,146,82.893,3.189,2.711,94.525,82.283,60.936,911.323,314.714,1.662,69.263,23.681,3.949,93,0,Low
WAP5-1019,WAP5,ER,2015,75,167,148,86.168,3.215,2.186,93.253,76.905,61.127,871.783,335.636,1.676,69.284,23.956,3.963,92,0,Low
WAP5-1019,WAP5,ER,2015,76,167,150,77.274,3.263,2.118,92.137,76.289,61.382,914.074,323.356,1.748,78.736,23.445,3.66,91,0,Low
WAP5-1019,WAP5,ER,2015,77,167,152,85.295,3.354,2.327,94.388,79.237,61.417,907.668,327.424,1.692,70.569,23.622,4.096,90,0,Low
WAP5-1019,WAP5,ER,2015,78,167,154,94.873,3.336,1.818,91.454,77.928,61.952,887.321,322.949,1.773,67.412,23.974,4.111,89,0,Low
WAP5-1019,WAP5,ER,2015,79,167,156,85.679,3.452,2.631,92.619,79.63,60.429,897.838,324.988,1.622,64.546,23.306,4.387,88,0,Low
WAP5-1019,WAP5,ER,2015,80,167,158,86.76,3.356,2.501,91.093,76.199,64.894,865.998,346.325,1.551,75.37,23.408,4.316,87,0,Low
WAP5-1019,WAP5,ER,2015,81,167,160,81.466,3.403,2.119,93.594,78.402,60.251,913.899,326.862,1.727,75.054,23.456,3.995,86,0,Low
WAP5-1019,WAP5,ER,2015,82,167,162,86.61,3.345,1.972,94.659,74.36,63.401,887.418,338.542,1.658,58.333,23.37,4.074,85,0,Low
WAP5-1019,WAP5,ER,2015,83,167,164,83.172,3.601,2.441,94.043,74.769,61.258,916.725,313.036,1.698,73.006,23.961,4.378,84,0,Low
WAP5-1019,WAP5,ER,2015,84,167,166,84.025,3.011,2.095,94.331,77.377,64.043,909.66,315.501,1.783,71.844,23.382,4.209,83,0,Low
WAP5-1019,WAP5,ER,2015,85,167,168,85.893,3.337,2.516,92.817,79.846,62.091,904.151,338.044,1.712,71.559,24.069,3.924,82,0,Low
WAP5-1019,WAP5,ER,2015,86,167,170,88.426,3.336,2.327,92.152,77.46,63.87,908.139,318.807,1.8,82.694,24.004,3.763,81,0,Low
WAP5-1019,WAP5,ER,2015,87,167,172,83.032,3.142,2.588,94.411,77.137,62.974,885.282,336.073,1.745,66.926,24.677,3.94,80,0,Low
WAP5-1019,WAP5,ER,2015,88,167,174,92.004,3.468,2.279,91.241,75.097,63.268,831.32,326.355,1.678,68.655,23.597,4.01,79,0,Low
WAP5-1019,WAP5,ER,2015,89,167,176,81.936,3.304,2.83,92.422,80.051,60.747,898.894,309.297,1.868,75.987,24.188,3.787,78,0,Low
WAP5-1019,WAP5,ER,2015,90,167,178,83.744,3.39,2.492,92.693,74.934,64.115,904.042,334.937,1.576,76.61,23.702,3.926,77,0,Low
WAP5-1019,WAP5,ER,2015,91,167,180,85.762,3.303,2.618,92.782,75.307,58.246,904.515,325.766,1.607,80.964,23.997,4.362,76,0,Low
WAP5-1019,WAP5,ER,2015,92,167,0,86.68,3.279,2.654,92.278,73.413,62.029,874.722,328.699,1.734,73.054,23.835,3.957,75,0,Low
WAP5-1019,WAP5,ER,2015,93,167,2,84.715,3.295,1.786,89.897,76.548,62.138,879.468,324.641,1.722,67.069,23.607,3.897,74,0,Low
WAP5-1019,WAP5,ER,2015,94,167,4,86.331,3.29,2.65,94.064,78.88,67.295,935.33,327.125,1.507,76.727,23.163,3.981,73,0,Low
WAP5-1019,WAP5,ER,2015,95,167,6,87.078,3.01,2.198,93.437,74.06,61.811,929.31,337.112,1.704,67.764,23.867,4.209,72,0,Low
WAP5-1019,WAP5,ER,2015,96,167,8,84.748,2.855,2.687,91.78,73.346,62.98,885.25,331.061,1.611,78.183,23.473,4.543,71,0,Low
WAP5-1019,WAP5,ER,2015,97,167,10,83.046,3.251,2.389,94.722,79.362,64.488,868.368,315.784,1.56,79.049,23.814,3.909,70,0,Low
WAP5-1019,WAP5,ER,2015,98,167,12,90.679,3.158,2.136,92.859,77.322,61.645,919.694,320.748,1.69,69.925,23.236,4.105,69,0,Low
WAP5-1019,WAP5,ER,2015,99,167,14,84.323,3.032,2.092,93.115,78.375,63.745,870.798,341.41,1.642,59.051,23.596,4.177,68,0,Low
WAP5-1019,WAP5,ER,2015,100,167,16,87.764,3.003,1.883,94.129,76.515,61.214,900.331,349.319,1.741,66.996,23.853,3.958,67,0,Low
WAP5-1019,WAP5,ER,2015,101,167,18,81.505,3.305,2.269,92.955,75.689,66.974,891.64,326.155,1.783,65.496,24.186,3.817,66,0,Low
WAP5-1019,WAP5,ER,2015,102,167,20,85.17,3.311,2.289,90.548,79.496,66.906,918.309,339.308,1.54,69.632,24.249,4.067,65,0,Low
WAP5-1019,WAP5,ER,2015,103,167,22,85.349,3.073,2.027,90.493,78.744,62.69,875.493,326.729,1.69,70.648,24.43,3.894,64,0,Low
WAP5-1019,WAP5,ER,2015,104,167,24,90.03,3.108,2.53,91.063,77.522,63.224,912.547,318.922,1.611,69.691,24.305,3.994,63,0,Low
WAP5-1019,WAP5,ER,2015,105,167,26,83.352,3.251,2.305,93.473,79.465,61.019,882.978,306.055,1.633,70.039,23.972,4.061,62,0,Low
WAP5-1019,WAP5,ER,2015,106,167,28,83.603,3.136,2.485,94.677,78.2,64.093,908.837,315.113,1.577,70.71,23.958,3.94,61,0,Low
WAP5-1019,WAP5,ER,2015,107,167,30,88.836,3.343,2.836,91.304,78.323,60.825,867.311,322.646,1.61,67.809,23.257,4.038,60,0,Medium
WAP5-1019,WAP5,ER,2015,108,167,32,85.632,3.102,1.765,91.304,73.144,63.759,886.117,332.58,1.668,75.914,23.378,4.22,59,0,Medium
WAP5-1019,WAP5,ER,2015,109,167,34,87.785,2.971,2.842,95.637,78.018,64.124,856.733,341.129,1.549,68.75,23.705,3.673,58,0,Medium
WAP5-1019,WAP5,ER,2015,110,167,36,87.511,3.085,2.255,91.339,77.062,63.989,873.406,334.566,1.604,83.004,23.701,3.88,57,0,Medium
WAP5-1019,WAP5,ER,2015,111,167,38,82.499,3.09,2.176,92.613,75.239,63.691,887.39,326.322,1.746,66.301,24.059,4.185,56,0,Medium
WAP5-1019,WAP5,ER,2015,112,167,40,88.729,3.131,2.282,93.953,76.392,64.098,859.593,311.455,1.656,75.462,23.766,3.75,55,0,Medium
WAP5-1019,WAP5,ER,2015,113,167,42,85.71,3.5,2.549,94.112,80.319,65.0,905.41,335.047,1.599,81.374,24.428,4.09,54,0,Medium
WAP5-1019,WAP5,ER,2015,114,167,44,87.125,3.125,2.574,91.934,81.512,61.412,897.455,323.14,1.683,74.269,24.093,4.168,53,0,Medium
WAP5-1019,WAP5,ER,2015,115,167,46,85.647,3.252,2.155,90.337,81.602,63.298,921.117,332.251,1.805,70.453,23.912,3.87,52,0,Medium
WAP5-1019,WAP5,ER,2015,116,167,48,85.324,3.109,2.792,94.999,74.121,62.12,870.869,313.289,1.637,58.967,23.356,3.934,51,0,Medium
WAP5-1019,WAP5,ER,2015,117,167,50,86.566,3.153,2.643,92.139,73.247,67.577,848.306,332.893,1.652,70.793,23.31,3.769,50,0,Medium
WAP5-1019,WAP5,ER,2015,118,167,52,82.13,3.025,2.498,93.352,76.417,62.272,886.233,328.507,1.61,74.722,23.465,4.223,49,0,Medium
WAP5-1019,WAP5,ER,2015,119,167,54,88.303,3.075,2.61,92.582,79.827,63.187,938.17,317.387,1.815,72.298,23.898,3.971,48,0,Medium
WAP5-1019,WAP5,ER,2015,120,167,56,86.773,3.073,2.286,91.926,78.331,63.295,920.892,329.714,1.637,72.764,23.782,3.961,47,0,Medium
WAP5-1019,WAP5,ER,2015,121,167,58,82.251,3.017,1.964,90.632,76.506,63.372,898.671,332.006,1.703,71.462,23.506,3.844,46,0,Medium
WAP5-1019,WAP5,ER,2015,122,167,60,88.258,3.429,2.594,90.232,69.459,59.734,866.745,349.848,1.841,72.047,24.138,3.929,45,0,Medium
WAP5-1019,WAP5,ER,2015,123,167,62,88.153,3.1,1.863,94.71,78.255,62.966,905.888,335.276,1.711,71.639,23.633,3.706,44,0,Medium
WAP5-1019,WAP5,ER,2015,124,167,64,86.077,2.984,2.531,90.368,80.169,63.571,888.683,307.222,1.703,74.552,22.78,4.128,43,0,Medium
WAP5-1019,WAP5,ER,2015,125,167,66,87.353,3.188,2.571,92.543,83.515,62.772,911.97,335.263,1.579,73.573,23.09,3.868,42,0,Medium
WAP5-1019,WAP5,ER,2015,126,167,68,93.085,3.199,1.998,92.813,75.991,62.486,903.044,323.735,1.57,71.094,23.931,3.798,41,0,Medium
WAP5-1019,WAP5,ER,2015,127,167,70,84.78,3.434,2.426,92.962,81.52,60.831,881.543,322.168,1.63,62.064,23.782,4.163,40,0,Medium
WAP5-1019,WAP5,ER,2015,128,167,72,88.029,2.822,2.814,89.521,73.887,62.466,865.941,325.88,1.57,71.864,23.672,4.119,39,0,Medium
WAP5-1019,WAP5,ER,2015,129,167,74,86.787,3.164,2.636,93.315,76.659,59.693,844.297,343.991,1.591,78.917,23.946,3.947,38,0,Medium
WAP5-1019,WAP5,ER,2015,130,167,76,89.819,3.389,2.368,92.677,79.129,61.788,897.39,333.099,1.649,71.191,22.992,3.826,37,0,Medium
WAP5-1019,WAP5,ER,2015,131,167,78,88.432,3.161,2.028,90.557,78.322,63.452,883.422,325.303,1.663,79.102,24.452,4.295,36,0,Medium
WAP5-1019,WAP5,ER,2015,132,167,80,88.66,3.282,2.351,94.838,79.721,63.103,919.112,335.458,1.519,67.634,23.632,3.909,35,0,Medium
WAP5-1019,WAP5,ER,2015,133,167,82,88.261,3.341,2.435,94.988,82.85,63.499,889.511,332.514,1.8,80.398,23.363,4.03,34,0,Medium
WAP5-1019,WAP5,ER,2015,134,167,84,86.453,3.212,2.466,92.694,77.423,65.29,914.587,327.318,1.609,77.33,23.733,4.316,33,0,Medium
WAP5-1019,WAP5,ER,2015,135,167,86,81.358,2.839,2.661,90.377,76.586,58.644,934.164,322.568,1.673,74.713,23.861,3.694,32,0,Medium
WAP5-1019,WAP5,ER,2015,136,167,88,88.127,3.043,3.156,90.811,81.787,65.022,873.454,326.769,1.584,61.537,23.761,4.209,31,0,Medium
WAP5-1019,WAP5,ER,2015,137,167,90,94.193,2.396,4.235,88.175,84.601,68.248,872.626,342.939,1.247,73.948,23.123,3.355,30,1,High
WAP5-1019,WAP5,ER,2015,138,167,92,100.539,2.277,4.581,89.183,85.141,71.759,856.434,342.35,1.176,72.226,23.038,3.389,29,1,High
WAP5-1019,WAP5,ER,2015,139,167,94,98.59,2.359,3.853,87.101,83.467,65.798,831.54,365.18,1.379,71.96,23.027,3.42,28,1,High
WAP5-1019,WAP5,ER,2015,140,167,96,93.78,2.126,4.42,87.486,88.445,71.605,844.116,347.429,1.282,66.26,22.139,3.867,27,1,High
WAP5-1019,WAP5,ER,2015,141,167,98,98.342,2.306,4.775,87.025,88.615,72.108,856.155,345.154,1.056,68.816,22.49,3.49,26,1,High
WAP5-1019,WAP5,ER,2015,142,167,100,100.502,2.279,4.578,88.604,81.744,70.115,847.468,359.338,1.268,76.143,22.488,3.161,25,1,High
WAP5-1019,WAP5,ER,2015,143,167,102,105.338,2.053,4.573,85.938,84.663,71.745,861.112,364.909,1.182,70.512,22.531,3.089,24,1,High
WAP5-1019,WAP5,ER,2015,144,167,104,104.274,1.987,4.656,87.883,89.401,70.57,861.699,356.55,1.139,65.088,22.944,3.509,23,1,High
WAP5-1019,WAP5,ER,2015,145,167,106,104.932,2.43,5.052,86.684,89.601,74.81,847.307,348.981,1.145,62.055,22.54,3.26,22,1,High
WAP5-1019,WAP5,ER,2015,146,167,108,100.477,2.455,4.785,88.348,87.713,73.669,839.445,347.434,1.211,69.297,22.241,3.099,21,1,High
WAP5-1019,WAP5,ER,2015,147,167,110,103.757,2.105,5.712,83.406,89.668,70.519,861.951,350.737,1.02,70.623,22.783,3.503,20,1,High
WAP5-1019,WAP5,ER,2015,148,167,112,104.68,2.466,4.718,86.104,89.347,73.182,854.682,354.289,1.097,71.927,21.965,3.158,19,1,High
WAP5-1019,WAP5,ER,2015,149,167,114,107.099,2.275,5.296,83.168,88.507,75.191,817.254,371.051,1.129,72.132,22.06,3.175,18,1,High
WAP5-1019,WAP5,ER,2015,150,167,116,102.262,2.019,5.272,85.31,86.871,74.4,826.132,364.622,1.159,69.836,21.963,3.347,17,1,High
WAP5-1019,WAP5,ER,2015,151,167,118,106.265,2.195,5.324,83.196,93.881,77.305,873.792,371.592,1.047,79.671,21.905,3.138,16,1,High
WAP5-1019,WAP5,ER,2015,152,167,120,103.384,1.865,5.429,84.048,91.989,77.046,824.023,373.369,0.957,81.03,21.278,2.853,15,1,High
WAP5-1019,WAP5,ER,2015,153,167,122,108.483,1.939,5.839,81.824,94.183,75.571,818.521,389.678,0.948,69.563,21.755,3.387,14,1,High
WAP5-1019,WAP5,ER,2015,154,167,124,112.103,2.028,5.948,82.675,93.799,79.899,835.23,376.288,1.01,77.443,22.425,2.937,13,1,High
WAP5-1019,WAP5,ER,2015,155,167,126,109.199,1.94,6.718,82.979,96.731,81.657,843.972,384.48,0.948,68.383,21.995,2.707,12,1,High
WAP5-1019,WAP5,ER,2015,156,167,128,112.09,1.692,6.33,80.844,99.066,81.347,822.553,387.842,0.79,75.24,20.957,2.999,11,1,High
WAP5-1019,WAP5,ER,2015,157,167,130,113.035,1.547,7.276,82.613,92.007,78.993,806.744,381.514,1.02,72.182,21.845,2.712,10,1,Critical
WAP5-1019,WAP5,ER,2015,158,167,132,114.74,1.431,7.286,77.078,96.038,83.937,796.968,393.541,0.923,72.336,20.748,2.638,9,1,Critical
WAP5-1019,WAP5,ER,2015,159,167,134,119.185,1.574,7.074,80.259,97.072,87.062,791.82,379.877,0.874,73.489,20.934,2.323,8,1,Critical
WAP5-1019,WAP5,ER,2015,160,167,136,117.99,1.498,7.133,78.868,97.96,85.202,815.731,398.336,0.778,69.79,20.957,2.986,7,1,Critical
WAP5-1019,WAP5,ER,2015,161,167,138,125.366,1.621,8.057,79.998,98.032,88.316,826.987,416.704,0.817,66.542,19.877,2.719,6,1,Critical
WAP5-1019,WAP5,ER,2015,162,167,140,119.953,1.516,7.851,79.052,99.975,90.481,780.048,391.606,0.745,71.305,20.677,2.546,5,1,Critical
WAP5-1019,WAP5,ER,2015,163,167,142,124.298,1.344,8.152,79.193,103.624,88.282,773.55,400.165,0.649,77.254,20.371,2.723,4,1,Critical
WAP5-1019,WAP5,ER,2015,164,167,144,124.618,1.125,7.978,73.28,104.196,89.92,792.75,405.047,0.558,75.749,20.545,2.592,3,1,Critical
WAP5-1019,WAP5,ER,2015,165,167,146,125.597,1.031,8.688,73.12,104.429,90.535,810.141,408.665,0.56,71.027,20.85,2.499,2,1,Critical
WAP5-1019,WAP5,ER,2015,166,167,148,133.66,1.271,9.0,75.475,107.456,92.759,813.257,428.672,0.5,82.196,19.457,2.193,1,1,Critical
WAP5-1019,WAP5,ER,2015,167,167,150,135.711,0.802,9.0,72.234,108.29,92.841,770.398,428.601,0.747,70.506,19.427,2.417,0,1,Critical
WAP7-1020,WAP7,NR,2015,1,183,-22,77.905,3.545,1.729,94.455,73.289,64.874,900.64,318.655,1.903,65.496,24.486,3.997,182,0,Low
WAP7-1020,WAP7,NR,2015,2,183,-20,81.57,3.551,1.749,92.048,77.096,64.806,927.309,331.808,1.66,69.632,24.549,4.247,181,0,Low
WAP7-1020,WAP7,NR,2015,3,183,-18,81.749,3.313,1.487,91.993,76.344,60.59,884.493,319.229,1.81,70.648,24.73,4.074,180,0,Low
WAP7-1020,WAP7,NR,2015,4,183,-16,86.43,3.348,1.99,92.563,75.122,61.124,921.547,311.422,1.731,69.691,24.605,4.174,179,0,Low
WAP7-1020,WAP7,NR,2015,5,183,-14,79.752,3.491,1.765,94.973,77.065,58.919,891.978,298.555,1.753,70.039,24.272,4.241,178,0,Low
WAP7-1020,WAP7,NR,2015,6,183,-12,80.003,3.376,1.945,96.177,75.8,61.993,917.837,307.613,1.697,70.71,24.258,4.12,177,0,Low
WAP7-1020,WAP7,NR,2015,7,183,-10,85.236,3.583,2.296,92.804,75.923,58.725,876.311,315.146,1.73,67.809,23.557,4.218,176,0,Low
WAP7-1020,WAP7,NR,2015,8,183,-8,82.032,3.342,1.225,92.804,70.744,61.659,895.117,325.08,1.788,75.914,23.678,4.4,175,0,Low
WAP7-1020,WAP7,NR,2015,9,183,-6,84.185,3.211,2.302,97.137,75.618,62.024,865.733,333.629,1.669,68.75,24.005,3.853,174,0,Low
WAP7-1020,WAP7,NR,2015,10,183,-4,83.911,3.325,1.715,92.839,74.662,61.889,882.406,327.066,1.724,83.004,24.001,4.06,173,0,Low
WAP7-1020,WAP7,NR,2015,11,183,-2,78.899,3.33,1.636,94.113,72.839,61.591,896.39,318.822,1.866,66.301,24.359,4.365,172,0,Low
WAP7-1020,WAP7,NR,2015,12,183,0,85.129,3.371,1.742,95.453,73.992,61.998,868.593,303.955,1.776,75.462,24.066,3.93,171,0,Low
WAP7-1020,WAP7,NR,2015,13,183,2,82.11,3.74,2.009,95.612,77.919,62.9,914.41,327.547,1.719,81.374,24.728,4.27,170,0,Low
WAP7-1020,WAP7,NR,2015,14,183,4,83.525,3.365,2.034,93.434,79.112,59.312,906.455,315.64,1.803,74.269,24.393,4.348,169,0,Low
WAP7-1020,WAP7,NR,2015,15,183,6,82.047,3.492,1.615,91.837,79.202,61.198,930.117,324.751,1.925,70.453,24.212,4.05,168,0,Low
WAP7-1020,WAP7,NR,2015,16,183,8,81.724,3.349,2.252,96.499,71.721,60.02,879.869,305.789,1.757,58.967,23.656,4.114,167,0,Low
WAP7-1020,WAP7,NR,2015,17,183,10,82.966,3.393,2.103,93.639,70.847,65.477,857.306,325.393,1.772,70.793,23.61,3.949,166,0,Low
WAP7-1020,WAP7,NR,2015,18,183,12,78.53,3.265,1.958,94.852,74.017,60.172,895.233,321.007,1.73,74.722,23.765,4.403,165,0,Low
WAP7-1020,WAP7,NR,2015,19,183,14,84.703,3.315,2.07,94.082,77.427,61.087,947.17,309.887,1.935,72.298,24.198,4.151,164,0,Low
WAP7-1020,WAP7,NR,2015,20,183,16,83.173,3.313,1.746,93.426,75.931,61.195,929.892,322.214,1.757,72.764,24.082,4.141,163,0,Low
WAP7-1020,WAP7,NR,2015,21,183,18,78.651,3.257,1.424,92.132,74.106,61.272,907.671,324.506,1.823,71.462,23.806,4.024,162,0,Low
WAP7-1020,WAP7,NR,2015,22,183,20,84.658,3.669,2.054,91.732,67.059,57.634,875.745,342.348,1.961,72.047,24.438,4.109,161,0,Low
WAP7-1020,WAP7,NR,2015,23,183,22,84.553,3.34,1.323,96.21,75.855,60.866,914.888,327.776,1.831,71.639,23.933,3.886,160,0,Low
WAP7-1020,WAP7,NR,2015,24,183,24,82.477,3.224,1.991,91.868,77.769,61.471,897.683,299.722,1.823,74.552,23.08,4.308,159,0,Low
WAP7-1020,WAP7,NR,2015,25,183,26,83.753,3.428,2.031,94.043,81.115,60.672,920.97,327.763,1.699,73.573,23.39,4.048,158,0,Low
WAP7-1020,WAP7,NR,2015,26,183,28,89.485,3.439,1.458,94.313,73.591,60.386,912.044,316.235,1.69,71.094,24.231,3.978,157,0,Low
WAP7-1020,WAP7,NR,2015,27,183,30,81.18,3.674,1.886,94.462,79.12,58.731,890.543,314.668,1.75,62.064,24.082,4.343,156,0,Low
WAP7-1020,WAP7,NR,2015,28,183,32,84.429,3.062,2.274,91.021,71.487,60.366,874.941,318.38,1.69,71.864,23.972,4.299,155,0,Low
WAP7-1020,WAP7,NR,2015,29,183,34,83.187,3.404,2.096,94.815,74.259,57.593,853.297,336.491,1.711,78.917,24.246,4.127,154,0,Low
WAP7-1020,WAP7,NR,2015,30,183,36,86.219,3.629,1.828,94.177,76.729,59.688,906.39,325.599,1.769,71.191,23.292,4.006,153,0,Low
WAP7-1020,WAP7,NR,2015,31,183,38,84.832,3.401,1.488,92.057,75.922,61.352,892.422,317.803,1.783,79.102,24.752,4.475,152,0,Low
WAP7-1020,WAP7,NR,2015,32,183,40,85.06,3.522,1.811,96.338,77.321,61.003,928.112,327.958,1.639,67.634,23.932,4.089,151,0,Low
WAP7-1020,WAP7,NR,2015,33,183,42,84.661,3.581,1.895,96.488,80.45,61.399,898.511,325.014,1.92,80.398,23.663,4.21,150,0,Low
WAP7-1020,WAP7,NR,2015,34,183,44,82.853,3.452,1.926,94.194,75.023,63.19,923.587,319.818,1.729,77.33,24.033,4.496,149,0,Low
WAP7-1020,WAP7,NR,2015,35,183,46,77.758,3.079,2.121,91.877,74.186,56.544,943.164,315.068,1.793,74.713,24.161,3.874,148,0,Low
WAP7-1020,WAP7,NR,2015,36,183,48,84.527,3.283,2.616,92.311,79.387,62.922,882.454,319.269,1.704,61.537,24.061,4.389,147,0,Low
WAP7-1020,WAP7,NR,2015,37,183,50,79.085,3.403,1.968,94.47,74.529,59.435,910.396,311.464,1.75,73.948,24.382,4.11,146,0,Low
WAP7-1020,WAP7,NR,2015,38,183,52,85.314,3.291,2.297,95.526,74.991,62.873,894.503,310.633,1.683,72.226,24.307,4.149,145,0,Low
WAP7-1020,WAP7,NR,2015,39,183,54,83.181,3.382,1.541,93.52,73.194,56.789,870.086,333.089,1.891,71.96,24.311,4.187,144,0,Low
WAP7-1020,WAP7,NR,2015,40,183,56,78.12,3.162,2.071,94.006,78.005,62.425,883.316,314.829,1.8,66.26,23.444,4.643,143,0,Low
WAP7-1020,WAP7,NR,2015,41,183,58,82.365,3.356,2.379,93.673,77.964,62.708,896.188,311.912,1.581,68.816,23.821,4.276,142,0,Low
WAP7-1020,WAP7,NR,2015,42,183,60,84.14,3.347,2.123,95.408,70.836,60.446,888.51,325.321,1.802,76.143,23.851,3.959,141,0,Low
WAP7-1020,WAP7,NR,2015,43,183,62,88.526,3.142,2.051,92.923,73.455,61.758,903.342,329.984,1.726,70.512,23.932,3.902,140,0,Low
WAP7-1020,WAP7,NR,2015,44,183,64,86.945,3.099,2.056,95.076,77.848,60.216,905.295,320.583,1.695,65.088,24.388,4.337,139,0,Low
WAP7-1020,WAP7,NR,2015,45,183,66,87.019,3.567,2.365,94.112,77.658,64.041,892.446,311.84,1.714,62.055,24.032,4.106,138,0,Low
WAP7-1020,WAP7,NR,2015,46,183,68,81.913,3.621,2.001,96.038,75.337,62.435,886.305,308.984,1.794,69.297,23.788,3.964,137,0,Low
WAP7-1020,WAP7,NR,2015,47,183,70,84.476,3.301,2.819,91.385,76.813,58.771,910.71,310.845,1.618,70.623,24.39,4.39,136,0,Low
WAP7-1020,WAP7,NR,2015,48,183,72,84.615,3.696,1.709,94.397,75.97,60.873,905.518,312.822,1.712,71.927,23.638,4.068,135,0,Low
WAP7-1020,WAP7,NR,2015,49,183,74,86.183,3.542,2.159,91.803,74.563,62.27,870.344,327.876,1.762,72.132,23.803,4.108,134,0,Low
WAP7-1020,WAP7,NR,2015,50,183,76,80.428,3.324,1.997,94.313,72.315,60.819,881.654,319.605,1.811,69.836,23.783,4.308,133,0,Low
WAP7-1020,WAP7,NR,2015,51,183,78,83.447,3.542,1.901,92.594,78.67,63.015,931.924,324.6,1.72,79.671,23.807,4.126,132,0,Low
WAP7-1020,WAP7,NR,2015,52,183,80,79.516,3.256,1.849,93.868,76.077,61.998,884.943,324.269,1.652,81.03,23.267,3.872,131,0,Low
WAP7-1020,WAP7,NR,2015,53,183,82,83.498,3.377,2.091,92.092,77.526,59.716,882.406,338.337,1.667,69.563,23.837,4.437,130,0,Low
WAP7-1020,WAP7,NR,2015,54,183,84,85.933,3.516,2.022,93.419,76.353,63.188,902.259,322.571,1.754,77.443,24.606,4.02,129,0,Low
WAP7-1020,WAP7,NR,2015,55,183,86,81.779,3.48,2.605,94.224,78.451,64.042,914.322,328.255,1.718,68.383,24.28,3.826,128,0,Low
WAP7-1020,WAP7,NR,2015,56,183,88,83.353,3.287,2.02,92.618,79.907,62.779,896.402,328.976,1.587,75.24,23.352,4.155,127,0,Low
WAP7-1020,WAP7,NR,2015,57,183,90,82.913,3.199,2.758,94.941,71.927,59.422,884.269,319.872,1.846,72.182,24.355,3.907,126,0,Low
WAP7-1020,WAP7,NR,2015,58,183,92,83.168,3.144,2.55,89.988,74.99,63.315,878.348,328.991,1.78,72.336,23.379,3.873,125,0,Low
WAP7-1020,WAP7,NR,2015,59,183,94,86.096,3.349,2.111,93.778,75.013,65.34,877.232,312.285,1.762,73.489,23.692,3.601,124,0,Low
WAP7-1020,WAP7,NR,2015,60,183,96,83.316,3.339,1.932,93.021,74.844,62.331,905.353,327.57,1.699,69.79,23.846,4.308,123,0,Low
WAP7-1020,WAP7,NR,2015,61,183,98,89.042,3.531,2.609,94.813,73.816,64.247,920.997,342.629,1.772,66.542,22.904,4.087,122,0,Low
WAP7-1020,WAP7,NR,2015,62,183,100,81.912,3.496,2.144,94.555,74.614,65.165,878.623,314.089,1.736,71.305,23.847,3.962,121,0,Low
WAP7-1020,WAP7,NR,2015,63,183,102,84.473,3.398,2.178,95.411,77.074,61.67,876.869,319.073,1.676,77.254,23.69,4.189,120,0,Low
WAP7-1020,WAP7,NR,2015,64,183,104,82.942,3.255,1.726,90.24,76.412,61.964,900.99,320.247,1.623,75.749,24.018,4.109,119,0,Low
WAP7-1020,WAP7,NR,2015,65,183,106,82.004,3.24,2.149,90.848,75.366,61.185,923.48,320.024,1.665,71.027,24.482,4.069,118,0,Low
WAP7-1020,WAP7,NR,2015,66,183,108,88.083,3.562,2.325,93.998,77.071,61.967,931.872,336.055,1.58,82.196,23.255,3.818,117,0,Low
WAP7-1020,WAP7,NR,2015,67,183,110,88.083,3.177,2.001,91.579,76.538,60.558,894.468,331.876,1.934,70.506,23.396,4.098,116,0,Low
WAP7-1020,WAP7,NR,2015,68,183,112,80.898,3.148,2.419,93.575,71.455,61.437,856.509,294.987,1.51,68.415,22.953,4.274,115,0,Low
WAP7-1020,WAP7,NR,2015,69,183,114,87.255,3.309,2.034,93.655,80.069,58.43,935.707,343.375,1.753,74.728,24.295,3.929,114,0,Low
WAP7-1020,WAP7,NR,2015,70,183,116,86.015,3.182,2.135,94.826,79.1,58.743,871.724,329.34,1.688,66.768,24.119,4.062,113,0,Low
WAP7-1020,WAP7,NR,2015,71,183,118,84.015,3.45,2.068,92.994,73.102,58.24,920.306,335.489,1.589,79.304,23.423,3.999,112,0,Low
WAP7-1020,WAP7,NR,2015,72,183,120,82.822,3.172,2.347,93.984,74.693,62.316,877.266,321.659,1.682,71.305,23.986,4.272,111,0,Low
WAP7-1020,WAP7,NR,2015,73,183,122,81.879,3.414,2.06,94.91,74.846,61.357,865.707,337.675,1.685,82.842,23.252,4.396,110,0,Low
WAP7-1020,WAP7,NR,2015,74,183,124,76.352,3.137,2.422,92.839,77.818,63.223,883.155,328.587,1.605,69.285,23.977,3.635,109,0,Low
WAP7-1020,WAP7,NR,2015,75,183,126,84.597,3.426,1.975,94.101,79.056,62.287,896.389,308.749,1.493,63.13,23.574,4.24,108,0,Low
WAP7-1020,WAP7,NR,2015,76,183,128,89.149,3.313,1.68,95.306,78.127,62.416,872.641,335.368,1.787,75.75,23.985,3.987,107,0,Low
WAP7-1020,WAP7,NR,2015,77,183,130,84.854,3.582,2.88,92.91,81.256,64.926,885.559,335.166,1.689,70.248,23.572,3.81,106,0,Low
WAP7-1020,WAP7,NR,2015,78,183,132,82.945,3.21,1.959,90.188,75.628,62.573,891.215,330.059,1.725,73.607,23.859,4.18,105,0,Low
WAP7-1020,WAP7,NR,2015,79,183,134,85.925,3.356,2.477,94.239,80.045,59.941,904.963,331.314,1.625,72.739,23.557,4.049,104,0,Low
WAP7-1020,WAP7,NR,2015,80,183,136,81.031,3.29,1.926,93.674,79.64,59.404,895.4,318.879,1.739,66.858,23.887,4.063,103,0,Low
WAP7-1020,WAP7,NR,2015,81,183,138,86.435,3.382,2.352,93.928,78.509,64.195,874.562,335.423,1.635,67.264,23.498,4.68,102,0,Low
WAP7-1020,WAP7,NR,2015,82,183,140,85.608,3.519,2.687,92.73,77.314,59.842,864.676,339.349,1.757,72.726,23.869,3.954,101,0,Low
WAP7-1020,WAP7,NR,2015,83,183,142,90.04,3.28,2.248,93.079,79.614,60.474,898.552,334.4,1.873,74.585,23.048,4.063,100,0,Low
WAP7-1020,WAP7,NR,2015,84,183,144,84.408,3.428,1.721,91.318,72.251,62.61,870.076,329.816,1.635,69.738,24.432,4.273,99,0,Low
WAP7-1020,WAP7,NR,2015,85,183,146,86.783,3.1,2.009,92.802,72.017,58.755,858.319,319.52,1.511,69.557,23.268,3.963,98,0,Low
WAP7-1020,WAP7,NR,2015,86,183,148,87.401,3.28,2.785,91.817,76.295,60.087,861.75,331.285,1.704,62.631,23.501,4.104,97,0,Low
WAP7-1020,WAP7,NR,2015,87,183,150,83.004,3.321,2.311,92.524,75.811,61.995,903.309,302.127,1.484,68.238,23.298,4.022,96,0,Low
WAP7-1020,WAP7,NR,2015,88,183,152,82.347,3.374,2.783,92.067,76.181,59.006,902.561,326.154,1.672,76.798,23.37,4.249,95,0,Low
WAP7-1020,WAP7,NR,2015,89,183,154,85.01,3.183,2.389,93.151,74.943,59.911,907.495,328.281,1.513,78.876,23.885,3.954,94,0,Low
WAP7-1020,WAP7,NR,2015,90,183,156,78.541,3.399,1.878,94.12,78.23,65.415,880.749,319.963,1.623,77.965,24.397,3.938,93,0,Low
WAP7-1020,WAP7,NR,2015,91,183,158,82.483,3.149,2.55,93.785,73.407,62.019,855.283,329.567,1.76,70.744,23.286,4.225,92,0,Low
WAP7-1020,WAP7,NR,2015,92,183,160,83.858,3.461,2.597,93.129,81.419,63.748,877.635,353.898,1.674,68.256,23.065,3.949,91,0,Low
WAP7-1020,WAP7,NR,2015,93,183,162,82.592,2.822,1.916,90.42,72.846,62.753,868.334,317.921,1.631,73.01,23.721,3.828,90,0,Low
WAP7-1020,WAP7,NR,2015,94,183,164,86.383,3.323,2.332,92.902,77.64,64.074,875.006,323.495,1.764,66.698,23.471,4.023,89,0,Low
WAP7-1020,WAP7,NR,2015,95,183,166,82.529,3.419,1.781,91.928,79.01,60.332,925.263,333.153,1.713,76.693,23.494,4.313,88,0,Low
WAP7-1020,WAP7,NR,2015,96,183,168,78.443,3.34,2.392,94.121,76.93,61.866,868.156,327.846,1.652,64.72,23.679,4.238,87,0,Low
WAP7-1020,WAP7,NR,2015,97,183,170,88.277,3.123,2.125,93.382,78.208,62.165,876.802,325.126,1.673,77.798,23.311,4.249,86,0,Low
WAP7-1020,WAP7,NR,2015,98,183,172,84.63,3.076,2.693,92.133,77.994,60.281,876.674,317.327,1.762,77.591,23.759,4.04,85,0,Low
WAP7-1020,WAP7,NR,2015,99,183,174,87.955,3.026,3.068,91.741,75.156,62.319,878.259,327.512,1.596,73.354,25.025,3.905,84,0,Low
WAP7-1020,WAP7,NR,2015,100,183,176,82.697,3.217,2.522,90.104,79.592,66.864,883.151,330.832,1.579,74.602,23.748,3.793,83,0,Low
WAP7-1020,WAP7,NR,2015,101,183,178,84.823,3.366,2.246,92.211,76.832,63.606,898.203,327.48,1.676,70.489,23.687,4.168,82,0,Low
WAP7-1020,WAP7,NR,2015,102,183,180,79.393,3.14,2.427,92.539,79.276,62.654,912.253,338.395,1.572,70.541,23.736,3.814,81,0,Low
WAP7-1020,WAP7,NR,2015,103,183,0,85.027,3.427,2.631,92.015,78.787,65.475,889.67,336.623,1.643,76.993,23.178,4.195,80,0,Low
WAP7-1020,WAP7,NR,2015,104,183,2,86.18,3.191,1.946,94.998,75.745,59.573,878.319,336.018,1.739,68.64,24.396,4.033,79,0,Low
WAP7-1020,WAP7,NR,2015,105,183,4,87.81,3.193,2.227,90.685,78.097,62.631,890.587,320.77,1.561,69.558,23.239,3.928,78,0,Low
WAP7-1020,WAP7,NR,2015,106,183,6,79.373,3.34,2.216,91.653,73.482,62.331,959.849,323.654,1.646,74.647,23.856,4.002,77,0,Low
WAP7-1020,WAP7,NR,2015,107,183,8,88.77,3.175,2.618,91.773,81.738,63.255,874.099,327.449,1.753,70.868,23.911,3.895,76,0,Low
WAP7-1020,WAP7,NR,2015,108,183,10,85.508,3.294,2.156,93.098,76.301,62.151,914.21,324.595,1.627,72.055,23.99,4.154,75,0,Low
WAP7-1020,WAP7,NR,2015,109,183,12,91.335,3.313,2.241,91.531,75.818,62.007,904.268,319.915,1.772,80.429,24.494,3.63,74,0,Low
WAP7-1020,WAP7,NR,2015,110,183,14,87.353,3.541,2.154,92.507,75.189,61.941,911.944,311.828,1.661,62.542,23.689,3.788,73,0,Low
WAP7-1020,WAP7,NR,2015,111,183,16,85.032,3.234,2.431,93.14,77.943,60.202,910.478,317.539,1.615,71.703,23.812,3.882,72,0,Low
WAP7-1020,WAP7,NR,2015,112,183,18,81.543,3.421,2.442,90.041,75.721,65.333,874.834,332.929,1.635,74.526,23.615,4.079,71,0,Low
WAP7-1020,WAP7,NR,2015,113,183,20,81.808,3.145,2.701,93.016,80.11,63.224,896.599,325.893,1.611,68.62,23.024,4.069,70,0,Low
WAP7-1020,WAP7,NR,2015,114,183,22,86.645,3.167,2.654,93.678,76.328,58.861,894.831,330.706,1.584,78.948,22.923,4.131,69,0,Low
WAP7-1020,WAP7,NR,2015,115,183,24,88.854,3.333,2.234,90.852,75.465,66.386,916.431,320.28,1.637,73.89,23.123,3.964,68,0,Low
WAP7-1020,WAP7,NR,2015,116,183,26,82.635,3.277,2.641,93.104,77.887,63.803,870.313,344.847,1.699,76.134,23.368,4.077,67,0,Low
WAP7-1020,WAP7,NR,2015,117,183,28,87.904,3.468,2.577,91.224,76.066,62.565,890.385,326.203,1.544,67.125,23.237,4.087,66,0,Low
WAP7-1020,WAP7,NR,2015,118,183,30,85.588,3.156,2.285,92.425,81.742,60.399,866.459,346.901,1.759,70.9,23.391,4.027,65,0,Low
WAP7-1020,WAP7,NR,2015,119,183,32,84.776,3.303,1.986,90.353,77.002,64.232,855.877,333.908,1.574,70.609,23.714,3.923,64,0,Low
WAP7-1020,WAP7,NR,2015,120,183,34,87.731,3.224,2.157,91.014,77.402,63.553,910.881,336.99,1.665,68.616,23.381,4.126,63,0,Low
WAP7-1020,WAP7,NR,2015,121,183,36,86.962,3.196,2.239,89.299,76.491,60.523,882.893,334.79,1.545,74.52,22.908,4.009,62,0,Low
WAP7-1020,WAP7,NR,2015,122,183,38,84.177,3.157,2.072,93.267,78.665,65.344,880.562,324.962,1.79,76.416,23.686,4.053,61,0,Low
WAP7-1020,WAP7,NR,2015,123,183,40,86.593,3.332,2.613,92.081,82.411,64.144,901.307,327.842,1.691,72.584,23.207,4.186,60,0,Medium
WAP7-1020,WAP7,NR,2015,124,183,42,84.463,3.062,2.785,89.334,76.084,60.777,859.502,333.852,1.633,74.724,23.563,4.1,59,0,Medium
WAP7-1020,WAP7,NR,2015,125,183,44,82.503,3.48,2.871,93.5,75.158,61.161,893.322,306.88,1.607,81.87,23.021,3.653,58,0,Medium
WAP7-1020,WAP7,NR,2015,126,183,46,88.823,3.309,2.967,92.836,79.025,62.394,905.258,339.588,1.68,66.092,23.769,4.282,57,0,Medium
WAP7-1020,WAP7,NR,2015,127,183,48,82.887,3.205,2.692,91.168,81.734,67.383,889.755,310.299,1.666,63.401,24.145,3.982,56,0,Medium
WAP7-1020,WAP7,NR,2015,128,183,50,85.039,3.064,2.676,90.268,76.395,64.817,874.906,338.091,1.514,73.899,23.549,3.986,55,0,Medium
WAP7-1020,WAP7,NR,2015,129,183,52,91.11,3.052,2.108,92.077,78.709,62.645,888.082,324.862,1.809,72.373,24.199,3.98,54,0,Medium
WAP7-1020,WAP7,NR,2015,130,183,54,86.997,3.239,2.117,91.168,78.943,61.868,862.107,325.301,1.704,73.252,23.631,3.836,53,0,Medium
WAP7-1020,WAP7,NR,2015,131,183,56,84.165,3.297,2.792,94.149,78.121,61.099,895.873,332.813,1.743,71.113,22.996,4.249,52,0,Medium
WAP7-1020,WAP7,NR,2015,132,183,58,87.283,3.171,2.398,93.0,78.006,65.278,890.764,320.101,1.663,70.441,22.882,4.133,51,0,Medium
WAP7-1020,WAP7,NR,2015,133,183,60,89.373,3.328,2.437,90.938,76.341,59.47,910.612,336.442,1.68,63.093,23.281,4.252,50,0,Medium
WAP7-1020,WAP7,NR,2015,134,183,62,90.393,3.234,2.869,93.313,83.756,63.685,896.522,323.365,1.509,78.583,23.884,4.056,49,0,Medium
WAP7-1020,WAP7,NR,2015,135,183,64,91.935,3.409,2.992,89.647,76.39,61.066,896.552,335.613,1.654,76.792,23.76,4.288,48,0,Medium
WAP7-1020,WAP7,NR,2015,136,183,66,84.241,3.271,2.622,89.65,78.524,64.278,930.462,343.042,1.597,68.085,23.56,3.796,47,0,Medium
WAP7-1020,WAP7,NR,2015,137,183,68,85.189,3.381,2.947,92.286,81.424,62.748,851.859,326.769,1.665,72.142,23.163,4.119,46,0,Medium
WAP7-1020,WAP7,NR,2015,138,183,70,86.849,3.164,2.462,91.061,77.037,62.954,868.745,320.558,1.593,62.644,23.973,3.982,45,0,Medium
WAP7-1020,WAP7,NR,2015,139,183,72,81.615,2.96,2.367,94.574,79.749,64.549,838.365,324.309,1.704,77.365,23.57,3.682,44,0,Medium
WAP7-1020,WAP7,NR,2015,140,183,74,93.607,3.277,2.921,93.318,76.918,61.476,871.109,336.864,1.442,69.018,24.282,4.062,43,0,Medium
WAP7-1020,WAP7,NR,2015,141,183,76,84.001,3.007,2.849,92.752,80.721,63.942,862.075,315.074,1.65,64.596,23.655,3.882,42,0,Medium
WAP7-1020,WAP7,NR,2015,142,183,78,87.622,2.944,2.896,91.432,76.618,63.488,898.437,328.124,1.596,72.524,22.755,4.037,41,0,Medium
WAP7-1020,WAP7,NR,2015,143,183,80,87.388,3.329,2.488,91.269,80.525,61.539,908.482,327.586,1.626,66.912,23.404,3.727,40,0,Medium
WAP7-1020,WAP7,NR,2015,144,183,82,84.618,3.042,2.679,92.356,76.367,64.051,885.997,327.36,1.675,78.656,23.981,3.808,39,0,Medium
WAP7-1020,WAP7,NR,2015,145,183,84,89.629,3.381,2.563,93.052,81.942,61.204,908.022,321.807,1.669,74.46,23.655,3.975,38,0,Medium
WAP7-1020,WAP7,NR,2015,146,183,86,83.024,3.096,2.685,87.944,75.299,62.841,884.857,339.449,1.579,71.722,23.296,3.747,37,0,Medium
WAP7-1020,WAP7,NR,2015,147,183,88,90.727,3.128,2.505,91.917,73.33,61.285,886.885,331.434,1.624,71.677,23.192,3.794,36,0,Medium
WAP7-1020,WAP7,NR,2015,148,183,90,91.87,3.18,3.0,90.547,77.822,67.285,920.909,332.119,1.535,79.743,22.87,3.999,35,0,Medium
WAP7-1020,WAP7,NR,2015,149,183,92,87.354,3.12,2.088,90.224,78.378,60.299,868.112,326.654,1.625,83.156,23.559,3.612,34,0,Medium
WAP7-1020,WAP7,NR,2015,150,183,94,85.456,3.135,2.764,90.006,76.495,60.789,913.828,345.612,1.471,68.832,23.995,3.932,33,0,Medium
WAP7-1020,WAP7,NR,2015,151,183,96,85.921,3.039,2.731,93.162,78.153,65.774,872.37,332.459,1.622,75.059,23.456,3.619,32,0,Medium
WAP7-1020,WAP7,NR,2015,152,183,98,85.681,3.163,2.306,91.444,75.372,58.92,870.447,329.701,1.626,80.853,23.092,3.964,31,0,Medium
WAP7-1020,WAP7,NR,2015,153,183,100,102.419,2.412,4.55,86.164,88.348,69.944,834.877,348.468,1.298,66.934,22.998,3.415,30,1,High
WAP7-1020,WAP7,NR,2015,154,183,102,97.427,2.021,5.115,86.163,88.02,71.622,851.041,356.399,1.066,70.848,22.669,3.458,29,1,High
WAP7-1020,WAP7,NR,2015,155,183,104,104.971,2.162,3.78,85.945,90.927,76.017,850.288,356.854,1.196,73.53,22.677,3.31,28,1,High
WAP7-1020,WAP7,NR,2015,156,183,106,103.621,2.353,4.493,87.401,89.346,70.071,835.396,370.435,1.147,65.746,22.149,3.125,27,1,High
WAP7-1020,WAP7,NR,2015,157,183,108,98.774,2.349,4.756,85.227,88.855,71.435,878.588,362.156,1.06,69.068,22.774,3.082,26,1,High
WAP7-1020,WAP7,NR,2015,158,183,110,102.833,2.252,5.141,83.864,91.815,72.128,860.368,358.016,1.202,68.8,22.254,3.159,25,1,High
WAP7-1020,WAP7,NR,2015,159,183,112,105.151,2.339,4.778,86.981,89.578,72.673,859.868,375.413,1.078,72.343,21.907,2.834,24,1,High
WAP7-1020,WAP7,NR,2015,160,183,114,105.51,2.402,4.447,86.157,91.275,75.03,835.422,372.842,1.205,73.359,21.621,3.047,23,1,High
WAP7-1020,WAP7,NR,2015,161,183,116,100.175,1.845,4.347,86.241,83.976,70.583,816.821,370.968,1.275,64.592,22.559,3.427,22,1,High
WAP7-1020,WAP7,NR,2015,162,183,118,103.86,2.376,5.39,85.371,90.72,75.37,836.217,368.198,1.089,67.681,22.373,3.276,21,1,High
WAP7-1020,WAP7,NR,2015,163,183,120,101.352,1.858,5.187,86.864,90.188,74.307,817.755,373.502,1.024,70.224,21.724,3.019,20,1,High
WAP7-1020,WAP7,NR,2015,164,183,122,106.181,2.26,5.087,85.128,90.373,76.31,819.972,365.653,0.931,66.166,22.05,3.051,19,1,High
WAP7-1020,WAP7,NR,2015,165,183,124,105.828,1.887,5.35,83.438,92.335,75.529,830.579,363.65,1.045,70.581,21.86,3.036,18,1,High
WAP7-1020,WAP7,NR,2015,166,183,126,104.236,1.996,5.456,82.12,88.941,79.778,799.321,375.444,0.922,70.81,21.815,3.003,17,1,High
WAP7-1020,WAP7,NR,2015,167,183,128,109.76,2.029,6.236,82.215,95.153,77.036,812.638,377.653,0.964,70.048,21.321,3.056,16,1,High
WAP7-1020,WAP7,NR,2015,168,183,130,106.786,1.722,5.751,81.226,91.592,78.129,830.653,380.338,1.012,80.724,21.981,2.654,15,1,High
WAP7-1020,WAP7,NR,2015,169,183,132,107.689,1.694,6.457,81.898,95.881,77.034,791.909,372.436,0.898,77.14,21.459,3.004,14,1,High
WAP7-1020,WAP7,NR,2015,170,183,134,112.249,1.605,6.883,79.686,92.755,79.741,829.02,372.051,0.946,68.834,21.859,3.05,13,1,High
WAP7-1020,WAP7,NR,2015,171,183,136,109.702,1.707,6.616,80.856,94.248,81.186,791.305,382.881,0.889,64.173,21.639,2.686,12,1,High
WAP7-1020,WAP7,NR,2015,172,183,138,115.581,1.673,6.67,80.735,96.429,82.378,803.777,378.043,0.95,72.779,21.444,2.7,11,1,High
WAP7-1020,WAP7,NR,2015,173,183,140,112.714,1.6,6.627,82.35,99.434,80.883,777.668,408.262,0.881,70.158,21.172,2.761,10,1,Critical
WAP7-1020,WAP7,NR,2015,174,183,142,116.198,1.551,7.55,79.871,100.55,82.203,835.17,383.699,0.74,71.041,20.712,2.756,9,1,Critical
WAP7-1020,WAP7,NR,2015,175,183,144,116.721,1.256,7.483,80.134,104.168,83.529,831.879,399.484,0.751,61.91,21.15,2.839,8,1,Critical
WAP7-1020,WAP7,NR,2015,176,183,146,119.251,1.513,7.487,78.756,100.355,86.363,788.128,388.288,0.807,74.736,20.883,2.517,7,1,Critical
WAP7-1020,WAP7,NR,2015,177,183,148,120.03,1.102,8.098,73.98,101.531,88.148,797.546,404.379,0.581,76.533,20.62,2.467,6,1,Critical
WAP7-1020,WAP7,NR,2015,178,183,150,124.311,1.106,8.105,77.613,105.76,87.615,814.124,419.974,0.569,84.975,20.877,2.437,5,1,Critical
WAP7-1020,WAP7,NR,2015,179,183,152,127.776,1.152,7.783,76.915,101.201,91.083,823.454,403.655,0.577,65.341,20.241,2.36,4,1,Critical
WAP7-1020,WAP7,NR,2015,180,183,154,133.618,1.096,8.686,76.286,106.993,93.265,779.035,431.686,0.674,77.346,20.645,2.619,3,1,Critical
WAP7-1020,WAP7,NR,2015,181,183,156,128.422,1.031,9.0,73.077,111.266,90.13,803.298,406.513,0.63,76.395,19.844,2.354,2,1,Critical
WAP7-1020,WAP7,NR,2015,182,183,158,135.268,1.078,9.0,75.811,108.728,91.115,781.159,409.916,0.5,81.451,19.508,2.444,1,1,Critical
WAP7-1020,WAP7,NR,2015,183,183,160,131.492,0.896,9.0,71.195,109.722,96.06,770.105,434.118,0.524,69.7,19.877,2.089,0,1,Critical
WDP4B-1021,WDP4B,NR,2019,1,107,-18,81.223,3.606,1.706,93.711,74.432,61.506,907.203,319.98,1.796,70.489,23.987,4.348,106,0,Low
WDP4B-1021,WDP4B,NR,2019,2,107,-16,75.793,3.38,1.887,94.039,76.876,60.554,921.253,330.895,1.692,70.541,24.036,3.994,105,0,Low
WDP4B-1021,WDP4B,NR,2019,3,107,-14,81.427,3.667,2.091,93.515,76.387,63.375,898.67,329.123,1.763,76.993,23.478,4.375,104,0,Low
WDP4B-1021,WDP4B,NR,2019,4,107,-12,82.58,3.431,1.406,96.498,73.345,57.473,887.319,328.518,1.859,68.64,24.696,4.213,103,0,Low
WDP4B-1021,WDP4B,NR,2019,5,107,-10,84.21,3.433,1.687,92.185,75.697,60.531,899.587,313.27,1.681,69.558,23.539,4.108,102,0,Low
WDP4B-1021,WDP4B,NR,2019,6,107,-8,75.773,3.58,1.676,93.153,71.082,60.231,968.849,316.154,1.766,74.647,24.156,4.182,101,0,Low
WDP4B-1021,WDP4B,NR,2019,7,107,-6,85.17,3.415,2.078,93.273,79.338,61.155,883.099,319.949,1.873,70.868,24.211,4.075,100,0,Low
WDP4B-1021,WDP4B,NR,2019,8,107,-4,81.908,3.534,1.616,94.598,73.901,60.051,923.21,317.095,1.747,72.055,24.29,4.334,99,0,Low
WDP4B-1021,WDP4B,NR,2019,9,107,-2,87.735,3.553,1.701,93.031,73.418,59.907,913.268,312.415,1.892,80.429,24.794,3.81,98,0,Low
WDP4B-1021,WDP4B,NR,2019,10,107,0,83.753,3.781,1.614,94.007,72.789,59.841,920.944,304.328,1.781,62.542,23.989,3.968,97,0,Low
WDP4B-1021,WDP4B,NR,2019,11,107,2,81.432,3.474,1.891,94.64,75.543,58.102,919.478,310.039,1.735,71.703,24.112,4.062,96,0,Low
WDP4B-1021,WDP4B,NR,2019,12,107,4,77.943,3.661,1.902,91.541,73.321,63.233,883.834,325.429,1.755,74.526,23.915,4.259,95,0,Low
WDP4B-1021,WDP4B,NR,2019,13,107,6,78.208,3.385,2.161,94.516,77.71,61.124,905.599,318.393,1.731,68.62,23.324,4.249,94,0,Low
WDP4B-1021,WDP4B,NR,2019,14,107,8,83.045,3.407,2.114,95.178,73.928,56.761,903.831,323.206,1.704,78.948,23.223,4.311,93,0,Low
WDP4B-1021,WDP4B,NR,2019,15,107,10,85.254,3.573,1.694,92.352,73.065,64.286,925.431,312.78,1.757,73.89,23.423,4.144,92,0,Low
WDP4B-1021,WDP4B,NR,2019,16,107,12,79.035,3.517,2.101,94.604,75.487,61.703,879.313,337.347,1.819,76.134,23.668,4.257,91,0,Low
WDP4B-1021,WDP4B,NR,2019,17,107,14,84.304,3.708,2.037,92.724,73.666,60.465,899.385,318.703,1.664,67.125,23.537,4.267,90,0,Low
WDP4B-1021,WDP4B,NR,2019,18,107,16,81.988,3.396,1.745,93.925,79.342,58.299,875.459,339.401,1.879,70.9,23.691,4.207,89,0,Low
WDP4B-1021,WDP4B,NR,2019,19,107,18,81.176,3.543,1.446,91.853,74.602,62.132,864.877,326.408,1.694,70.609,24.014,4.103,88,0,Low
WDP4B-1021,WDP4B,NR,2019,20,107,20,84.131,3.464,1.617,92.514,75.002,61.453,919.881,329.49,1.785,68.616,23.681,4.306,87,0,Low
WDP4B-1021,WDP4B,NR,2019,21,107,22,83.362,3.436,1.699,90.799,74.091,58.423,891.893,327.29,1.665,74.52,23.208,4.189,86,0,Low
WDP4B-1021,WDP4B,NR,2019,22,107,24,80.577,3.397,1.532,94.767,76.265,63.244,889.562,317.462,1.91,76.416,23.986,4.233,85,0,Low
WDP4B-1021,WDP4B,NR,2019,23,107,26,82.993,3.572,2.073,93.581,80.011,62.044,910.307,320.342,1.811,72.584,23.507,4.366,84,0,Low
WDP4B-1021,WDP4B,NR,2019,24,107,28,80.863,3.302,2.245,90.834,73.684,58.677,868.502,326.352,1.753,74.724,23.863,4.28,83,0,Low
WDP4B-1021,WDP4B,NR,2019,25,107,30,78.903,3.72,2.331,95.0,72.758,59.061,902.322,299.38,1.727,81.87,23.321,3.833,82,0,Low
WDP4B-1021,WDP4B,NR,2019,26,107,32,85.223,3.549,2.427,94.336,76.625,60.294,914.258,332.088,1.8,66.092,24.069,4.462,81,0,Low
WDP4B-1021,WDP4B,NR,2019,27,107,34,79.287,3.445,2.152,92.668,79.334,65.283,898.755,302.799,1.786,63.401,24.445,4.162,80,0,Low
WDP4B-1021,WDP4B,NR,2019,28,107,36,81.439,3.304,2.136,91.768,73.995,62.717,883.906,330.591,1.634,73.899,23.849,4.166,79,0,Low
WDP4B-1021,WDP4B,NR,2019,29,107,38,87.51,3.292,1.568,93.577,76.309,60.545,897.082,317.362,1.929,72.373,24.499,4.16,78,0,Low
WDP4B-1021,WDP4B,NR,2019,30,107,40,83.397,3.479,1.577,92.668,76.543,59.768,871.107,317.801,1.824,73.252,23.931,4.016,77,0,Low
WDP4B-1021,WDP4B,NR,2019,31,107,42,80.565,3.537,2.252,95.649,75.721,58.999,904.873,325.313,1.863,71.113,23.296,4.429,76,0,Low
WDP4B-1021,WDP4B,NR,2019,32,107,44,83.683,3.411,1.858,94.5,75.606,63.178,899.764,312.601,1.783,70.441,23.182,4.313,75,0,Low
WDP4B-1021,WDP4B,NR,2019,33,107,46,85.773,3.568,1.897,92.438,73.941,57.37,919.612,328.942,1.8,63.093,23.581,4.432,74,0,Low
WDP4B-1021,WDP4B,NR,2019,34,107,48,86.793,3.474,2.329,94.813,81.356,61.585,905.522,315.865,1.629,78.583,24.184,4.236,73,0,Low
WDP4B-1021,WDP4B,NR,2019,35,107,50,88.335,3.649,2.452,91.147,73.99,58.966,905.552,328.113,1.774,76.792,24.06,4.468,72,0,Low
WDP4B-1021,WDP4B,NR,2019,36,107,52,80.641,3.511,2.082,91.15,76.124,62.178,939.462,335.542,1.717,68.085,23.86,3.976,71,0,Low
WDP4B-1021,WDP4B,NR,2019,37,107,54,81.589,3.621,2.407,93.786,79.024,60.648,860.859,319.269,1.785,72.142,23.463,4.299,70,0,Low
WDP4B-1021,WDP4B,NR,2019,38,107,56,83.249,3.404,1.922,92.561,74.637,60.854,877.745,313.058,1.713,62.644,24.273,4.162,69,0,Low
WDP4B-1021,WDP4B,NR,2019,39,107,58,78.015,3.2,1.827,96.074,77.349,62.449,847.365,316.809,1.824,77.365,23.87,3.862,68,0,Low
WDP4B-1021,WDP4B,NR,2019,40,107,60,90.007,3.517,2.381,94.818,74.518,59.376,880.109,329.364,1.562,69.018,24.582,4.242,67,0,Low
WDP4B-1021,WDP4B,NR,2019,41,107,62,80.401,3.247,2.309,94.252,78.321,61.842,871.075,307.574,1.77,64.596,23.955,4.062,66,0,Low
WDP4B-1021,WDP4B,NR,2019,42,107,64,84.022,3.184,2.356,92.932,74.218,61.388,907.437,320.624,1.716,72.524,23.055,4.217,65,0,Low
WDP4B-1021,WDP4B,NR,2019,43,107,66,83.788,3.569,1.948,92.769,78.125,59.439,917.482,320.086,1.746,66.912,23.704,3.907,64,0,Low
WDP4B-1021,WDP4B,NR,2019,44,107,68,81.018,3.282,2.139,93.856,73.967,61.951,894.997,319.86,1.795,78.656,24.281,3.988,63,0,Low
WDP4B-1021,WDP4B,NR,2019,45,107,70,86.029,3.621,2.023,94.552,79.542,59.104,917.022,314.307,1.789,74.46,23.955,4.155,62,0,Low
WDP4B-1021,WDP4B,NR,2019,46,107,72,79.424,3.336,2.145,89.444,72.899,60.741,893.857,331.949,1.699,71.722,23.596,3.927,61,0,Low
WDP4B-1021,WDP4B,NR,2019,47,107,74,87.127,3.368,1.965,93.417,70.93,59.185,895.885,323.934,1.744,71.677,23.492,3.974,60,0,Medium
WDP4B-1021,WDP4B,NR,2019,48,107,76,88.27,3.42,2.46,92.047,75.422,65.185,929.909,324.619,1.655,79.743,23.17,4.179,59,0,Medium
WDP4B-1021,WDP4B,NR,2019,49,107,78,83.754,3.36,1.548,91.724,75.978,58.199,877.112,319.154,1.745,83.156,23.859,3.792,58,0,Medium
WDP4B-1021,WDP4B,NR,2019,50,107,80,81.856,3.375,2.224,91.506,74.095,58.689,922.828,338.112,1.591,68.832,24.295,4.112,57,0,Medium
WDP4B-1021,WDP4B,NR,2019,51,107,82,82.321,3.279,2.191,94.662,75.753,63.674,881.37,324.959,1.742,75.059,23.756,3.799,56,0,Medium
WDP4B-1021,WDP4B,NR,2019,52,107,84,82.081,3.403,1.766,92.944,72.972,56.82,879.447,322.201,1.746,80.853,23.392,4.144,55,0,Medium
WDP4B-1021,WDP4B,NR,2019,53,107,86,85.967,3.509,2.082,93.019,77.38,60.347,876.007,314.193,1.846,66.934,24.369,4.237,54,0,Medium
WDP4B-1021,WDP4B,NR,2019,54,107,88,80.858,3.124,2.629,93.066,76.973,61.951,892.47,321.883,1.617,70.848,24.049,4.286,53,0,Medium
WDP4B-1021,WDP4B,NR,2019,55,107,90,88.217,3.276,1.267,92.923,79.758,66.224,892.193,321.963,1.753,73.53,24.073,4.144,52,0,Medium
WDP4B-1021,WDP4B,NR,2019,56,107,92,86.617,3.479,1.943,94.481,78.01,60.107,877.956,335.035,1.71,65.746,23.566,3.968,51,0,Medium
WDP4B-1021,WDP4B,NR,2019,57,107,94,81.452,3.489,2.158,92.435,77.307,61.251,921.98,326.114,1.631,69.068,24.218,3.936,50,0,Medium
WDP4B-1021,WDP4B,NR,2019,58,107,96,85.128,3.41,2.485,91.227,80.011,61.675,904.771,321.199,1.781,68.8,23.729,4.024,49,0,Medium
WDP4B-1021,WDP4B,NR,2019,59,107,98,86.995,3.518,2.054,94.526,77.474,61.902,905.458,337.688,1.668,72.343,23.42,3.714,48,0,Medium
WDP4B-1021,WDP4B,NR,2019,60,107,100,86.837,3.604,1.646,93.911,78.826,63.892,882.377,334.075,1.806,73.359,23.177,3.943,47,0,Medium
WDP4B-1021,WDP4B,NR,2019,61,107,102,80.918,3.072,1.459,94.23,71.137,59.029,865.32,331.026,1.888,64.592,24.164,4.34,46,0,Medium
WDP4B-1021,WDP4B,NR,2019,62,107,104,83.952,3.631,2.404,93.621,77.448,63.352,886.437,326.948,1.717,67.681,24.032,4.208,45,0,Medium
WDP4B-1021,WDP4B,NR,2019,63,107,106,80.726,3.144,2.093,95.402,76.438,61.776,869.874,330.81,1.667,70.224,23.443,3.973,44,0,Medium
WDP4B-1021,WDP4B,NR,2019,64,107,108,84.772,3.579,1.875,93.981,76.1,63.216,874.168,321.386,1.59,66.166,23.834,4.027,43,0,Medium
WDP4B-1021,WDP4B,NR,2019,65,107,110,83.568,3.243,2.011,92.633,77.495,61.824,887.029,317.675,1.723,70.581,23.715,4.037,42,0,Medium
WDP4B-1021,WDP4B,NR,2019,66,107,112,81.059,3.391,1.98,91.683,73.489,65.413,858.204,327.627,1.619,70.81,23.746,4.03,41,0,Medium
WDP4B-1021,WDP4B,NR,2019,67,107,114,85.598,3.465,2.612,92.174,79.046,61.962,874.13,327.861,1.682,70.048,23.335,4.111,40,0,Medium
WDP4B-1021,WDP4B,NR,2019,68,107,116,81.574,3.203,1.97,91.606,74.784,62.297,894.933,328.438,1.753,80.724,24.082,3.74,39,0,Medium
WDP4B-1021,WDP4B,NR,2019,69,107,118,81.36,3.222,2.508,92.726,78.328,60.395,859.154,318.294,1.662,77.14,23.653,4.122,38,0,Medium
WDP4B-1021,WDP4B,NR,2019,70,107,120,84.735,3.183,2.756,90.989,74.413,62.246,899.409,315.534,1.734,68.834,24.151,4.201,37,0,Medium
WDP4B-1021,WDP4B,NR,2019,71,107,122,80.938,3.337,2.301,92.661,75.072,62.787,865.015,323.856,1.704,64.173,24.036,3.872,36,0,Medium
WDP4B-1021,WDP4B,NR,2019,72,107,124,85.5,3.358,2.157,93.069,76.375,63.026,880.986,316.377,1.792,72.779,23.951,3.924,35,0,Medium
WDP4B-1021,WDP4B,NR,2019,73,107,126,81.249,3.342,1.907,95.238,78.457,60.528,858.554,343.82,1.752,70.158,23.794,4.023,34,0,Medium
WDP4B-1021,WDP4B,NR,2019,74,107,128,83.282,3.354,2.612,93.341,78.606,60.797,919.91,316.349,1.641,71.041,23.455,4.058,33,0,Medium
WDP4B-1021,WDP4B,NR,2019,75,107,130,82.288,3.122,2.318,94.212,81.212,61.023,920.651,329.093,1.684,61.91,24.019,4.185,32,0,Medium
WDP4B-1021,WDP4B,NR,2019,76,107,132,83.233,3.444,2.084,93.47,76.343,62.708,881.11,314.721,1.772,74.736,23.885,3.907,31,0,Medium
WDP4B-1021,WDP4B,NR,2019,77,107,134,88.83,2.67,3.418,86.66,80.731,67.068,878.746,340.979,1.365,76.533,23.22,3.579,30,1,High
WDP4B-1021,WDP4B,NR,2019,78,107,136,91.511,2.738,3.185,90.933,83.893,65.362,899.591,353.374,1.385,84.975,23.61,3.591,29,1,High
WDP4B-1021,WDP4B,NR,2019,79,107,138,93.376,2.848,2.623,90.875,78.267,67.656,913.187,333.855,1.425,65.341,23.108,3.557,28,1,High
WDP4B-1021,WDP4B,NR,2019,80,107,140,97.618,2.856,3.286,90.886,82.993,68.665,873.035,358.686,1.554,77.346,23.645,3.859,27,1,High
WDP4B-1021,WDP4B,NR,2019,81,107,142,90.822,2.855,3.428,88.317,86.199,64.357,901.565,330.313,1.542,76.395,22.977,3.637,26,1,High
WDP4B-1021,WDP4B,NR,2019,82,107,144,96.068,2.966,3.176,91.691,82.594,64.168,883.692,330.516,1.394,81.451,22.775,3.769,25,1,High
WDP4B-1021,WDP4B,NR,2019,83,107,146,90.692,2.848,3.549,87.715,82.522,67.94,876.905,351.518,1.5,69.7,23.277,3.457,24,1,High
WDP4B-1021,WDP4B,NR,2019,84,107,148,94.544,2.661,3.556,88.733,81.288,68.688,889.042,335.344,1.425,72.243,23.378,3.338,23,1,High
WDP4B-1021,WDP4B,NR,2019,85,107,150,91.366,2.739,3.449,87.793,86.465,70.633,860.23,343.299,1.328,76.703,23.603,3.651,22,1,High
WDP4B-1021,WDP4B,NR,2019,86,107,152,96.563,2.809,3.383,89.48,84.368,64.946,855.941,338.76,1.474,69.066,23.127,3.731,21,1,High
WDP4B-1021,WDP4B,NR,2019,87,107,154,93.873,2.77,4.036,89.4,86.217,71.703,881.959,329.442,1.554,80.045,22.878,4.046,20,1,High
WDP4B-1021,WDP4B,NR,2019,88,107,156,92.975,2.48,4.218,85.699,89.132,71.69,865.332,372.119,1.459,74.91,23.166,3.524,19,1,High
WDP4B-1021,WDP4B,NR,2019,89,107,158,101.238,2.514,4.285,85.495,81.811,68.803,834.193,375.344,1.353,68.073,22.722,3.538,18,1,High
WDP4B-1021,WDP4B,NR,2019,90,107,160,98.362,2.33,4.191,87.534,88.323,69.259,801.08,346.433,1.303,74.989,22.949,3.429,17,1,High
WDP4B-1021,WDP4B,NR,2019,91,107,162,94.935,2.498,4.78,87.41,88.333,67.187,881.446,376.391,1.343,74.874,22.418,3.452,16,1,High
WDP4B-1021,WDP4B,NR,2019,92,107,164,100.23,2.533,4.702,87.038,87.227,69.351,879.419,357.682,1.316,70.979,23.071,3.138,15,1,High
WDP4B-1021,WDP4B,NR,2019,93,107,166,100.563,2.559,4.475,86.6,86.291,71.615,838.03,367.335,1.245,72.249,22.2,3.352,14,1,High
WDP4B-1021,WDP4B,NR,2019,94,107,168,103.567,2.236,5.041,85.565,89.025,73.068,839.29,355.915,1.184,75.098,21.433,3.434,13,1,High
WDP4B-1021,WDP4B,NR,2019,95,107,170,103.853,2.201,4.528,83.689,87.876,71.749,834.223,353.669,1.205,68.433,22.849,3.475,12,1,High
WDP4B-1021,WDP4B,NR,2019,96,107,172,109.353,2.363,5.42,85.057,90.599,74.48,855.245,379.514,1.172,71.619,21.699,3.191,11,1,High
WDP4B-1021,WDP4B,NR,2019,97,107,174,103.972,2.043,5.272,83.786,95.116,77.513,787.986,368.536,1.179,65.599,21.676,3.153,10,1,Critical
WDP4B-1021,WDP4B,NR,2019,98,107,176,110.835,2.228,5.799,82.376,95.042,76.144,820.672,375.667,1.169,68.361,21.47,2.977,9,1,Critical
WDP4B-1021,WDP4B,NR,2019,99,107,178,114.015,1.923,5.973,83.436,92.776,81.643,796.992,381.391,0.943,73.732,21.833,3.257,8,1,Critical
WDP4B-1021,WDP4B,NR,2019,100,107,180,101.48,2.126,6.984,81.095,88.514,82.655,809.606,391.416,1.142,80.995,22.385,3.476,7,1,Critical
WDP4B-1021,WDP4B,NR,2019,101,107,0,112.733,1.935,7.041,82.325,98.224,80.238,852.116,365.755,1.121,67.719,20.821,3.146,6,1,Critical
WDP4B-1021,WDP4B,NR,2019,102,107,2,113.658,1.939,7.175,80.243,95.676,80.319,829.521,404.771,1.018,79.091,21.125,3.178,5,1,Critical
WDP4B-1021,WDP4B,NR,2019,103,107,4,118.186,1.837,6.765,78.813,96.693,82.667,799.067,386.12,1.022,74.27,21.501,2.812,4,1,Critical
WDP4B-1021,WDP4B,NR,2019,104,107,6,119.1,1.761,7.466,79.89,98.869,86.435,839.833,393.722,0.875,75.987,20.671,2.74,3,1,Critical
WDP4B-1021,WDP4B,NR,2019,105,107,8,121.02,1.639,7.969,77.828,103.902,85.174,805.227,413.626,0.816,76.073,20.678,3.118,2,1,Critical
WDP4B-1021,WDP4B,NR,2019,106,107,10,124.779,1.546,7.459,77.414,98.421,85.635,799.323,411.237,0.729,71.387,20.518,2.677,1,1,Critical
WDP4B-1021,WDP4B,NR,2019,107,107,12,121.117,1.484,8.023,77.56,99.783,88.912,780.54,403.701,0.713,75.978,20.859,2.489,0,1,Critical
WAP7-1022,WAP7,SR,2020,1,130,-26,81.449,3.508,2.349,95.04,77.368,59.109,933.526,302.18,1.907,67.719,23.428,4.262,129,0,Low
WAP7-1022,WAP7,SR,2020,2,130,-24,80.657,3.584,2.224,93.646,73.675,57.943,915.496,337.754,1.84,79.091,23.875,4.342,128,0,Low
WAP7-1022,WAP7,SR,2020,3,130,-22,83.401,3.555,1.548,92.931,73.503,58.995,889.786,315.528,1.881,74.27,24.399,4.025,127,0,Low
WAP7-1022,WAP7,SR,2020,4,130,-20,82.464,3.555,1.97,94.75,74.445,61.419,935.473,319.422,1.772,75.987,23.724,4.005,126,0,Low
WAP7-1022,WAP7,SR,2020,5,130,-18,82.467,3.512,2.186,93.457,78.2,58.764,905.966,335.485,1.753,76.073,23.89,4.436,125,0,Low
WAP7-1022,WAP7,SR,2020,6,130,-16,84.242,3.501,1.379,93.837,71.396,57.783,905.339,329.12,1.706,71.387,23.896,4.05,124,0,Low
WAP7-1022,WAP7,SR,2020,7,130,-14,78.529,3.523,1.635,94.805,71.391,59.569,892.01,317.476,1.732,75.978,24.408,3.918,123,0,Low
WAP7-1022,WAP7,SR,2020,8,130,-12,83.019,3.644,1.748,95.957,72.999,59.684,901.762,315.25,1.825,70.287,23.731,4.468,122,0,Low
WAP7-1022,WAP7,SR,2020,9,130,-10,83.872,3.404,1.22,93.229,73.998,61.309,889.222,321.161,1.691,71.816,24.48,4.159,121,0,Low
WAP7-1022,WAP7,SR,2020,10,130,-8,79.856,3.577,2.008,93.205,71.079,57.368,879.091,314.45,1.763,67.017,23.781,4.025,120,0,Low
WAP7-1022,WAP7,SR,2020,11,130,-6,83.594,3.338,2.276,91.768,74.915,60.045,868.546,309.267,1.795,67.957,24.25,3.976,119,0,Low
WAP7-1022,WAP7,SR,2020,12,130,-4,78.25,3.366,1.915,93.235,76.875,59.004,902.838,331.036,1.835,73.229,24.182,4.247,118,0,Low
WAP7-1022,WAP7,SR,2020,13,130,-2,80.656,3.219,2.003,93.363,74.577,61.766,924.859,297.24,1.898,68.77,23.302,4.067,117,0,Low
WAP7-1022,WAP7,SR,2020,14,130,0,80.054,3.38,2.012,92.445,75.151,64.111,851.831,333.622,1.787,59.165,24.229,4.066,116,0,Low
WAP7-1022,WAP7,SR,2020,15,130,2,81.463,3.275,1.681,92.747,73.466,62.232,904.852,328.908,1.719,75.555,24.163,4.292,115,0,Low
WAP7-1022,WAP7,SR,2020,16,130,4,83.015,3.63,1.991,93.95,68.952,59.834,943.742,320.132,1.651,73.11,23.779,4.101,114,0,Low
WAP7-1022,WAP7,SR,2020,17,130,6,76.669,3.251,1.605,92.817,78.628,60.741,916.232,327.301,1.603,73.047,23.822,4.066,113,0,Low
WAP7-1022,WAP7,SR,2020,18,130,8,79.485,3.237,1.73,93.565,81.422,58.362,897.147,302.281,1.652,71.941,23.846,4.244,112,0,Low
WAP7-1022,WAP7,SR,2020,19,130,10,84.136,3.387,2.133,93.563,77.143,58.322,855.852,325.413,1.638,70.469,24.089,3.803,111,0,Low
WAP7-1022,WAP7,SR,2020,20,130,12,82.688,3.534,2.068,94.453,73.5,62.38,890.534,315.307,1.784,68.791,23.854,4.222,110,0,Low
WAP7-1022,WAP7,SR,2020,21,130,14,83.749,3.471,2.349,94.682,71.079,57.66,920.04,334.84,1.878,75.563,23.97,4.138,109,0,Low
WAP7-1022,WAP7,SR,2020,22,130,16,83.111,3.136,1.722,92.941,74.202,60.09,892.218,310.135,1.798,78.284,23.374,4.047,108,0,Low
WAP7-1022,WAP7,SR,2020,23,130,18,83.727,3.356,2.087,94.456,79.282,59.848,903.564,318.611,1.845,69.14,23.623,4.267,107,0,Low
WAP7-1022,WAP7,SR,2020,24,130,20,81.745,3.19,1.807,93.784,75.636,59.551,886.8,323.522,1.679,73.837,23.501,4.57,106,0,Low
WAP7-1022,WAP7,SR,2020,25,130,22,79.496,3.169,1.864,94.239,77.201,63.028,872.698,324.508,1.682,77.479,23.751,3.752,105,0,Low
WAP7-1022,WAP7,SR,2020,26,130,24,84.141,3.388,1.889,92.399,73.673,61.937,901.175,321.029,1.839,70.829,23.707,4.091,104,0,Low
WAP7-1022,WAP7,SR,2020,27,130,26,80.579,3.573,2.098,95.542,73.831,57.16,889.092,310.845,1.725,69.252,24.224,3.961,103,0,Low
WAP7-1022,WAP7,SR,2020,28,130,28,85.911,3.537,1.903,93.046,73.946,60.866,871.328,315.321,1.813,83.556,24.116,3.802,102,0,Low
WAP7-1022,WAP7,SR,2020,29,130,30,87.328,3.179,2.132,93.27,76.312,59.652,875.049,329.83,1.672,67.922,23.667,4.101,101,0,Low
WAP7-1022,WAP7,SR,2020,30,130,32,88.638,3.516,1.832,92.429,72.075,62.079,867.817,321.392,1.654,68.622,23.843,4.21,100,0,Low
WAP7-1022,WAP7,SR,2020,31,130,34,85.102,3.474,2.229,94.695,76.28,63.675,893.148,318.2,1.73,77.068,23.794,4.214,99,0,Low
WAP7-1022,WAP7,SR,2020,32,130,36,78.124,3.416,1.751,94.406,77.936,60.691,886.923,314.574,1.903,69.969,23.78,4.313,98,0,Low
WAP7-1022,WAP7,SR,2020,33,130,38,80.482,3.304,1.508,94.947,79.486,64.843,887.124,325.425,1.678,73.232,23.786,4.306,97,0,Low
WAP7-1022,WAP7,SR,2020,34,130,40,83.058,3.604,2.163,93.754,81.062,59.46,905.615,331.778,1.689,65.458,23.923,3.802,96,0,Low
WAP7-1022,WAP7,SR,2020,35,130,42,82.267,3.355,2.11,90.906,76.23,60.585,913.683,302.343,1.689,66.664,23.665,4.081,95,0,Low
WAP7-1022,WAP7,SR,2020,36,130,44,85.083,3.416,1.814,94.94,73.926,57.532,915.057,319.847,1.811,66.102,24.195,3.882,94,0,Low
WAP7-1022,WAP7,SR,2020,37,130,46,86.594,3.06,1.427,92.866,77.783,63.21,900.274,339.295,1.713,67.266,24.002,4.233,93,0,Low
WAP7-1022,WAP7,SR,2020,38,130,48,86.794,3.256,1.567,94.602,75.551,60.558,916.271,334.708,1.671,71.468,23.335,4.094,92,0,Low
WAP7-1022,WAP7,SR,2020,39,130,50,80.47,3.394,2.368,92.578,81.087,62.108,871.145,314.653,1.745,67.601,23.512,4.371,91,0,Low
WAP7-1022,WAP7,SR,2020,40,130,52,83.756,3.294,1.874,93.205,73.177,61.316,901.009,335.505,1.764,65.769,23.687,3.984,90,0,Low
WAP7-1022,WAP7,SR,2020,41,130,54,84.067,3.415,2.275,95.495,72.292,60.614,882.132,305.433,1.822,70.112,23.236,4.171,89,0,Low
WAP7-1022,WAP7,SR,2020,42,130,56,85.762,3.636,1.78,94.708,68.314,61.397,887.166,320.346,1.81,78.743,23.896,4.189,88,0,Low
WAP7-1022,WAP7,SR,2020,43,130,58,80.61,3.292,1.505,93.44,77.5,57.166,904.232,306.489,1.825,62.89,23.522,4.166,87,0,Low
WAP7-1022,WAP7,SR,2020,44,130,60,80.167,3.351,1.979,93.562,77.044,60.046,886.284,339.659,1.77,64.906,24.683,4.117,86,0,Low
WAP7-1022,WAP7,SR,2020,45,130,62,87.222,3.464,1.739,94.415,83.223,62.695,909.037,342.41,1.656,74.326,23.228,4.293,85,0,Low
WAP7-1022,WAP7,SR,2020,46,130,64,84.946,3.297,2.149,93.025,73.552,58.51,886.371,316.829,1.701,67.501,23.64,4.173,84,0,Low
WAP7-1022,WAP7,SR,2020,47,130,66,83.778,3.362,2.535,90.885,78.233,61.713,906.563,331.701,1.862,69.5,23.504,4.105,83,0,Low
WAP7-1022,WAP7,SR,2020,48,130,68,82.973,3.363,1.799,92.468,73.974,60.458,872.322,324.969,1.792,63.688,23.309,3.995,82,0,Low
WAP7-1022,WAP7,SR,2020,49,130,70,82.739,3.297,2.504,96.44,76.963,55.81,921.711,331.169,1.912,79.292,23.604,3.973,81,0,Low
WAP7-1022,WAP7,SR,2020,50,130,72,85.629,3.26,1.768,90.184,71.801,63.233,914.616,300.842,1.735,80.416,23.91,4.037,80,0,Low
WAP7-1022,WAP7,SR,2020,51,130,74,85.768,3.16,2.133,93.241,73.806,64.93,899.136,321.567,1.655,67.434,24.598,4.371,79,0,Low
WAP7-1022,WAP7,SR,2020,52,130,76,87.605,3.465,2.008,93.68,75.949,61.429,902.851,324.844,1.753,81.508,23.78,4.222,78,0,Low
WAP7-1022,WAP7,SR,2020,53,130,78,83.73,3.228,1.49,93.773,76.635,62.112,912.408,337.67,1.84,69.001,23.939,3.798,77,0,Low
WAP7-1022,WAP7,SR,2020,54,130,80,90.9,3.251,2.522,94.131,72.791,59.953,870.346,319.269,1.736,69.345,23.847,4.11,76,0,Low
WAP7-1022,WAP7,SR,2020,55,130,82,83.876,3.519,1.837,92.144,76.361,61.415,894.712,321.41,1.836,84.5,23.55,3.801,75,0,Low
WAP7-1022,WAP7,SR,2020,56,130,84,85.03,3.279,2.364,93.713,77.751,61.352,883.569,319.519,1.671,66.144,22.913,4.185,74,0,Low
WAP7-1022,WAP7,SR,2020,57,130,86,85.483,3.086,2.714,92.791,79.173,59.322,900.483,325.25,1.729,83.036,23.218,4.221,73,0,Low
WAP7-1022,WAP7,SR,2020,58,130,88,83.981,3.403,1.799,91.057,73.964,63.223,879.438,324.216,1.815,67.767,23.639,4.081,72,0,Low
WAP7-1022,WAP7,SR,2020,59,130,90,87.703,3.219,1.973,93.448,79.708,59.314,900.238,335.428,1.564,68.772,23.407,4.031,71,0,Low
WAP7-1022,WAP7,SR,2020,60,130,92,82.412,2.942,2.227,90.467,74.565,61.695,896.222,340.42,1.708,76.911,23.56,4.057,70,0,Low
WAP7-1022,WAP7,SR,2020,61,130,94,88.699,3.143,2.34,94.657,74.87,65.105,884.813,319.897,1.668,69.841,23.162,4.023,69,0,Low
WAP7-1022,WAP7,SR,2020,62,130,96,83.8,3.488,2.279,90.703,76.736,62.157,912.388,305.826,1.721,76.189,24.413,3.619,68,0,Low
WAP7-1022,WAP7,SR,2020,63,130,98,81.608,3.501,2.129,92.824,75.303,59.982,895.847,324.25,1.654,83.219,23.351,3.898,67,0,Low
WAP7-1022,WAP7,SR,2020,64,130,100,81.571,3.308,2.857,93.362,77.934,59.966,863.984,325.0,1.762,74.862,23.965,3.715,66,0,Low
WAP7-1022,WAP7,SR,2020,65,130,102,85.02,3.424,1.947,92.071,73.534,59.432,892.344,333.951,1.707,62.237,24.066,4.364,65,0,Low
WAP7-1022,WAP7,SR,2020,66,130,104,85.788,3.478,1.71,94.44,82.742,63.145,906.288,331.14,1.73,70.913,23.651,3.91,64,0,Low
WAP7-1022,WAP7,SR,2020,67,130,106,84.825,3.162,1.925,92.922,74.466,61.84,877.591,320.193,1.577,71.658,23.761,4.508,63,0,Low
WAP7-1022,WAP7,SR,2020,68,130,108,85.346,3.532,2.319,92.023,78.158,62.896,898.017,323.516,1.738,74.017,23.463,4.178,62,0,Low
WAP7-1022,WAP7,SR,2020,69,130,110,86.195,3.302,2.075,95.886,76.026,59.402,878.377,325.924,1.73,66.165,24.183,4.469,61,0,Low
WAP7-1022,WAP7,SR,2020,70,130,112,85.901,3.462,1.988,93.996,79.226,60.734,886.993,339.519,1.668,73.989,24.134,4.073,60,0,Medium
WAP7-1022,WAP7,SR,2020,71,130,114,82.829,3.571,2.048,91.08,72.329,63.878,880.417,337.829,1.825,70.243,24.508,4.218,59,0,Medium
WAP7-1022,WAP7,SR,2020,72,130,116,89.194,3.317,2.62,91.605,75.221,60.548,922.021,326.67,1.642,71.829,24.708,3.862,58,0,Medium
WAP7-1022,WAP7,SR,2020,73,130,118,86.367,3.081,2.095,93.488,75.543,62.042,862.066,328.581,1.647,73.601,24.238,4.159,57,0,Medium
WAP7-1022,WAP7,SR,2020,74,130,120,90.164,3.435,2.477,90.72,77.729,63.686,912.404,325.28,1.846,73.256,23.692,4.037,56,0,Medium
WAP7-1022,WAP7,SR,2020,75,130,122,82.824,3.269,1.681,94.868,75.693,61.452,917.702,338.669,1.781,62.001,23.661,3.193,55,0,Medium
WAP7-1022,WAP7,SR,2020,76,130,124,78.815,3.408,2.486,94.922,74.726,61.986,873.972,320.227,1.65,72.949,23.318,4.375,54,0,Medium
WAP7-1022,WAP7,SR,2020,77,130,126,80.924,3.231,1.802,93.157,77.48,61.263,861.564,328.659,1.797,77.819,24.294,3.997,53,0,Medium
WAP7-1022,WAP7,SR,2020,78,130,128,82.592,3.417,2.267,93.959,79.097,62.413,880.888,325.105,1.864,71.363,23.083,4.119,52,0,Medium
WAP7-1022,WAP7,SR,2020,79,130,130,84.011,3.456,2.101,92.447,77.914,64.297,919.007,320.493,1.699,74.78,23.824,4.111,51,0,Medium
WAP7-1022,WAP7,SR,2020,80,130,132,86.519,3.151,2.282,90.975,75.389,59.819,903.176,316.319,1.735,74.711,24.279,4.159,50,0,Medium
WAP7-1022,WAP7,SR,2020,81,130,134,88.522,3.267,1.719,94.011,75.329,60.84,881.877,320.315,1.845,70.904,23.223,3.622,49,0,Medium
WAP7-1022,WAP7,SR,2020,82,130,136,86.161,3.268,1.788,93.43,75.531,58.703,885.022,321.924,1.618,66.324,24.047,3.931,48,0,Medium
WAP7-1022,WAP7,SR,2020,83,130,138,84.047,3.516,1.909,93.659,73.18,61.506,871.941,336.347,1.66,76.6,23.999,4.29,47,0,Medium
WAP7-1022,WAP7,SR,2020,84,130,140,85.953,3.289,2.129,91.933,82.099,58.874,868.476,330.925,1.67,68.711,24.094,3.792,46,0,Medium
WAP7-1022,WAP7,SR,2020,85,130,142,91.068,3.442,2.679,92.357,72.549,59.377,860.875,341.145,1.667,70.844,23.474,4.039,45,0,Medium
WAP7-1022,WAP7,SR,2020,86,130,144,84.35,3.218,2.855,94.661,79.709,60.541,883.32,340.177,1.633,79.584,23.953,3.914,44,0,Medium
WAP7-1022,WAP7,SR,2020,87,130,146,83.224,3.372,2.57,92.54,74.915,60.755,879.273,314.524,1.782,65.293,24.017,3.903,43,0,Medium
WAP7-1022,WAP7,SR,2020,88,130,148,80.187,3.266,2.573,93.12,77.301,61.15,869.577,343.233,1.737,67.097,23.833,4.135,42,0,Medium
WAP7-1022,WAP7,SR,2020,89,130,150,83.869,3.014,2.424,92.967,74.55,59.396,918.169,334.791,1.602,75.046,24.381,4.289,41,0,Medium
WAP7-1022,WAP7,SR,2020,90,130,152,88.482,3.65,1.888,94.484,76.739,61.719,901.755,327.4,1.643,70.098,23.028,3.753,40,0,Medium
WAP7-1022,WAP7,SR,2020,91,130,154,88.873,3.314,2.234,93.944,75.189,61.588,866.495,328.841,1.589,68.07,23.574,4.11,39,0,Medium
WAP7-1022,WAP7,SR,2020,92,130,156,87.585,2.964,2.605,92.63,77.624,62.932,898.464,336.06,1.664,72.768,23.999,3.847,38,0,Medium
WAP7-1022,WAP7,SR,2020,93,130,158,92.116,3.191,2.434,91.599,72.718,62.089,873.704,326.906,1.746,77.808,23.447,4.135,37,0,Medium
WAP7-1022,WAP7,SR,2020,94,130,160,85.136,2.996,2.264,94.272,77.116,62.012,918.553,322.683,1.761,78.984,23.706,4.021,36,0,Medium
WAP7-1022,WAP7,SR,2020,95,130,162,83.041,2.912,2.114,93.529,78.532,62.489,894.186,305.01,1.738,75.266,23.7,4.14,35,0,Medium
WAP7-1022,WAP7,SR,2020,96,130,164,88.32,3.417,2.225,92.244,77.597,62.652,906.332,326.412,1.623,63.17,23.295,4.322,34,0,Medium
WAP7-1022,WAP7,SR,2020,97,130,166,84.069,3.404,1.928,94.37,77.498,61.578,900.733,329.105,1.656,73.377,23.88,4.237,33,0,Medium
WAP7-1022,WAP7,SR,2020,98,130,168,86.529,3.315,1.938,91.108,73.686,61.71,867.747,312.314,1.734,72.401,23.972,4.058,32,0,Medium
WAP7-1022,WAP7,SR,2020,99,130,170,90.399,3.29,2.467,92.085,77.558,62.025,923.255,328.278,1.692,77.371,23.343,4.057,31,0,Medium
WAP7-1022,WAP7,SR,2020,100,130,172,96.809,2.624,3.424,86.471,83.795,69.439,832.277,354.181,1.479,73.744,23.556,3.764,30,1,High
WAP7-1022,WAP7,SR,2020,101,130,174,90.73,2.896,3.526,89.803,84.416,67.774,869.27,352.258,1.337,72.269,22.979,3.666,29,1,High
WAP7-1022,WAP7,SR,2020,102,130,176,96.283,2.72,4.113,88.51,87.43,67.539,858.481,368.653,1.333,68.359,23.835,3.323,28,1,High
WAP7-1022,WAP7,SR,2020,103,130,178,94.797,2.533,3.609,87.569,83.945,67.426,879.671,342.979,1.481,72.634,22.367,3.822,27,1,High
WAP7-1022,WAP7,SR,2020,104,130,180,93.625,2.825,3.637,87.954,78.583,67.662,867.478,344.24,1.294,78.841,23.096,3.699,26,1,High
WAP7-1022,WAP7,SR,2020,105,130,0,96.309,2.761,3.596,87.583,84.733,65.214,856.22,343.485,1.373,73.267,22.607,3.414,25,1,High
WAP7-1022,WAP7,SR,2020,106,130,2,98.13,2.849,3.861,87.772,85.817,67.494,884.379,334.215,1.335,76.3,22.845,3.364,24,1,High
WAP7-1022,WAP7,SR,2020,107,130,4,96.977,2.681,3.57,88.855,89.665,69.256,884.546,345.86,1.451,68.122,23.135,3.214,23,1,High
WAP7-1022,WAP7,SR,2020,108,130,6,98.479,2.686,4.201,85.963,85.774,71.049,826.839,349.769,1.289,70.636,22.957,3.151,22,1,High
WAP7-1022,WAP7,SR,2020,109,130,8,94.471,2.34,3.802,88.062,82.902,65.514,833.407,342.629,1.309,75.054,23.421,3.878,21,1,High
WAP7-1022,WAP7,SR,2020,110,130,10,102.669,2.422,3.988,89.28,84.81,72.107,813.908,376.281,1.323,72.888,23.268,3.125,20,1,High
WAP7-1022,WAP7,SR,2020,111,130,12,100.206,2.416,4.123,86.737,82.35,69.452,892.368,342.365,1.38,75.839,22.305,3.648,19,1,High
WAP7-1022,WAP7,SR,2020,112,130,14,100.094,2.508,4.849,85.979,84.856,70.296,859.49,351.679,1.259,70.456,22.452,3.579,18,1,High
WAP7-1022,WAP7,SR,2020,113,130,16,98.702,2.247,5.043,83.288,89.664,72.159,882.633,366.857,1.095,69.026,22.72,3.327,17,1,High
WAP7-1022,WAP7,SR,2020,114,130,18,101.218,2.234,4.839,85.2,92.333,68.479,841.484,343.392,1.356,73.281,22.318,3.047,16,1,High
WAP7-1022,WAP7,SR,2020,115,130,20,100.713,2.058,5.495,83.579,93.421,76.584,865.623,360.274,1.258,76.794,22.662,3.2,15,1,High
WAP7-1022,WAP7,SR,2020,116,130,22,105.924,2.216,5.554,85.204,88.577,71.59,827.802,369.012,1.161,71.559,22.314,3.119,14,1,High
WAP7-1022,WAP7,SR,2020,117,130,24,109.386,2.062,5.628,84.359,92.156,77.064,832.194,375.213,1.156,69.955,21.831,2.873,13,1,High
WAP7-1022,WAP7,SR,2020,118,130,26,107.629,2.489,6.003,81.439,89.992,74.442,876.918,379.641,1.065,70.845,21.706,3.305,12,1,High
WAP7-1022,WAP7,SR,2020,119,130,28,110.571,2.072,6.046,84.643,94.85,81.017,840.708,376.253,1.019,77.279,22.107,3.193,11,1,High
WAP7-1022,WAP7,SR,2020,120,130,30,111.674,1.854,6.512,82.428,94.251,78.157,810.533,371.91,0.976,76.789,21.099,3.001,10,1,Critical
WAP7-1022,WAP7,SR,2020,121,130,32,109.34,2.065,5.951,83.692,96.735,77.406,800.916,366.336,0.916,76.606,21.397,3.02,9,1,Critical
WAP7-1022,WAP7,SR,2020,122,130,34,110.432,1.969,6.413,79.282,97.524,79.301,852.498,397.673,0.952,68.041,21.761,3.306,8,1,Critical
WAP7-1022,WAP7,SR,2020,123,130,36,110.366,2.18,6.694,81.605,94.309,81.905,800.619,396.178,0.893,67.827,21.745,3.072,7,1,Critical
WAP7-1022,WAP7,SR,2020,124,130,38,112.238,1.869,7.367,79.338,97.425,81.632,794.529,411.479,0.846,66.417,21.201,3.13,6,1,Critical
WAP7-1022,WAP7,SR,2020,125,130,40,113.645,1.629,7.517,77.894,99.939,84.04,796.941,416.524,0.876,80.346,20.271,2.53,5,1,Critical
WAP7-1022,WAP7,SR,2020,126,130,42,118.891,1.662,7.345,77.803,103.473,86.613,801.265,376.114,0.752,71.004,20.692,2.744,4,1,Critical
WAP7-1022,WAP7,SR,2020,127,130,44,120.389,1.569,7.473,79.495,103.51,88.342,782.483,407.649,0.716,78.416,20.71,2.806,3,1,Critical
WAP7-1022,WAP7,SR,2020,128,130,46,125.267,1.733,8.147,75.396,102.692,88.967,825.169,399.443,0.673,71.924,19.901,2.643,2,1,Critical
WAP7-1022,WAP7,SR,2020,129,130,48,116.334,1.202,8.049,79.159,101.963,90.74,750.693,395.637,0.665,65.45,20.102,2.902,1,1,Critical
WAP7-1022,WAP7,SR,2020,130,130,50,123.638,1.226,8.624,75.476,107.736,90.315,785.037,412.424,0.689,66.455,19.951,3.167,0,1,Critical
WAP7-1023,WAP7,WR,2013,1,97,-32,78.613,3.703,1.708,94.852,76.338,60.701,899.569,327.017,1.74,72.269,23.989,4.271,96,0,Low
WAP7-1023,WAP7,WR,2013,2,97,-30,83.982,3.537,2.268,93.634,79.229,60.343,889.257,343.037,1.741,68.359,24.861,3.935,95,0,Low
WAP7-1023,WAP7,WR,2013,3,97,-28,82.245,3.362,1.726,92.794,75.577,60.059,911.101,316.854,1.895,72.634,23.413,4.442,94,0,Low
WAP7-1023,WAP7,WR,2013,4,97,-26,80.756,3.668,1.707,93.307,70.003,60.075,899.74,317.474,1.716,78.841,24.169,4.33,93,0,Low
WAP7-1023,WAP7,WR,2013,5,97,-24,83.056,3.623,1.608,93.091,75.897,57.358,889.492,315.943,1.803,73.267,23.711,4.057,92,0,Low
WAP7-1023,WAP7,WR,2013,6,97,-22,84.426,3.73,1.805,93.462,76.681,59.32,918.839,305.765,1.776,76.3,23.987,4.022,91,0,Low
WAP7-1023,WAP7,WR,2013,7,97,-20,82.755,3.585,1.437,94.753,80.184,60.715,920.371,316.368,1.904,68.122,24.32,3.887,90,0,Low
WAP7-1023,WAP7,WR,2013,8,97,-18,83.674,3.616,1.98,92.097,75.903,62.093,864.208,319.102,1.754,70.636,24.19,3.842,89,0,Low
WAP7-1023,WAP7,WR,2013,9,97,-16,79.015,3.298,1.484,94.457,72.598,56.093,872.497,310.654,1.788,75.054,24.709,4.588,88,0,Low
WAP7-1023,WAP7,WR,2013,10,97,-14,86.496,3.412,1.562,95.963,74.028,62.173,854.897,342.864,1.817,72.888,24.616,3.856,87,0,Low
WAP7-1023,WAP7,WR,2013,11,97,-12,83.249,3.439,1.58,93.735,71.046,58.956,935.434,307.373,1.891,75.839,23.718,4.401,86,0,Low
WAP7-1023,WAP7,WR,2013,12,97,-10,82.286,3.568,2.178,93.319,72.984,59.188,904.81,314.979,1.788,70.456,23.936,4.357,85,0,Low
WAP7-1023,WAP7,WR,2013,13,97,-8,79.976,3.345,2.235,90.996,77.18,60.391,930.385,328.315,1.644,69.026,24.281,4.132,84,0,Low
WAP7-1023,WAP7,WR,2013,14,97,-6,81.508,3.373,1.882,93.303,79.193,56.002,891.846,302.875,1.926,73.281,23.96,3.88,83,0,Low
WAP7-1023,WAP7,WR,2013,15,97,-4,79.953,3.242,2.381,92.104,79.581,63.349,918.773,317.649,1.85,76.794,24.392,4.063,82,0,Low
WAP7-1023,WAP7,WR,2013,16,97,-2,84.046,3.447,2.272,94.178,73.992,57.548,883.918,324.145,1.777,71.559,24.137,4.014,81,0,Low
WAP7-1023,WAP7,WR,2013,17,97,0,86.325,3.343,2.169,93.807,76.782,62.166,891.453,327.971,1.796,69.955,23.753,3.802,80,0,Low
WAP7-1023,WAP7,WR,2013,18,97,2,83.317,3.822,2.356,91.389,73.784,58.64,939.498,329.891,1.732,70.845,23.732,4.268,79,0,Low
WAP7-1023,WAP7,WR,2013,19,97,4,84.942,3.46,2.202,95.121,77.764,64.262,906.787,323.861,1.713,77.279,24.243,4.194,78,0,Low
WAP7-1023,WAP7,WR,2013,20,97,6,84.661,3.299,2.46,93.461,76.242,60.399,880.289,316.743,1.699,76.789,23.35,4.04,77,0,Low
WAP7-1023,WAP7,WR,2013,21,97,8,80.876,3.571,1.681,95.307,77.759,58.597,874.526,308.261,1.668,76.606,23.769,4.1,76,0,Low
WAP7-1023,WAP7,WR,2013,22,97,10,80.45,3.538,1.916,91.505,77.536,59.392,930.14,336.557,1.737,68.041,24.259,4.428,75,0,Low
WAP7-1023,WAP7,WR,2013,23,97,12,78.801,3.814,1.959,94.463,73.266,60.847,882.471,331.886,1.71,67.827,24.375,4.239,74,0,Low
WAP7-1023,WAP7,WR,2013,24,97,14,79.022,3.571,2.385,92.858,75.281,59.376,880.769,343.879,1.697,66.417,23.969,4.343,73,0,Low
WAP7-1023,WAP7,WR,2013,25,97,16,78.711,3.403,2.277,92.102,76.65,60.537,887.746,345.483,1.763,80.346,23.182,3.79,72,0,Low
WAP7-1023,WAP7,WR,2013,26,97,18,82.174,3.509,1.838,92.726,78.995,61.814,896.814,301.497,1.676,71.004,23.752,4.054,71,0,Low
WAP7-1023,WAP7,WR,2013,27,97,20,81.821,3.492,1.687,95.16,77.798,62.199,882.953,329.324,1.677,78.416,23.924,4.167,70,0,Low
WAP7-1023,WAP7,WR,2013,28,97,22,84.781,3.735,2.074,91.829,75.702,61.431,930.738,317.276,1.674,71.924,23.275,4.057,69,0,Low
WAP7-1023,WAP7,WR,2013,29,97,24,73.865,3.285,1.678,96.387,73.65,61.761,861.539,309.495,1.707,65.45,23.641,4.371,68,0,Low
WAP7-1023,WAP7,WR,2013,30,97,26,79.118,3.394,1.946,93.526,78.056,59.845,901.337,322.174,1.773,66.455,23.661,4.693,67,0,Low
WAP7-1023,WAP7,WR,2013,31,97,28,82.515,3.316,1.986,93.257,74.675,62.388,893.768,328.273,1.754,72.991,23.973,4.245,66,0,Low
WAP7-1023,WAP7,WR,2013,32,97,30,76.903,3.296,1.862,92.595,77.375,65.259,913.927,337.865,1.747,70.581,23.672,4.027,65,0,Low
WAP7-1023,WAP7,WR,2013,33,97,32,82.707,3.408,2.012,93.504,74.516,60.311,881.45,318.341,1.848,65.419,24.366,3.9,64,0,Low
WAP7-1023,WAP7,WR,2013,34,97,34,84.207,3.51,1.939,93.014,76.7,63.568,954.596,331.941,1.659,77.036,24.111,3.925,63,0,Low
WAP7-1023,WAP7,WR,2013,35,97,36,80.805,3.385,1.549,91.261,76.134,59.685,907.679,326.361,1.776,74.232,23.746,4.253,62,0,Low
WAP7-1023,WAP7,WR,2013,36,97,38,84.647,3.215,2.458,91.095,73.65,64.211,902.162,334.367,1.682,73.06,24.037,4.097,61,0,Low
WAP7-1023,WAP7,WR,2013,37,97,40,84.058,3.2,1.887,95.153,77.295,61.644,938.507,328.236,1.611,66.376,23.91,4.114,60,0,Medium
WAP7-1023,WAP7,WR,2013,38,97,42,86.342,3.534,2.077,92.277,77.067,59.739,858.03,302.648,1.939,81.847,24.462,4.574,59,0,Medium
WAP7-1023,WAP7,WR,2013,39,97,44,83.805,3.354,2.301,94.152,77.347,61.603,870.416,314.905,1.642,60.401,23.997,4.162,58,0,Medium
WAP7-1023,WAP7,WR,2013,40,97,46,87.387,3.328,1.495,91.794,72.528,61.096,874.304,332.585,1.692,67.939,24.231,4.572,57,0,Medium
WAP7-1023,WAP7,WR,2013,41,97,48,84.433,3.539,2.075,93.769,75.977,59.687,916.945,315.409,1.686,71.467,23.414,3.936,56,0,Medium
WAP7-1023,WAP7,WR,2013,42,97,50,79.787,3.491,1.955,94.268,73.945,60.148,850.603,317.12,1.719,74.599,23.569,3.964,55,0,Medium
WAP7-1023,WAP7,WR,2013,43,97,52,84.313,3.469,1.881,91.733,80.138,58.395,872.895,329.696,1.698,71.898,23.9,4.165,54,0,Medium
WAP7-1023,WAP7,WR,2013,44,97,54,77.376,3.516,2.492,94.272,72.458,56.636,899.323,329.432,1.651,77.887,24.073,4.154,53,0,Medium
WAP7-1023,WAP7,WR,2013,45,97,56,84.516,3.277,2.206,95.08,78.6,64.323,887.761,349.906,1.655,68.147,23.81,4.354,52,0,Medium
WAP7-1023,WAP7,WR,2013,46,97,58,78.932,3.397,1.697,91.547,76.832,61.371,879.774,328.373,1.796,74.152,23.728,4.063,51,0,Medium
WAP7-1023,WAP7,WR,2013,47,97,60,78.877,3.452,1.919,94.308,77.985,59.048,896.487,318.1,1.686,81.081,23.342,4.137,50,0,Medium
WAP7-1023,WAP7,WR,2013,48,97,62,85.866,3.165,2.049,92.807,75.691,60.258,910.37,316.518,1.75,67.265,23.795,4.052,49,0,Medium
WAP7-1023,WAP7,WR,2013,49,97,64,80.883,3.256,1.065,90.427,79.265,62.664,935.295,315.949,1.765,77.458,23.618,3.916,48,0,Medium
WAP7-1023,WAP7,WR,2013,50,97,66,83.371,3.407,2.076,89.922,74.473,61.074,919.27,309.228,1.624,76.907,24.032,4.37,47,0,Medium
WAP7-1023,WAP7,WR,2013,51,97,68,89.677,3.623,1.895,97.412,78.528,61.833,890.073,329.071,1.885,63.955,23.808,4.169,46,0,Medium
WAP7-1023,WAP7,WR,2013,52,97,70,82.327,3.331,1.733,94.799,79.867,59.891,894.93,320.982,1.882,77.159,24.307,4.039,45,0,Medium
WAP7-1023,WAP7,WR,2013,53,97,72,84.109,3.404,2.154,93.006,76.56,62.302,888.635,332.052,1.792,71.341,23.296,4.18,44,0,Medium
WAP7-1023,WAP7,WR,2013,54,97,74,82.975,2.907,1.619,92.398,74.417,63.436,926.951,328.382,1.655,74.117,24.045,4.599,43,0,Medium
WAP7-1023,WAP7,WR,2013,55,97,76,83.296,3.368,2.244,92.845,75.423,60.628,886.921,333.858,1.706,76.99,23.52,3.9,42,0,Medium
WAP7-1023,WAP7,WR,2013,56,97,78,84.584,3.312,2.049,92.752,75.587,65.331,894.721,337.335,1.763,71.135,23.714,3.978,41,0,Medium
WAP7-1023,WAP7,WR,2013,57,97,80,81.549,3.147,2.468,92.851,70.649,61.66,881.738,322.437,1.654,73.766,23.895,4.251,40,0,Medium
WAP7-1023,WAP7,WR,2013,58,97,82,82.199,3.433,2.559,95.315,79.184,59.02,897.088,300.235,1.666,71.409,23.765,4.002,39,0,Medium
WAP7-1023,WAP7,WR,2013,59,97,84,84.578,3.364,1.987,95.217,76.352,58.544,868.155,327.534,1.787,77.04,23.715,4.123,38,0,Medium
WAP7-1023,WAP7,WR,2013,60,97,86,83.494,3.078,2.257,93.459,77.238,65.739,887.288,328.985,1.614,81.191,23.699,3.859,37,0,Medium
WAP7-1023,WAP7,WR,2013,61,97,88,85.385,3.306,2.169,93.092,80.551,59.657,915.541,311.714,1.691,73.831,24.583,4.288,36,0,Medium
WAP7-1023,WAP7,WR,2013,62,97,90,80.875,3.203,2.145,90.366,77.171,60.05,871.139,314.906,1.86,80.804,22.774,3.931,35,0,Medium
WAP7-1023,WAP7,WR,2013,63,97,92,83.474,3.397,2.324,92.371,75.835,59.801,908.652,320.407,1.793,65.35,23.882,4.132,34,0,Medium
WAP7-1023,WAP7,WR,2013,64,97,94,87.55,3.346,1.965,91.278,77.884,60.041,904.551,319.356,1.71,64.386,23.652,4.012,33,0,Medium
WAP7-1023,WAP7,WR,2013,65,97,96,85.929,3.382,2.326,89.994,76.349,59.884,883.832,318.473,1.73,66.698,23.567,4.236,32,0,Medium
WAP7-1023,WAP7,WR,2013,66,97,98,84.065,3.4,2.256,90.616,79.332,62.293,873.932,321.032,1.741,61.042,23.867,3.903,31,0,Medium
WAP7-1023,WAP7,WR,2013,67,97,100,87.979,2.989,2.607,87.171,82.673,66.607,874.056,331.964,1.41,72.754,22.79,4.02,30,1,High
WAP7-1023,WAP7,WR,2013,68,97,102,91.311,2.915,3.291,92.026,81.248,64.969,868.631,358.023,1.409,72.529,23.949,3.553,29,1,High
WAP7-1023,WAP7,WR,2013,69,97,104,87.414,2.733,3.03,91.524,82.983,66.14,884.836,334.827,1.559,62.869,22.517,4.051,28,1,High
WAP7-1023,WAP7,WR,2013,70,97,106,92.397,3.005,2.803,88.073,81.346,62.375,833.198,351.94,1.373,64.53,23.148,4.016,27,1,High
WAP7-1023,WAP7,WR,2013,71,97,108,95.704,2.795,3.11,89.636,81.764,65.513,868.075,326.97,1.516,85.396,23.083,3.908,26,1,High
WAP7-1023,WAP7,WR,2013,72,97,110,87.728,3.089,3.403,91.624,85.875,65.683,859.93,349.152,1.504,68.715,23.395,4.112,25,1,High
WAP7-1023,WAP7,WR,2013,73,97,112,90.774,2.844,3.272,89.358,80.453,68.156,904.681,340.946,1.586,80.081,23.234,3.486,24,1,High
WAP7-1023,WAP7,WR,2013,74,97,114,88.591,2.691,3.269,89.71,79.299,66.895,863.1,355.48,1.303,77.992,23.04,3.893,23,1,High
WAP7-1023,WAP7,WR,2013,75,97,116,95.108,2.934,2.949,90.557,80.183,66.364,851.076,333.782,1.507,62.743,22.543,3.788,22,1,High
WAP7-1023,WAP7,WR,2013,76,97,118,90.775,2.825,3.673,88.381,80.417,67.865,839.432,335.527,1.48,70.817,22.856,3.665,21,1,High
WAP7-1023,WAP7,WR,2013,77,97,120,92.593,2.622,3.376,88.852,82.266,69.032,897.402,355.481,1.537,69.733,22.969,3.854,20,1,High
WAP7-1023,WAP7,WR,2013,78,97,122,96.297,2.72,3.517,88.286,82.833,68.145,871.439,353.025,1.392,69.353,22.345,3.451,19,1,High
WAP7-1023,WAP7,WR,2013,79,97,124,96.953,2.826,3.774,89.693,85.233,67.819,866.172,346.615,1.35,73.452,22.046,3.736,18,1,High
WAP7-1023,WAP7,WR,2013,80,97,126,100.445,2.656,3.855,86.055,81.347,65.758,849.75,368.651,1.582,75.979,22.148,3.769,17,1,High
WAP7-1023,WAP7,WR,2013,81,97,128,99.252,2.683,3.84,87.46,85.023,72.821,799.699,367.124,1.282,67.219,22.422,3.6,16,1,High
WAP7-1023,WAP7,WR,2013,82,97,130,100.799,2.504,4.061,87.534,82.379,73.969,879.899,367.796,1.382,75.163,23.147,3.697,15,1,High
WAP7-1023,WAP7,WR,2013,83,97,132,99.39,2.22,4.77,85.691,86.223,69.733,851.38,352.729,1.435,67.429,22.436,3.645,14,1,High
WAP7-1023,WAP7,WR,2013,84,97,134,102.547,2.357,5.121,84.22,90.257,74.112,861.09,344.808,1.237,71.373,21.985,3.55,13,1,High
WAP7-1023,WAP7,WR,2013,85,97,136,102.301,2.274,4.901,86.087,89.873,73.384,834.793,360.89,1.245,75.691,22.098,3.504,12,1,High
WAP7-1023,WAP7,WR,2013,86,97,138,106.556,2.495,5.396,85.155,89.396,73.032,817.2,367.904,1.158,65.473,21.919,3.141,11,1,High
WAP7-1023,WAP7,WR,2013,87,97,140,100.562,2.353,5.153,82.836,88.779,74.178,832.774,368.626,1.171,72.588,22.212,3.466,10,1,Critical
WAP7-1023,WAP7,WR,2013,88,97,142,109.65,2.1,5.885,83.429,95.243,74.731,840.391,389.156,1.196,70.348,21.797,3.426,9,1,Critical
WAP7-1023,WAP7,WR,2013,89,97,144,107.097,1.878,5.404,83.081,92.022,77.277,833.488,367.684,1.272,76.516,21.747,3.023,8,1,Critical
WAP7-1023,WAP7,WR,2013,90,97,146,111.758,2.09,6.458,83.425,95.471,82.223,838.154,353.717,1.002,69.019,22.182,3.326,7,1,Critical
WAP7-1023,WAP7,WR,2013,91,97,148,115.574,2.051,6.812,81.86,90.577,82.49,828.69,387.344,0.934,73.031,21.937,3.141,6,1,Critical
WAP7-1023,WAP7,WR,2013,92,97,150,108.223,2.2,6.879,80.047,93.927,82.554,828.108,378.285,0.996,79.102,21.575,3.358,5,1,Critical
WAP7-1023,WAP7,WR,2013,93,97,152,119.936,1.892,7.234,80.623,96.335,77.779,854.192,369.716,0.829,70.737,21.275,3.188,4,1,Critical
WAP7-1023,WAP7,WR,2013,94,97,154,118.935,2.019,7.004,78.58,99.482,86.959,811.631,381.238,0.951,70.561,21.538,2.992,3,1,Critical
WAP7-1023,WAP7,WR,2013,95,97,156,113.31,1.596,7.254,80.04,100.55,85.067,782.294,389.895,0.96,70.766,20.278,2.968,2,1,Critical
WAP7-1023,WAP7,WR,2013,96,97,158,124.343,1.501,7.703,77.79,104.358,88.207,781.68,398.666,0.953,69.349,20.769,2.732,1,1,Critical
WAP7-1023,WAP7,WR,2013,97,97,160,126.101,1.456,7.977,76.194,101.306,87.458,769.899,405.22,0.883,69.234,20.406,2.974,0,1,Critical
WAP5-1024,WAP5,WR,2019,1,175,-24,80.694,3.433,2.209,92.945,79.841,62.041,907.872,343.231,1.808,80.636,23.939,3.91,174,0,Low
WAP5-1024,WAP5,WR,2019,2,175,-22,84.509,3.471,1.628,92.762,76.282,58.03,905.453,313.882,1.857,66.064,24.168,4.108,173,0,Low
WAP5-1024,WAP5,WR,2019,3,175,-20,75.515,3.351,1.881,91.308,71.889,59.005,907.475,331.919,1.858,71.787,24.344,4.0,172,0,Low
WAP5-1024,WAP5,WR,2019,4,175,-18,84.388,3.534,2.171,92.633,78.164,58.145,906.114,314.873,1.72,66.153,23.778,4.244,171,0,Low
WAP5-1024,WAP5,WR,2019,5,175,-16,82.77,3.513,1.724,93.103,75.642,61.623,890.635,325.735,1.75,75.474,23.821,4.262,170,0,Low
WAP5-1024,WAP5,WR,2019,6,175,-14,85.883,3.607,1.589,92.391,75.814,56.879,921.931,318.672,1.714,79.094,24.023,4.223,169,0,Low
WAP5-1024,WAP5,WR,2019,7,175,-12,79.591,3.571,2.395,95.397,78.525,62.987,887.246,326.98,1.861,63.604,23.767,3.926,168,0,Low
WAP5-1024,WAP5,WR,2019,8,175,-10,81.639,3.238,2.214,93.633,75.342,55.634,927.375,324.769,1.745,65.029,23.037,4.377,167,0,Low
WAP5-1024,WAP5,WR,2019,9,175,-8,82.667,3.654,2.058,94.013,72.326,57.999,920.012,330.403,1.745,73.312,24.045,4.152,166,0,Low
WAP5-1024,WAP5,WR,2019,10,175,-6,83.176,3.443,2.017,95.78,76.085,58.52,935.8,333.247,1.701,74.79,23.95,4.032,165,0,Low
WAP5-1024,WAP5,WR,2019,11,175,-4,81.784,3.498,1.957,93.155,75.722,58.951,891.463,330.994,1.928,76.322,24.426,4.01,164,0,Low
WAP5-1024,WAP5,WR,2019,12,175,-2,82.129,3.561,1.753,92.23,73.984,59.802,887.209,325.899,1.752,70.35,24.206,4.151,163,0,Low
WAP5-1024,WAP5,WR,2019,13,175,0,82.807,3.41,1.918,92.157,76.692,61.865,913.037,318.093,1.62,71.569,24.044,4.573,162,0,Low
WAP5-1024,WAP5,WR,2019,14,175,2,85.687,3.259,1.807,95.215,77.325,57.848,899.14,315.424,1.703,62.811,24.237,4.167,161,0,Low
WAP5-1024,WAP5,WR,2019,15,175,4,81.592,3.387,1.33,94.805,74.98,58.296,874.577,322.378,1.776,71.788,24.02,4.049,160,0,Low
WAP5-1024,WAP5,WR,2019,16,175,6,81.13,3.111,2.187,94.954,82.249,58.429,914.772,321.583,1.822,65.906,23.836,4.67,159,0,Low
WAP5-1024,WAP5,WR,2019,17,175,8,82.324,3.614,2.068,91.796,78.184,61.214,884.808,303.934,1.839,74.663,23.672,4.43,158,0,Low
WAP5-1024,WAP5,WR,2019,18,175,10,83.519,3.549,2.122,91.211,73.17,64.017,885.435,319.432,1.854,72.457,23.431,4.089,157,0,Low
WAP5-1024,WAP5,WR,2019,19,175,12,82.908,3.318,1.915,94.494,75.333,60.584,921.592,323.322,1.832,71.668,23.702,4.202,156,0,Low
WAP5-1024,WAP5,WR,2019,20,175,14,80.926,3.585,1.875,94.023,76.001,59.788,887.675,308.775,1.748,76.423,23.169,4.131,155,0,Low
WAP5-1024,WAP5,WR,2019,21,175,16,80.462,3.292,2.159,95.536,77.287,59.241,868.357,319.809,1.77,65.153,23.787,4.299,154,0,Low
WAP5-1024,WAP5,WR,2019,22,175,18,84.4,3.371,2.277,93.314,75.636,61.681,919.194,323.495,1.924,76.279,23.691,4.502,153,0,Low
WAP5-1024,WAP5,WR,2019,23,175,20,78.882,3.669,1.874,91.915,77.904,60.135,865.533,336.65,1.826,67.781,23.82,4.211,152,0,Low
WAP5-1024,WAP5,WR,2019,24,175,22,80.405,3.222,2.133,94.199,74.97,62.604,870.538,321.349,1.681,70.49,23.967,4.383,151,0,Low
WAP5-1024,WAP5,WR,2019,25,175,24,75.762,3.364,2.015,93.365,74.877,59.049,916.77,296.532,1.717,71.972,24.268,3.95,150,0,Low
WAP5-1024,WAP5,WR,2019,26,175,26,81.363,3.235,1.75,92.869,80.626,56.946,894.964,309.209,1.893,66.697,23.738,4.354,149,0,Low
WAP5-1024,WAP5,WR,2019,27,175,28,85.0,3.446,1.644,94.115,76.255,59.761,889.358,310.6,1.813,74.091,23.255,4.322,148,0,Low
WAP5-1024,WAP5,WR,2019,28,175,30,83.853,3.404,1.935,93.768,76.513,59.177,914.432,329.107,1.705,72.495,24.998,3.878,147,0,Low
WAP5-1024,WAP5,WR,2019,29,175,32,81.874,3.339,1.602,91.065,80.317,62.947,895.547,319.881,1.863,70.457,23.906,4.224,146,0,Low
WAP5-1024,WAP5,WR,2019,30,175,34,78.938,3.556,2.104,94.726,74.216,58.92,881.773,331.359,1.735,67.759,24.349,4.246,145,0,Low
WAP5-1024,WAP5,WR,2019,31,175,36,81.427,3.45,1.5,94.46,75.406,57.966,890.826,340.957,1.785,73.928,24.166,4.39,144,0,Low
WAP5-1024,WAP5,WR,2019,32,175,38,81.609,3.464,1.694,95.333,77.743,60.135,901.953,317.969,1.828,73.162,24.722,4.326,143,0,Low
WAP5-1024,WAP5,WR,2019,33,175,40,84.087,3.552,2.149,92.053,82.215,61.631,908.472,310.599,1.879,75.415,24.379,4.011,142,0,Low
WAP5-1024,WAP5,WR,2019,34,175,42,84.42,3.272,1.525,95.662,74.384,58.167,888.253,335.873,1.855,72.976,24.467,3.947,141,0,Low
WAP5-1024,WAP5,WR,2019,35,175,44,80.736,3.576,2.132,96.718,78.917,61.21,909.722,336.327,1.774,74.682,23.892,4.099,140,0,Low
WAP5-1024,WAP5,WR,2019,36,175,46,81.154,3.5,1.548,94.72,76.334,60.266,876.269,326.806,1.773,67.454,24.334,4.101,139,0,Low
WAP5-1024,WAP5,WR,2019,37,175,48,83.297,3.443,2.088,91.904,75.64,62.978,898.25,314.19,1.715,65.803,23.893,3.955,138,0,Low
WAP5-1024,WAP5,WR,2019,38,175,50,81.537,3.355,2.273,90.3,73.267,60.699,871.897,333.006,1.857,66.359,24.198,3.811,137,0,Low
WAP5-1024,WAP5,WR,2019,39,175,52,82.931,3.465,1.923,91.638,75.694,59.701,883.055,328.631,1.758,65.18,23.783,4.099,136,0,Low
WAP5-1024,WAP5,WR,2019,40,175,54,81.193,3.456,2.418,95.326,73.48,59.705,901.983,322.141,1.794,82.64,24.067,4.343,135,0,Low
WAP5-1024,WAP5,WR,2019,41,175,56,87.244,3.659,1.812,94.217,78.145,63.691,917.285,305.605,1.649,63.642,23.651,4.111,134,0,Low
WAP5-1024,WAP5,WR,2019,42,175,58,82.585,3.226,1.602,93.794,76.288,62.202,862.219,315.463,1.624,65.017,23.721,3.899,133,0,Low
WAP5-1024,WAP5,WR,2019,43,175,60,84.278,3.296,1.729,91.356,75.9,61.458,834.705,308.864,1.701,69.681,24.207,3.906,132,0,Low
WAP5-1024,WAP5,WR,2019,44,175,62,77.147,3.185,2.036,92.598,76.26,55.71,884.196,309.404,1.764,65.511,23.886,3.8,131,0,Low
WAP5-1024,WAP5,WR,2019,45,175,64,90.11,3.556,2.354,93.009,79.602,61.215,881.455,323.928,1.837,74.792,24.332,4.077,130,0,Low
WAP5-1024,WAP5,WR,2019,46,175,66,80.581,3.474,1.819,93.265,77.378,62.3,889.405,324.665,1.794,79.522,23.708,4.314,129,0,Low
WAP5-1024,WAP5,WR,2019,47,175,68,89.375,3.255,1.911,94.699,74.786,61.707,876.669,321.243,1.836,64.711,24.36,4.385,128,0,Low
WAP5-1024,WAP5,WR,2019,48,175,70,83.453,3.378,2.36,92.833,75.448,62.198,903.185,327.795,1.678,70.191,23.739,4.075,127,0,Low
WAP5-1024,WAP5,WR,2019,49,175,72,85.261,3.342,2.103,94.723,73.432,58.984,898.831,322.371,1.674,76.988,24.022,3.761,126,0,Low
WAP5-1024,WAP5,WR,2019,50,175,74,79.758,3.559,1.849,92.7,77.281,63.34,893.614,340.965,1.807,77.182,24.018,3.651,125,0,Low
WAP5-1024,WAP5,WR,2019,51,175,76,79.927,3.392,1.74,95.211,81.552,63.398,880.762,306.789,1.893,78.903,24.212,3.906,124,0,Low
WAP5-1024,WAP5,WR,2019,52,175,78,84.659,3.369,2.332,92.294,71.064,63.496,853.537,327.422,1.758,72.909,23.306,4.407,123,0,Low
WAP5-1024,WAP5,WR,2019,53,175,80,81.606,3.385,2.065,95.636,75.358,62.419,834.028,321.242,1.812,70.931,23.656,4.022,122,0,Low
WAP5-1024,WAP5,WR,2019,54,175,82,79.536,3.276,1.817,94.482,74.816,59.642,886.236,325.568,1.842,69.026,23.884,4.173,121,0,Low
WAP5-1024,WAP5,WR,2019,55,175,84,81.068,3.527,1.619,91.017,76.95,62.096,871.209,333.83,1.805,79.604,23.96,4.023,120,0,Low
WAP5-1024,WAP5,WR,2019,56,175,86,86.776,3.378,1.652,91.059,71.484,61.455,901.191,315.474,1.668,71.013,23.686,4.16,119,0,Low
WAP5-1024,WAP5,WR,2019,57,175,88,77.543,3.345,1.754,93.112,76.842,60.619,893.433,305.709,1.589,75.057,23.7,3.969,118,0,Low
WAP5-1024,WAP5,WR,2019,58,175,90,80.885,3.46,2.238,93.035,76.577,59.562,897.629,346.806,1.803,67.172,23.572,4.182,117,0,Low
WAP5-1024,WAP5,WR,2019,59,175,92,87.362,3.304,2.027,91.075,76.976,60.136,902.605,331.196,1.796,73.184,24.711,3.658,116,0,Low
WAP5-1024,WAP5,WR,2019,60,175,94,77.019,3.325,2.364,95.001,76.613,59.506,867.575,313.515,1.634,64.279,24.981,4.034,115,0,Low
WAP5-1024,WAP5,WR,2019,61,175,96,87.305,3.526,2.407,92.394,73.593,59.266,903.987,321.348,1.642,67.467,23.937,4.366,114,0,Low
WAP5-1024,WAP5,WR,2019,62,175,98,85.964,3.333,2.115,95.903,74.919,60.843,890.038,334.134,1.718,77.363,22.971,3.766,113,0,Low
WAP5-1024,WAP5,WR,2019,63,175,100,87.784,3.302,2.349,93.208,77.671,61.644,916.569,321.146,1.595,69.182,24.096,4.103,112,0,Low
WAP5-1024,WAP5,WR,2019,64,175,102,82.475,3.517,2.52,91.75,82.427,65.115,897.103,320.418,1.723,71.886,23.643,3.907,111,0,Low
WAP5-1024,WAP5,WR,2019,65,175,104,80.866,3.422,2.385,94.869,73.809,63.416,902.027,300.634,1.751,70.89,24.259,4.04,110,0,Low
WAP5-1024,WAP5,WR,2019,66,175,106,78.065,3.225,1.727,93.954,76.043,61.15,891.09,322.656,1.798,75.324,23.979,4.059,109,0,Low
WAP5-1024,WAP5,WR,2019,67,175,108,88.101,3.347,2.001,90.797,72.613,59.627,917.279,342.594,1.73,68.935,23.216,3.77,108,0,Low
WAP5-1024,WAP5,WR,2019,68,175,110,84.237,3.555,2.507,93.084,73.117,60.103,879.392,345.579,1.747,68.776,23.53,4.23,107,0,Low
WAP5-1024,WAP5,WR,2019,69,175,112,83.748,3.29,1.965,89.008,79.865,61.009,885.625,329.183,1.826,73.044,23.807,4.195,106,0,Low
WAP5-1024,WAP5,WR,2019,70,175,114,82.704,3.444,3.081,92.785,78.094,60.619,875.193,328.523,1.699,70.886,24.595,4.366,105,0,Low
WAP5-1024,WAP5,WR,2019,71,175,116,84.513,3.462,1.915,90.9,72.966,62.376,913.061,318.923,1.78,78.645,24.205,4.077,104,0,Low
WAP5-1024,WAP5,WR,2019,72,175,118,81.379,3.432,2.896,92.907,74.718,59.814,884.011,324.548,1.681,68.318,23.548,3.919,103,0,Low
WAP5-1024,WAP5,WR,2019,73,175,120,86.045,3.402,1.869,93.781,77.518,62.085,902.282,332.786,1.765,79.393,23.519,4.036,102,0,Low
WAP5-1024,WAP5,WR,2019,74,175,122,79.543,3.335,2.293,93.372,72.6,59.91,873.119,315.102,1.641,76.372,23.913,4.171,101,0,Low
WAP5-1024,WAP5,WR,2019,75,175,124,83.056,3.355,2.07,94.315,81.655,59.61,884.359,335.708,1.752,74.5,23.452,3.672,100,0,Low
WAP5-1024,WAP5,WR,2019,76,175,126,85.822,3.355,2.188,93.23,71.531,61.129,890.046,310.691,1.798,81.404,23.682,4.212,99,0,Low
WAP5-1024,WAP5,WR,2019,77,175,128,83.861,3.48,2.295,90.056,74.437,61.191,908.942,307.139,1.729,68.173,23.791,4.045,98,0,Low
WAP5-1024,WAP5,WR,2019,78,175,130,80.592,3.308,2.335,92.798,74.477,61.814,880.754,315.086,1.701,75.117,23.742,3.825,97,0,Low
WAP5-1024,WAP5,WR,2019,79,175,132,81.828,3.232,2.063,91.622,80.075,63.717,882.718,313.399,1.644,66.037,23.34,3.827,96,0,Low
WAP5-1024,WAP5,WR,2019,80,175,134,85.331,3.111,2.547,92.221,76.711,62.901,909.405,329.6,1.794,75.198,24.14,4.08,95,0,Low
WAP5-1024,WAP5,WR,2019,81,175,136,89.319,3.493,3.039,91.172,78.076,63.838,899.518,322.783,1.817,77.157,23.728,4.191,94,0,Low
WAP5-1024,WAP5,WR,2019,82,175,138,84.586,3.277,2.127,91.98,71.651,64.671,868.71,339.252,1.722,79.561,22.908,3.981,93,0,Low
WAP5-1024,WAP5,WR,2019,83,175,140,83.937,3.31,2.806,92.581,73.721,62.447,871.101,336.229,1.652,64.632,24.346,4.054,92,0,Low
WAP5-1024,WAP5,WR,2019,84,175,142,82.58,3.534,1.686,92.949,78.632,62.372,901.334,326.272,1.593,63.513,23.536,4.19,91,0,Low
WAP5-1024,WAP5,WR,2019,85,175,144,84.723,3.391,2.63,90.903,76.114,62.806,905.711,340.945,1.655,68.766,24.425,3.891,90,0,Low
WAP5-1024,WAP5,WR,2019,86,175,146,83.819,3.376,2.109,93.535,82.173,60.531,887.616,322.615,1.755,72.057,23.38,4.533,89,0,Low
WAP5-1024,WAP5,WR,2019,87,175,148,84.423,3.376,2.373,94.923,77.692,61.649,887.468,319.629,1.744,65.302,23.472,4.197,88,0,Low
WAP5-1024,WAP5,WR,2019,88,175,150,81.776,3.593,1.679,91.244,76.824,63.831,874.293,324.648,1.687,79.948,23.402,4.216,87,0,Low
WAP5-1024,WAP5,WR,2019,89,175,152,86.416,3.272,2.481,94.694,77.038,63.68,868.001,324.513,1.71,68.346,23.745,4.255,86,0,Low
WAP5-1024,WAP5,WR,2019,90,175,154,85.459,3.21,1.692,91.378,78.103,59.92,890.652,330.813,1.761,80.055,23.63,3.765,85,0,Low
WAP5-1024,WAP5,WR,2019,91,175,156,85.703,3.279,2.275,92.148,75.438,61.879,875.416,316.109,1.642,69.6,23.281,4.156,84,0,Low
WAP5-1024,WAP5,WR,2019,92,175,158,78.333,3.153,2.187,92.581,82.17,61.146,848.039,329.25,1.7,68.704,23.556,3.91,83,0,Low
WAP5-1024,WAP5,WR,2019,93,175,160,89.249,3.372,2.043,94.224,76.79,65.411,889.426,325.265,1.669,77.943,23.002,3.925,82,0,Low
WAP5-1024,WAP5,WR,2019,94,175,162,80.201,3.664,2.619,93.698,72.065,66.209,857.519,322.152,1.615,66.711,23.816,4.261,81,0,Low
WAP5-1024,WAP5,WR,2019,95,175,164,84.134,3.173,2.032,94.165,75.436,58.92,896.863,324.955,1.601,70.612,23.9,3.718,80,0,Low
WAP5-1024,WAP5,WR,2019,96,175,166,86.081,3.515,1.852,92.817,75.376,64.189,905.763,318.302,1.624,77.81,23.263,3.954,79,0,Low
WAP5-1024,WAP5,WR,2019,97,175,168,86.266,3.14,2.973,91.513,78.82,64.172,899.106,334.548,1.613,81.217,24.056,3.901,78,0,Low
WAP5-1024,WAP5,WR,2019,98,175,170,83.145,3.408,2.612,92.151,80.217,65.739,878.033,317.407,1.787,78.548,24.139,3.914,77,0,Low
WAP5-1024,WAP5,WR,2019,99,175,172,80.997,3.086,1.84,92.688,78.418,60.825,915.501,312.656,1.54,78.365,23.226,4.11,76,0,Low
WAP5-1024,WAP5,WR,2019,100,175,174,82.32,3.223,2.52,91.951,83.704,63.862,898.729,336.429,1.733,71.987,23.503,4.095,75,0,Low
WAP5-1024,WAP5,WR,2019,101,175,176,80.171,3.313,2.209,93.059,76.969,63.663,894.57,337.027,1.58,70.865,23.859,4.048,74,0,Low
WAP5-1024,WAP5,WR,2019,102,175,178,87.621,3.427,1.967,93.077,79.09,57.903,879.877,333.638,1.71,65.649,23.582,3.78,73,0,Low
WAP5-1024,WAP5,WR,2019,103,175,180,86.183,3.19,1.78,91.894,78.239,62.035,911.363,325.522,1.581,71.224,23.88,3.901,72,0,Low
WAP5-1024,WAP5,WR,2019,104,175,0,84.588,3.282,2.526,91.055,78.049,63.391,881.405,324.325,1.685,64.63,23.164,4.241,71,0,Low
WAP5-1024,WAP5,WR,2019,105,175,2,78.916,3.138,1.985,91.847,80.908,61.325,895.287,333.459,1.713,70.751,24.05,4.131,70,0,Low
WAP5-1024,WAP5,WR,2019,106,175,4,83.223,3.32,2.358,94.033,75.164,61.235,883.739,330.115,1.775,79.924,23.212,3.637,69,0,Low
WAP5-1024,WAP5,WR,2019,107,175,6,90.829,3.473,3.105,92.601,78.41,58.13,863.042,327.946,1.878,70.953,23.539,3.726,68,0,Low
WAP5-1024,WAP5,WR,2019,108,175,8,82.776,3.351,2.634,92.495,80.228,62.401,879.741,316.132,1.658,74.034,23.624,4.497,67,0,Low
WAP5-1024,WAP5,WR,2019,109,175,10,85.124,3.501,2.242,91.415,76.92,58.994,888.112,308.547,1.657,70.547,24.562,3.951,66,0,Low
WAP5-1024,WAP5,WR,2019,110,175,12,89.802,3.078,2.163,91.632,75.294,62.935,864.628,333.305,1.687,81.684,23.283,4.121,65,0,Low
WAP5-1024,WAP5,WR,2019,111,175,14,82.53,2.872,2.617,90.805,80.421,61.737,909.64,316.473,1.792,73.442,23.556,4.076,64,0,Low
WAP5-1024,WAP5,WR,2019,112,175,16,88.293,3.017,3.082,91.602,82.42,62.713,914.341,320.555,1.601,77.088,24.087,4.086,63,0,Low
WAP5-1024,WAP5,WR,2019,113,175,18,85.814,3.143,2.036,90.851,81.258,58.623,919.243,333.814,1.542,67.288,24.007,4.222,62,0,Low
WAP5-1024,WAP5,WR,2019,114,175,20,88.156,3.156,2.415,91.22,79.672,61.7,877.007,326.489,1.544,82.013,23.46,4.292,61,0,Low
WAP5-1024,WAP5,WR,2019,115,175,22,83.491,3.214,2.432,92.222,76.057,62.474,894.36,343.231,1.683,70.496,24.089,3.437,60,0,Medium
WAP5-1024,WAP5,WR,2019,116,175,24,86.588,3.305,2.701,93.235,77.836,64.653,909.023,323.932,1.746,79.595,23.869,3.871,59,0,Medium
WAP5-1024,WAP5,WR,2019,117,175,26,83.378,3.447,2.929,91.396,78.678,62.799,845.812,326.904,1.721,58.075,23.357,4.172,58,0,Medium
WAP5-1024,WAP5,WR,2019,118,175,28,86.676,3.149,2.214,95.389,76.787,62.932,905.421,335.545,1.647,65.966,23.253,4.364,57,0,Medium
WAP5-1024,WAP5,WR,2019,119,175,30,84.866,3.113,2.481,89.974,77.465,65.797,908.307,321.002,1.629,63.221,23.159,3.971,56,0,Medium
WAP5-1024,WAP5,WR,2019,120,175,32,90.737,3.407,2.187,94.222,77.769,60.268,873.081,328.613,1.628,73.582,23.631,3.893,55,0,Medium
WAP5-1024,WAP5,WR,2019,121,175,34,81.663,3.274,2.779,93.126,79.375,62.656,880.958,324.726,1.674,73.348,23.872,3.947,54,0,Medium
WAP5-1024,WAP5,WR,2019,122,175,36,85.331,3.079,2.679,91.761,79.814,65.698,901.174,316.445,1.723,74.501,23.275,3.779,53,0,Medium
WAP5-1024,WAP5,WR,2019,123,175,38,88.456,3.164,2.487,92.815,79.654,64.065,902.367,326.338,1.531,67.96,23.043,3.905,52,0,Medium
WAP5-1024,WAP5,WR,2019,124,175,40,87.695,3.023,2.215,90.2,79.164,64.863,842.651,326.23,1.707,77.422,23.179,4.06,51,0,Medium
WAP5-1024,WAP5,WR,2019,125,175,42,81.332,3.177,3.17,89.416,76.07,62.763,892.119,312.408,1.728,74.328,23.35,3.872,50,0,Medium
WAP5-1024,WAP5,WR,2019,126,175,44,84.435,3.235,2.508,92.391,82.348,62.448,872.436,337.649,1.554,75.159,24.78,4.147,49,0,Medium
WAP5-1024,WAP5,WR,2019,127,175,46,82.87,3.203,2.602,90.971,80.516,60.138,900.049,337.477,1.713,69.842,23.741,4.244,48,0,Medium
WAP5-1024,WAP5,WR,2019,128,175,48,85.797,3.454,2.428,92.914,80.104,60.488,866.407,330.015,1.729,71.059,23.508,3.959,47,0,Medium
WAP5-1024,WAP5,WR,2019,129,175,50,90.675,2.759,2.644,90.012,76.678,60.782,888.883,330.674,1.732,73.467,23.487,3.871,46,0,Medium
WAP5-1024,WAP5,WR,2019,130,175,52,90.474,2.93,2.738,91.988,79.539,61.859,917.303,325.22,1.697,68.099,23.642,4.276,45,0,Medium
WAP5-1024,WAP5,WR,2019,131,175,54,87.056,3.335,2.315,90.806,82.878,60.668,908.762,339.071,1.663,80.207,23.946,4.195,44,0,Medium
WAP5-1024,WAP5,WR,2019,132,175,56,83.127,3.222,2.506,89.635,77.637,60.101,871.092,330.862,1.606,72.426,23.64,3.881,43,0,Medium
WAP5-1024,WAP5,WR,2019,133,175,58,88.985,2.924,2.125,91.29,77.189,64.029,880.669,330.951,1.691,77.791,23.054,3.912,42,0,Medium
WAP5-1024,WAP5,WR,2019,134,175,60,88.186,2.933,2.206,92.789,77.904,66.228,930.245,320.389,1.62,76.463,23.408,3.897,41,0,Medium
WAP5-1024,WAP5,WR,2019,135,175,62,88.417,3.265,2.519,92.959,77.012,61.848,865.756,332.778,1.709,76.341,23.431,3.744,40,0,Medium
WAP5-1024,WAP5,WR,2019,136,175,64,89.149,2.884,2.423,91.465,78.468,60.605,904.249,322.997,1.679,80.912,24.082,4.016,39,0,Medium
WAP5-1024,WAP5,WR,2019,137,175,66,82.883,3.246,2.375,92.072,79.369,65.484,905.9,337.786,1.661,79.643,23.22,4.184,38,0,Medium
WAP5-1024,WAP5,WR,2019,138,175,68,87.79,3.276,2.009,93.46,79.43,58.719,886.002,326.502,1.627,73.485,23.674,4.076,37,0,Medium
WAP5-1024,WAP5,WR,2019,139,175,70,92.599,3.171,2.678,92.585,74.703,61.937,847.507,331.653,1.577,72.677,23.595,4.159,36,0,Medium
WAP5-1024,WAP5,WR,2019,140,175,72,87.877,2.98,2.253,94.271,76.717,62.469,914.182,334.176,1.721,73.943,23.762,3.835,35,0,Medium
WAP5-1024,WAP5,WR,2019,141,175,74,92.632,3.433,2.239,90.679,77.566,63.184,920.058,338.72,1.691,72.599,23.38,4.37,34,0,Medium
WAP5-1024,WAP5,WR,2019,142,175,76,87.875,3.258,2.804,93.862,78.335,62.338,868.9,338.944,1.512,77.461,23.566,3.537,33,0,Medium
WAP5-1024,WAP5,WR,2019,143,175,78,90.901,3.374,2.87,93.657,79.659,64.998,922.791,336.855,1.499,80.726,23.605,3.794,32,0,Medium
WAP5-1024,WAP5,WR,2019,144,175,80,86.334,2.923,3.206,92.889,77.554,61.38,862.599,325.324,1.638,70.232,23.905,3.911,31,0,Medium
WAP5-1024,WAP5,WR,2019,145,175,82,106.71,2.545,4.895,87.682,83.733,68.877,859.031,351.702,1.245,73.164,22.425,3.505,30,1,High
WAP5-1024,WAP5,WR,2019,146,175,84,100.645,2.118,4.446,87.087,88.133,68.263,878.694,364.274,1.304,63.93,22.277,3.327,29,1,High
WAP5-1024,WAP5,WR,2019,147,175,86,104.549,2.042,4.825,85.762,88.582,69.405,855.769,355.574,1.302,73.601,22.299,3.246,28,1,High
WAP5-1024,WAP5,WR,2019,148,175,88,95.464,2.395,5.005,86.25,87.432,74.07,920.815,360.847,1.061,65.997,22.009,3.441,27,1,High
WAP5-1024,WAP5,WR,2019,149,175,90,96.48,2.219,4.089,86.311,88.946,71.564,878.007,363.067,1.16,62.318,22.022,3.392,26,1,High
WAP5-1024,WAP5,WR,2019,150,175,92,96.099,2.265,4.832,85.41,84.887,71.803,846.407,365.72,1.118,70.86,21.799,3.411,25,1,High
WAP5-1024,WAP5,WR,2019,151,175,94,102.811,2.088,5.223,85.564,88.057,69.32,837.597,367.135,1.195,71.543,21.514,3.599,24,1,High
WAP5-1024,WAP5,WR,2019,152,175,96,102.784,2.301,4.98,86.859,89.843,66.349,838.219,372.635,1.251,77.512,22.547,2.873,23,1,High
WAP5-1024,WAP5,WR,2019,153,175,98,98.835,2.129,4.816,85.89,89.204,71.505,842.656,363.072,1.16,77.38,22.15,3.574,22,1,High
WAP5-1024,WAP5,WR,2019,154,175,100,104.688,2.16,5.259,82.953,92.483,72.755,820.502,356.262,1.154,79.952,22.0,3.283,21,1,High
WAP5-1024,WAP5,WR,2019,155,175,102,97.147,2.211,5.347,85.279,92.646,74.607,861.03,357.659,1.084,62.446,22.402,3.002,20,1,High
WAP5-1024,WAP5,WR,2019,156,175,104,104.342,1.879,5.279,84.06,86.047,73.148,838.522,358.61,1.161,77.084,22.14,2.92,19,1,High
WAP5-1024,WAP5,WR,2019,157,175,106,103.228,2.112,5.601,84.531,95.246,71.529,827.005,359.285,0.976,75.744,21.854,3.178,18,1,High
WAP5-1024,WAP5,WR,2019,158,175,108,107.67,2.149,5.317,83.008,92.203,75.017,824.67,353.522,1.068,72.824,21.852,2.802,17,1,High
WAP5-1024,WAP5,WR,2019,159,175,110,108.284,1.724,5.24,79.932,91.412,76.526,845.266,361.397,1.124,67.495,21.578,3.379,16,1,High
WAP5-1024,WAP5,WR,2019,160,175,112,109.776,1.951,5.696,82.045,93.065,73.004,797.85,370.046,1.151,73.564,21.684,2.927,15,1,High
WAP5-1024,WAP5,WR,2019,161,175,114,106.473,1.939,5.807,82.48,91.834,78.308,829.304,356.75,0.845,78.448,21.867,2.913,14,1,High
WAP5-1024,WAP5,WR,2019,162,175,116,113.154,1.8,5.915,85.162,93.394,79.328,814.711,384.145,0.898,76.521,21.007,3.189,13,1,High
WAP5-1024,WAP5,WR,2019,163,175,118,115.337,1.959,6.38,80.368,100.301,78.767,811.18,386.223,1.01,74.809,21.516,2.684,12,1,High
WAP5-1024,WAP5,WR,2019,164,175,120,116.881,1.24,6.891,83.4,100.676,81.153,810.394,400.782,0.903,79.784,21.459,2.854,11,1,High
WAP5-1024,WAP5,WR,2019,165,175,122,110.865,1.538,7.201,79.469,92.427,84.545,809.741,389.49,0.844,74.248,20.787,3.016,10,1,Critical
WAP5-1024,WAP5,WR,2019,166,175,124,119.683,1.681,7.12,79.997,98.063,82.235,826.758,373.74,0.802,78.688,21.189,3.061,9,1,Critical
WAP5-1024,WAP5,WR,2019,167,175,126,117.241,1.476,7.307,80.527,100.054,82.778,808.694,394.639,0.828,74.388,21.152,2.664,8,1,Critical
WAP5-1024,WAP5,WR,2019,168,175,128,117.372,1.269,7.422,76.857,101.931,86.09,784.742,405.88,0.696,74.309,21.417,2.571,7,1,Critical
WAP5-1024,WAP5,WR,2019,169,175,130,120.936,1.206,7.945,78.555,103.024,88.089,777.744,398.292,0.688,68.178,20.309,2.668,6,1,Critical
WAP5-1024,WAP5,WR,2019,170,175,132,122.709,1.395,8.256,75.104,103.495,87.416,816.932,420.42,0.76,71.408,20.595,2.466,5,1,Critical
WAP5-1024,WAP5,WR,2019,171,175,134,122.587,1.317,7.933,75.726,102.022,89.635,822.458,418.184,0.727,75.095,20.005,2.37,4,1,Critical
WAP5-1024,WAP5,WR,2019,172,175,136,128.102,1.222,8.452,77.617,103.129,89.765,815.626,406.143,0.643,74.978,20.437,2.287,3,1,Critical
WAP5-1024,WAP5,WR,2019,173,175,138,128.962,1.037,8.409,73.91,107.266,91.049,787.203,402.898,0.539,69.7,19.181,2.509,2,1,Critical
WAP5-1024,WAP5,WR,2019,174,175,140,126.178,1.02,9.0,73.853,104.08,91.449,793.913,407.161,0.5,78.718,19.255,2.447,1,1,Critical
WAP5-1024,WAP5,WR,2019,175,175,142,130.746,1.023,9.0,72.498,111.138,97.471,779.46,417.482,0.642,76.498,19.947,1.974,0,1,Critical
WAP5-1025,WAP5,SR,2013,1,126,-6,76.571,3.553,1.669,94.559,74.569,61.563,903.57,329.527,1.7,70.865,24.159,4.228,125,0,Low
WAP5-1025,WAP5,SR,2013,2,126,-4,84.021,3.667,1.427,94.577,76.69,55.803,888.877,326.138,1.83,65.649,23.882,3.96,124,0,Low
WAP5-1025,WAP5,SR,2013,3,126,-2,82.583,3.43,1.24,93.394,75.839,59.935,920.363,318.022,1.701,71.224,24.18,4.081,123,0,Low
WAP5-1025,WAP5,SR,2013,4,126,0,80.988,3.522,1.986,92.555,75.649,61.291,890.405,316.825,1.805,64.63,23.464,4.421,122,0,Low
WAP5-1025,WAP5,SR,2013,5,126,2,75.316,3.378,1.445,93.347,78.508,59.225,904.287,325.959,1.833,70.751,24.35,4.311,121,0,Low
WAP5-1025,WAP5,SR,2013,6,126,4,79.623,3.56,1.818,95.533,72.764,59.135,892.739,322.615,1.895,79.924,23.512,3.817,120,0,Low
WAP5-1025,WAP5,SR,2013,7,126,6,87.229,3.713,2.565,94.101,76.01,56.03,872.042,320.446,1.998,70.953,23.839,3.906,119,0,Low
WAP5-1025,WAP5,SR,2013,8,126,8,79.176,3.591,2.094,93.995,77.828,60.301,888.741,308.632,1.778,74.034,23.924,4.677,118,0,Low
WAP5-1025,WAP5,SR,2013,9,126,10,81.524,3.741,1.702,92.915,74.52,56.894,897.112,301.047,1.777,70.547,24.862,4.131,117,0,Low
WAP5-1025,WAP5,SR,2013,10,126,12,86.202,3.318,1.623,93.132,72.894,60.835,873.628,325.805,1.807,81.684,23.583,4.301,116,0,Low
WAP5-1025,WAP5,SR,2013,11,126,14,78.93,3.112,2.077,92.305,78.021,59.637,918.64,308.973,1.912,73.442,23.856,4.256,115,0,Low
WAP5-1025,WAP5,SR,2013,12,126,16,84.693,3.257,2.542,93.102,80.02,60.613,923.341,313.055,1.721,77.088,24.387,4.266,114,0,Low
WAP5-1025,WAP5,SR,2013,13,126,18,82.214,3.383,1.496,92.351,78.858,56.523,928.243,326.314,1.662,67.288,24.307,4.402,113,0,Low
WAP5-1025,WAP5,SR,2013,14,126,20,84.556,3.396,1.875,92.72,77.272,59.6,886.007,318.989,1.664,82.013,23.76,4.472,112,0,Low
WAP5-1025,WAP5,SR,2013,15,126,22,79.891,3.454,1.892,93.722,73.657,60.374,903.36,335.731,1.803,70.496,24.389,3.617,111,0,Low
WAP5-1025,WAP5,SR,2013,16,126,24,82.988,3.545,2.161,94.735,75.436,62.553,918.023,316.432,1.866,79.595,24.169,4.051,110,0,Low
WAP5-1025,WAP5,SR,2013,17,126,26,79.778,3.687,2.389,92.896,76.278,60.699,854.812,319.404,1.841,58.075,23.657,4.352,109,0,Low
WAP5-1025,WAP5,SR,2013,18,126,28,83.076,3.389,1.674,96.889,74.387,60.832,914.421,328.045,1.767,65.966,23.553,4.544,108,0,Low
WAP5-1025,WAP5,SR,2013,19,126,30,81.266,3.353,1.941,91.474,75.065,63.697,917.307,313.502,1.749,63.221,23.459,4.151,107,0,Low
WAP5-1025,WAP5,SR,2013,20,126,32,87.137,3.647,1.647,95.722,75.369,58.168,882.081,321.113,1.748,73.582,23.931,4.073,106,0,Low
WAP5-1025,WAP5,SR,2013,21,126,34,78.063,3.514,2.239,94.626,76.975,60.556,889.958,317.226,1.794,73.348,24.172,4.127,105,0,Low
WAP5-1025,WAP5,SR,2013,22,126,36,81.731,3.319,2.139,93.261,77.414,63.598,910.174,308.945,1.843,74.501,23.575,3.959,104,0,Low
WAP5-1025,WAP5,SR,2013,23,126,38,84.856,3.404,1.947,94.315,77.254,61.965,911.367,318.838,1.651,67.96,23.343,4.085,103,0,Low
WAP5-1025,WAP5,SR,2013,24,126,40,84.095,3.263,1.675,91.7,76.764,62.763,851.651,318.73,1.827,77.422,23.479,4.24,102,0,Low
WAP5-1025,WAP5,SR,2013,25,126,42,77.732,3.417,2.63,90.916,73.67,60.663,901.119,304.908,1.848,74.328,23.65,4.052,101,0,Low
WAP5-1025,WAP5,SR,2013,26,126,44,80.835,3.475,1.968,93.891,79.948,60.348,881.436,330.149,1.674,75.159,25.08,4.327,100,0,Low
WAP5-1025,WAP5,SR,2013,27,126,46,79.27,3.443,2.062,92.471,78.116,58.038,909.049,329.977,1.833,69.842,24.041,4.424,99,0,Low
WAP5-1025,WAP5,SR,2013,28,126,48,82.197,3.694,1.888,94.414,77.704,58.388,875.407,322.515,1.849,71.059,23.808,4.139,98,0,Low
WAP5-1025,WAP5,SR,2013,29,126,50,87.075,2.999,2.104,91.512,74.278,58.682,897.883,323.174,1.852,73.467,23.787,4.051,97,0,Low
WAP5-1025,WAP5,SR,2013,30,126,52,86.874,3.17,2.198,93.488,77.139,59.759,926.303,317.72,1.817,68.099,23.942,4.456,96,0,Low
WAP5-1025,WAP5,SR,2013,31,126,54,83.456,3.575,1.775,92.306,80.478,58.568,917.762,331.571,1.783,80.207,24.246,4.375,95,0,Low
WAP5-1025,WAP5,SR,2013,32,126,56,79.527,3.462,1.966,91.135,75.237,58.001,880.092,323.362,1.726,72.426,23.94,4.061,94,0,Low
WAP5-1025,WAP5,SR,2013,33,126,58,85.385,3.164,1.585,92.79,74.789,61.929,889.669,323.451,1.811,77.791,23.354,4.092,93,0,Low
WAP5-1025,WAP5,SR,2013,34,126,60,84.586,3.173,1.666,94.289,75.504,64.128,939.245,312.889,1.74,76.463,23.708,4.077,92,0,Low
WAP5-1025,WAP5,SR,2013,35,126,62,84.817,3.505,1.979,94.459,74.612,59.748,874.756,325.278,1.829,76.341,23.731,3.924,91,0,Low
WAP5-1025,WAP5,SR,2013,36,126,64,85.549,3.124,1.883,92.965,76.068,58.505,913.249,315.497,1.799,80.912,24.382,4.196,90,0,Low
WAP5-1025,WAP5,SR,2013,37,126,66,79.283,3.486,1.835,93.572,76.969,63.384,914.9,330.286,1.781,79.643,23.52,4.364,89,0,Low
WAP5-1025,WAP5,SR,2013,38,126,68,84.19,3.516,1.469,94.96,77.03,56.619,895.002,319.002,1.747,73.485,23.974,4.256,88,0,Low
WAP5-1025,WAP5,SR,2013,39,126,70,88.999,3.411,2.138,94.085,72.303,59.837,856.507,324.153,1.697,72.677,23.895,4.339,87,0,Low
WAP5-1025,WAP5,SR,2013,40,126,72,84.277,3.22,1.713,95.771,74.317,60.369,923.182,326.676,1.841,73.943,24.062,4.015,86,0,Low
WAP5-1025,WAP5,SR,2013,41,126,74,89.032,3.673,1.699,92.179,75.166,61.084,929.058,331.22,1.811,72.599,23.68,4.55,85,0,Low
WAP5-1025,WAP5,SR,2013,42,126,76,84.275,3.498,2.264,95.362,75.935,60.238,877.9,331.444,1.632,77.461,23.866,3.717,84,0,Low
WAP5-1025,WAP5,SR,2013,43,126,78,87.301,3.614,2.33,95.157,77.259,62.898,931.791,329.355,1.619,80.726,23.905,3.974,83,0,Low
WAP5-1025,WAP5,SR,2013,44,126,80,82.734,3.163,2.666,94.389,75.154,59.28,871.599,317.824,1.758,70.232,24.205,4.091,82,0,Low
WAP5-1025,WAP5,SR,2013,45,126,82,90.93,3.597,2.528,94.257,73.213,59.672,898.481,318.827,1.771,73.164,23.74,4.294,81,0,Low
WAP5-1025,WAP5,SR,2013,46,126,84,84.747,3.177,2.061,93.71,77.535,58.985,918.442,331.158,1.834,63.93,23.602,4.121,80,0,Low
WAP5-1025,WAP5,SR,2013,47,126,86,88.468,3.11,2.413,92.46,77.861,60.004,895.995,322.082,1.836,73.601,23.639,4.047,79,0,Low
WAP5-1025,WAP5,SR,2013,48,126,88,79.132,3.476,2.556,93.05,76.544,64.498,961.695,326.847,1.601,65.997,23.37,4.251,78,0,Low
WAP5-1025,WAP5,SR,2013,49,126,90,79.831,3.315,1.591,93.239,77.847,61.772,919.719,328.425,1.708,62.318,23.409,4.212,77,0,Low
WAP5-1025,WAP5,SR,2013,50,126,92,79.066,3.379,2.277,92.493,73.531,61.742,889.129,330.304,1.674,70.86,23.219,4.244,76,0,Low
WAP5-1025,WAP5,SR,2013,51,126,94,85.327,3.222,2.6,92.829,76.401,58.941,881.507,330.81,1.762,71.543,22.971,4.445,75,0,Low
WAP5-1025,WAP5,SR,2013,52,126,96,84.782,3.458,2.28,94.332,77.842,55.603,883.495,335.269,1.83,77.512,24.047,3.735,74,0,Low
WAP5-1025,WAP5,SR,2013,53,126,98,80.25,3.311,2.028,93.598,76.814,60.343,889.475,324.531,1.751,77.38,23.699,4.454,73,0,Low
WAP5-1025,WAP5,SR,2013,54,126,100,85.452,3.371,2.374,90.923,79.659,61.129,869.042,316.412,1.759,79.952,23.603,4.182,72,0,Low
WAP5-1025,WAP5,SR,2013,55,126,102,77.193,3.452,2.354,93.537,79.344,62.468,911.469,316.368,1.704,62.446,24.065,3.922,71,0,Low
WAP5-1025,WAP5,SR,2013,56,126,104,83.604,3.154,2.168,92.633,72.222,60.447,891.037,315.743,1.798,77.084,23.868,3.863,70,0,Low
WAP5-1025,WAP5,SR,2013,57,126,106,81.64,3.423,2.363,93.446,80.854,58.216,881.775,314.71,1.631,75.744,23.653,4.146,69,0,Low
WAP5-1025,WAP5,SR,2013,58,126,108,85.164,3.499,1.941,92.291,77.199,61.044,881.872,307.106,1.743,72.824,23.727,3.796,68,0,Low
WAP5-1025,WAP5,SR,2013,59,126,110,84.795,3.116,1.717,89.61,75.753,61.844,905.078,313.006,1.82,67.495,23.535,4.401,67,0,Low
WAP5-1025,WAP5,SR,2013,60,126,112,85.236,3.387,2.015,92.145,76.705,57.564,860.45,319.546,1.869,73.564,23.729,3.979,66,0,Low
WAP5-1025,WAP5,SR,2013,61,126,114,80.816,3.422,1.958,93.028,74.729,62.061,894.869,304.008,1.587,78.448,24.005,3.997,65,0,Low
WAP5-1025,WAP5,SR,2013,62,126,116,86.313,3.332,1.889,96.185,75.5,62.226,883.42,329.028,1.664,76.521,23.244,4.306,64,0,Low
WAP5-1025,WAP5,SR,2013,63,126,118,87.245,3.544,2.166,91.893,81.573,60.76,883.21,328.598,1.802,74.809,23.857,3.836,63,0,Low
WAP5-1025,WAP5,SR,2013,64,126,120,87.471,2.88,2.479,95.453,81.069,62.192,885.923,340.515,1.723,79.784,23.91,4.044,62,0,Low
WAP5-1025,WAP5,SR,2013,65,126,122,80.072,3.235,2.582,92.077,71.898,64.582,888.946,326.449,1.693,74.248,23.353,4.244,61,0,Low
WAP5-1025,WAP5,SR,2013,66,126,124,87.439,3.439,2.283,93.187,76.567,61.221,909.818,307.79,1.68,78.688,23.876,4.331,60,0,Medium
WAP5-1025,WAP5,SR,2013,67,126,126,83.48,3.297,2.243,94.326,77.547,60.664,895.787,325.648,1.738,74.388,23.965,3.976,59,0,Medium
WAP5-1025,WAP5,SR,2013,68,126,128,82.026,3.155,2.12,91.291,78.368,62.827,876.044,333.713,1.639,74.309,24.363,3.926,58,0,Medium
WAP5-1025,WAP5,SR,2013,69,126,130,83.94,3.16,2.396,93.65,78.36,63.628,873.434,322.817,1.666,68.178,23.392,4.07,57,0,Medium
WAP5-1025,WAP5,SR,2013,70,126,132,83.996,3.42,2.449,90.888,77.686,61.708,917.187,341.504,1.773,71.408,23.821,3.916,56,0,Medium
WAP5-1025,WAP5,SR,2013,71,126,134,82.09,3.416,1.859,92.224,75.024,62.632,927.457,335.693,1.776,75.095,23.38,3.869,55,0,Medium
WAP5-1025,WAP5,SR,2013,72,126,136,85.754,3.397,2.1,94.857,74.897,61.417,925.546,319.943,1.73,74.978,23.966,3.837,54,0,Medium
WAP5-1025,WAP5,SR,2013,73,126,138,84.697,3.291,1.769,91.918,77.756,61.308,902.222,312.857,1.666,69.7,22.87,4.113,53,0,Medium
WAP5-1025,WAP5,SR,2013,74,126,140,79.928,3.356,2.156,92.657,73.247,60.265,914.209,313.144,1.545,78.718,23.109,4.105,52,0,Medium
WAP5-1025,WAP5,SR,2013,75,126,142,82.446,3.443,2.249,92.123,78.938,64.796,905.21,319.357,1.852,76.498,23.972,3.689,51,0,Medium
WAP5-1025,WAP5,SR,2013,76,126,144,83.556,3.416,2.623,92.314,78.944,58.715,925.117,326.718,1.592,76.587,23.996,4.5,50,0,Medium
WAP5-1025,WAP5,SR,2013,77,126,146,86.754,3.417,1.431,93.661,76.566,62.987,874.599,310.758,1.643,72.966,23.764,3.802,49,0,Medium
WAP5-1025,WAP5,SR,2013,78,126,148,83.728,3.599,2.508,92.09,72.437,57.923,880.646,327.951,1.628,84.206,24.077,4.0,48,0,Medium
WAP5-1025,WAP5,SR,2013,79,126,150,85.433,3.424,2.2,93.78,76.27,62.87,892.186,320.888,1.516,74.381,23.528,3.994,47,0,Medium
WAP5-1025,WAP5,SR,2013,80,126,152,84.045,3.302,2.212,90.616,77.28,62.153,874.259,316.59,1.798,73.5,23.127,3.584,46,0,Medium
WAP5-1025,WAP5,SR,2013,81,126,154,83.663,3.175,1.894,93.123,77.461,57.82,880.683,336.154,1.757,77.273,24.703,3.978,45,0,Medium
WAP5-1025,WAP5,SR,2013,82,126,156,88.767,3.282,1.891,89.494,74.281,61.324,894.201,307.05,1.695,73.402,24.288,4.215,44,0,Medium
WAP5-1025,WAP5,SR,2013,83,126,158,84.362,3.369,2.213,93.947,78.234,61.908,928.712,321.875,1.846,75.958,23.462,4.239,43,0,Medium
WAP5-1025,WAP5,SR,2013,84,126,160,87.347,3.425,2.536,94.577,76.888,60.09,908.02,332.642,1.917,68.478,23.6,3.824,42,0,Medium
WAP5-1025,WAP5,SR,2013,85,126,162,83.622,3.52,2.418,92.044,79.435,57.724,865.772,316.717,1.642,77.505,23.611,3.784,41,0,Medium
WAP5-1025,WAP5,SR,2013,86,126,164,83.49,3.541,2.098,91.916,71.705,62.268,889.934,341.1,1.636,71.606,23.56,4.446,40,0,Medium
WAP5-1025,WAP5,SR,2013,87,126,166,85.764,3.247,1.793,92.477,72.219,58.229,881.44,323.683,1.626,73.933,23.717,4.18,39,0,Medium
WAP5-1025,WAP5,SR,2013,88,126,168,87.409,3.096,1.674,91.833,77.831,60.641,932.412,329.699,1.672,67.889,23.745,4.091,38,0,Medium
WAP5-1025,WAP5,SR,2013,89,126,170,82.725,3.353,2.766,95.725,81.3,61.327,884.541,319.368,1.88,64.516,24.032,4.079,37,0,Medium
WAP5-1025,WAP5,SR,2013,90,126,172,85.444,3.477,1.735,91.62,77.28,60.489,900.796,308.038,1.69,77.086,23.003,4.198,36,0,Medium
WAP5-1025,WAP5,SR,2013,91,126,174,86.624,3.355,2.078,93.85,77.915,64.206,851.415,343.138,1.808,75.458,24.038,4.035,35,0,Medium
WAP5-1025,WAP5,SR,2013,92,126,176,84.531,3.36,2.844,93.442,79.199,61.681,885.135,328.229,1.547,70.754,23.557,4.165,34,0,Medium
WAP5-1025,WAP5,SR,2013,93,126,178,85.007,3.391,2.276,92.106,74.896,63.155,871.04,328.643,1.643,72.93,23.958,3.993,33,0,Medium
WAP5-1025,WAP5,SR,2013,94,126,180,84.618,3.311,2.46,94.798,76.461,63.403,863.732,314.781,1.706,70.539,23.724,4.507,32,0,Medium
WAP5-1025,WAP5,SR,2013,95,126,0,83.949,3.334,2.283,93.811,76.17,59.654,916.404,334.081,1.743,74.437,23.772,4.26,31,0,Medium
WAP5-1025,WAP5,SR,2013,96,126,2,90.321,2.788,3.559,88.89,81.256,67.716,872.882,344.489,1.338,77.731,23.022,3.841,30,1,High
WAP5-1025,WAP5,SR,2013,97,126,4,94.846,2.538,3.713,90.781,80.929,65.336,849.683,365.798,1.386,71.18,23.165,3.621,29,1,High
WAP5-1025,WAP5,SR,2013,98,126,6,94.847,2.567,4.057,89.23,85.149,66.908,895.269,341.112,1.418,70.06,23.195,3.766,28,1,High
WAP5-1025,WAP5,SR,2013,99,126,8,90.32,2.602,3.979,88.855,84.209,64.453,883.19,337.611,1.388,80.787,22.859,3.471,27,1,High
WAP5-1025,WAP5,SR,2013,100,126,10,94.278,2.769,3.213,87.833,86.91,62.26,840.621,354.145,1.333,65.43,23.202,3.428,26,1,High
WAP5-1025,WAP5,SR,2013,101,126,12,94.507,2.821,3.651,87.596,85.858,69.534,883.324,356.571,1.325,75.912,23.439,3.564,25,1,High
WAP5-1025,WAP5,SR,2013,102,126,14,93.986,2.71,3.653,90.559,83.001,68.725,865.235,359.318,1.478,68.708,23.142,3.627,24,1,High
WAP5-1025,WAP5,SR,2013,103,126,16,97.464,2.465,4.022,88.1,86.29,68.502,879.067,350.209,1.33,75.528,22.578,3.685,23,1,High
WAP5-1025,WAP5,SR,2013,104,126,18,92.954,2.642,3.693,85.001,83.768,67.424,882.703,355.647,1.325,79.899,23.28,3.571,22,1,High
WAP5-1025,WAP5,SR,2013,105,126,20,94.011,2.512,4.176,87.021,89.122,70.629,864.91,380.532,1.252,77.128,22.924,3.334,21,1,High
WAP5-1025,WAP5,SR,2013,106,126,22,97.843,2.665,4.141,86.12,81.551,70.605,857.381,350.437,1.242,73.361,22.586,3.786,20,1,High
WAP5-1025,WAP5,SR,2013,107,126,24,99.721,2.548,4.132,88.319,86.827,71.807,839.799,354.647,1.173,73.672,22.652,3.862,19,1,High
WAP5-1025,WAP5,SR,2013,108,126,26,101.838,2.123,4.998,87.942,90.55,73.293,888.966,357.006,1.28,69.647,23.711,3.541,18,1,High
WAP5-1025,WAP5,SR,2013,109,126,28,103.259,2.577,4.766,86.707,87.285,71.736,850.831,349.307,1.32,77.226,22.282,3.471,17,1,High
WAP5-1025,WAP5,SR,2013,110,126,30,103.142,2.33,5.067,87.553,91.456,73.301,815.716,353.389,1.226,75.209,22.126,3.448,16,1,High
WAP5-1025,WAP5,SR,2013,111,126,32,102.446,2.189,5.3,85.095,87.497,72.08,855.074,369.046,1.209,73.178,22.192,2.898,15,1,High
WAP5-1025,WAP5,SR,2013,112,126,34,103.068,2.224,5.45,83.345,88.52,74.923,857.766,364.948,1.253,71.313,22.957,3.661,14,1,High
WAP5-1025,WAP5,SR,2013,113,126,36,102.69,2.053,5.42,86.949,92.441,74.604,809.871,359.804,1.126,71.44,22.381,3.218,13,1,High
WAP5-1025,WAP5,SR,2013,114,126,38,103.168,2.19,5.025,82.816,87.028,75.207,854.617,369.756,1.135,76.264,21.718,3.539,12,1,High
WAP5-1025,WAP5,SR,2013,115,126,40,110.488,1.684,5.917,84.185,93.384,76.926,830.893,371.291,1.174,65.609,21.305,3.078,11,1,High
WAP5-1025,WAP5,SR,2013,116,126,42,106.67,2.42,5.98,80.534,94.104,79.256,834.007,380.063,1.061,69.919,21.89,3.252,10,1,Critical
WAP5-1025,WAP5,SR,2013,117,126,44,111.965,2.125,6.497,82.404,89.874,80.721,811.691,389.911,1.017,77.434,22.022,3.099,9,1,Critical
WAP5-1025,WAP5,SR,2013,118,126,46,109.321,1.905,6.594,82.29,95.051,80.618,841.28,381.937,1.073,73.489,21.684,2.875,8,1,Critical
WAP5-1025,WAP5,SR,2013,119,126,48,111.829,1.738,7.166,79.06,97.787,82.208,789.24,397.405,1.135,72.552,21.039,3.25,7,1,Critical
WAP5-1025,WAP5,SR,2013,120,126,50,117.071,1.81,6.73,79.242,94.136,81.217,767.853,400.954,1.006,66.0,21.034,3.156,6,1,Critical
WAP5-1025,WAP5,SR,2013,121,126,52,117.376,1.798,6.638,81.286,100.51,86.272,785.254,393.066,1.015,74.382,21.486,3.211,5,1,Critical
WAP5-1025,WAP5,SR,2013,122,126,54,121.074,1.735,7.605,78.405,98.412,83.375,839.242,380.431,0.791,75.685,20.996,2.862,4,1,Critical
WAP5-1025,WAP5,SR,2013,123,126,56,125.418,1.735,7.869,77.037,99.339,83.599,775.862,403.284,0.779,74.33,20.853,2.459,3,1,Critical
WAP5-1025,WAP5,SR,2013,124,126,58,121.262,1.717,8.276,75.567,103.839,88.52,813.56,407.207,0.866,68.061,20.218,3.217,2,1,Critical
WAP5-1025,WAP5,SR,2013,125,126,60,128.215,1.468,8.162,75.449,104.328,90.544,820.242,410.13,0.673,75.569,19.365,3.094,1,1,Critical
WAP5-1025,WAP5,SR,2013,126,126,62,125.313,1.299,8.302,73.632,104.17,89.668,775.191,401.933,0.715,80.232,20.635,2.736,0,1,Critical
WAP5-1026,WAP5,SR,2010,1,91,-4,81.589,3.66,1.713,92.964,77.247,61.874,915.756,329.73,1.744,75.912,24.515,4.19,90,0,Low
WAP5-1026,WAP5,SR,2010,2,91,-2,80.618,3.569,1.647,96.109,74.089,60.747,898.855,331.568,1.908,68.708,24.256,4.268,89,0,Low
WAP5-1026,WAP5,SR,2010,3,91,0,83.578,3.348,1.939,93.858,77.033,60.157,914.053,321.417,1.772,75.528,23.735,4.341,88,0,Low
WAP5-1026,WAP5,SR,2010,4,91,2,78.485,3.549,1.523,90.995,74.122,58.663,919.231,325.681,1.779,79.899,24.486,4.245,87,0,Low
WAP5-1026,WAP5,SR,2010,5,91,4,78.891,3.448,1.908,93.276,79.042,61.404,903.16,349.257,1.72,77.128,24.184,4.027,86,0,Low
WAP5-1026,WAP5,SR,2010,6,91,6,82.006,3.632,1.765,92.664,70.993,60.866,897.53,317.721,1.725,73.361,23.906,4.5,85,0,Low
WAP5-1026,WAP5,SR,2010,7,91,8,83.1,3.549,1.639,95.178,75.746,61.506,882.025,320.355,1.674,73.672,24.037,4.599,84,0,Low
WAP5-1026,WAP5,SR,2010,8,91,10,84.366,3.16,2.377,95.142,78.902,62.381,933.446,321.006,1.798,69.647,25.167,4.303,83,0,Low
WAP5-1026,WAP5,SR,2010,9,91,12,84.869,3.653,2.008,94.275,75.025,60.164,897.744,311.465,1.858,77.226,23.815,4.259,82,0,Low
WAP5-1026,WAP5,SR,2010,10,91,14,83.769,3.447,2.161,95.517,78.541,61.02,865.239,313.572,1.784,75.209,23.74,4.264,81,0,Low
WAP5-1026,WAP5,SR,2010,11,91,16,82.022,3.351,2.236,93.48,73.881,59.041,907.384,327.121,1.79,73.178,23.894,3.744,80,0,Low
WAP5-1026,WAP5,SR,2010,12,91,18,81.527,3.432,2.218,92.178,74.159,61.078,913.041,320.781,1.857,71.313,24.752,4.539,79,0,Low
WAP5-1026,WAP5,SR,2010,13,91,20,79.965,3.311,2.012,96.257,77.29,59.902,868.29,313.262,1.755,71.44,24.275,4.129,78,0,Low
WAP5-1026,WAP5,SR,2010,14,91,22,79.192,3.501,1.429,92.626,71.044,59.601,916.357,320.706,1.79,76.264,23.716,4.486,77,0,Low
WAP5-1026,WAP5,SR,2010,15,91,24,85.195,3.049,2.123,94.524,76.522,60.367,896.132,319.599,1.857,65.609,23.413,4.062,76,0,Low
WAP5-1026,WAP5,SR,2010,16,91,26,79.992,3.843,1.978,91.428,76.319,61.694,902.923,325.596,1.773,69.919,24.113,4.274,75,0,Low
WAP5-1026,WAP5,SR,2010,17,91,28,83.837,3.609,2.277,93.879,71.122,62.108,884.461,332.536,1.759,77.434,24.366,4.163,74,0,Low
WAP5-1026,WAP5,SR,2010,18,91,30,79.676,3.451,2.148,94.373,75.287,60.905,918.082,321.52,1.846,73.489,24.154,3.98,73,0,Low
WAP5-1026,WAP5,SR,2010,19,91,32,80.6,3.349,2.482,91.778,76.967,61.346,870.252,333.814,1.941,72.552,23.641,4.4,72,0,Low
WAP5-1026,WAP5,SR,2010,20,91,34,84.191,3.49,1.798,92.622,72.216,59.157,853.253,334.054,1.846,66.0,23.774,4.352,71,0,Low
WAP5-1026,WAP5,SR,2010,21,91,36,82.779,3.548,1.449,95.354,77.445,62.965,875.219,322.725,1.89,74.382,24.369,4.454,70,0,Low
WAP5-1026,WAP5,SR,2010,22,91,38,84.693,3.559,2.148,93.188,74.158,58.773,933.95,306.514,1.703,75.685,24.028,4.155,69,0,Low
WAP5-1026,WAP5,SR,2010,23,91,40,87.186,3.636,2.134,92.562,73.851,57.652,875.492,325.659,1.729,74.33,24.039,3.804,68,0,Low
WAP5-1026,WAP5,SR,2010,24,91,42,81.113,3.697,2.253,91.86,77.073,61.179,918.289,325.74,1.855,68.061,23.564,4.614,67,0,Low
WAP5-1026,WAP5,SR,2010,25,91,44,86.081,3.529,1.842,92.537,76.239,61.761,930.248,324.688,1.704,75.569,22.877,4.547,66,0,Low
WAP5-1026,WAP5,SR,2010,26,91,46,81.129,3.444,1.675,91.542,74.714,59.394,890.651,312.383,1.788,80.232,24.317,4.245,65,0,Low
WAP5-1026,WAP5,SR,2010,27,91,48,87.612,3.476,1.807,94.702,75.96,64.607,882.996,311.702,1.682,71.692,24.008,4.1,64,0,Low
WAP5-1026,WAP5,SR,2010,28,91,50,82.632,3.403,2.143,94.685,74.44,60.27,879.239,325.068,1.61,75.563,24.294,4.238,63,0,Low
WAP5-1026,WAP5,SR,2010,29,91,52,84.971,3.39,2.404,92.707,79.29,64.277,929.15,326.703,1.661,78.557,23.906,4.19,62,0,Low
WAP5-1026,WAP5,SR,2010,30,91,54,81.187,3.325,1.99,95.293,76.32,56.8,890.002,347.522,1.697,67.005,23.903,3.81,61,0,Low
WAP5-1026,WAP5,SR,2010,31,91,56,79.933,3.242,1.429,95.38,75.489,63.309,866.612,313.193,1.703,64.932,23.284,4.284,60,0,Medium
WAP5-1026,WAP5,SR,2010,32,91,58,83.301,3.606,2.472,93.992,75.481,61.088,848.474,324.066,1.746,75.707,23.827,4.119,59,0,Medium
WAP5-1026,WAP5,SR,2010,33,91,60,83.106,3.483,1.918,94.374,75.363,65.013,859.877,320.065,1.719,71.873,23.992,4.021,58,0,Medium
WAP5-1026,WAP5,SR,2010,34,91,62,88.719,3.389,1.997,92.873,75.336,61.687,896.665,323.426,1.742,70.946,23.674,4.113,57,0,Medium
WAP5-1026,WAP5,SR,2010,35,91,64,82.242,3.209,2.221,93.467,80.569,63.814,868.219,304.832,1.641,73.066,24.199,4.702,56,0,Medium
WAP5-1026,WAP5,SR,2010,36,91,66,83.473,3.395,1.767,91.689,76.759,63.405,873.422,326.369,1.742,65.891,24.344,4.25,55,0,Medium
WAP5-1026,WAP5,SR,2010,37,91,68,83.757,3.323,1.642,94.047,76.504,59.35,900.831,321.33,1.708,64.556,23.485,4.464,54,0,Medium
WAP5-1026,WAP5,SR,2010,38,91,70,79.494,3.754,2.199,93.465,74.433,62.041,895.168,309.055,1.726,78.823,23.822,4.084,53,0,Medium
WAP5-1026,WAP5,SR,2010,39,91,72,81.293,3.079,1.829,92.385,73.209,62.072,904.071,316.803,1.776,72.788,23.785,3.985,52,0,Medium
WAP5-1026,WAP5,SR,2010,40,91,74,79.985,3.323,1.834,91.944,78.714,59.692,885.684,328.292,1.626,72.649,24.005,4.027,51,0,Medium
WAP5-1026,WAP5,SR,2010,41,91,76,82.208,3.314,2.491,92.045,77.793,62.541,878.2,342.437,1.836,75.3,24.344,4.334,50,0,Medium
WAP5-1026,WAP5,SR,2010,42,91,78,82.977,2.9,2.311,93.352,75.75,59.438,858.34,318.515,1.721,71.863,23.259,3.991,49,0,Medium
WAP5-1026,WAP5,SR,2010,43,91,80,87.432,3.403,2.629,94.267,78.821,55.648,927.467,325.198,1.747,66.835,24.105,4.172,48,0,Medium
WAP5-1026,WAP5,SR,2010,44,91,82,80.193,3.259,2.014,94.003,73.035,62.476,891.987,311.059,1.665,68.18,24.447,4.083,47,0,Medium
WAP5-1026,WAP5,SR,2010,45,91,84,88.029,3.332,1.427,93.369,72.619,63.604,920.766,321.01,1.708,75.07,23.591,3.934,46,0,Medium
WAP5-1026,WAP5,SR,2010,46,91,86,85.255,3.45,2.586,91.389,73.455,62.756,847.835,324.914,1.706,81.596,23.853,4.129,45,0,Medium
WAP5-1026,WAP5,SR,2010,47,91,88,83.392,3.368,2.407,95.003,76.612,60.323,902.983,321.029,1.7,79.792,24.291,4.031,44,0,Medium
WAP5-1026,WAP5,SR,2010,48,91,90,84.012,3.419,1.382,93.491,74.627,62.445,924.202,327.744,1.826,70.311,24.323,4.235,43,0,Medium
WAP5-1026,WAP5,SR,2010,49,91,92,83.284,3.656,1.839,93.827,73.816,63.051,888.692,305.495,1.735,74.062,24.21,4.271,42,0,Medium
WAP5-1026,WAP5,SR,2010,50,91,94,84.793,3.183,2.241,91.306,75.876,60.723,922.061,314.493,1.736,72.207,24.033,4.641,41,0,Medium
WAP5-1026,WAP5,SR,2010,51,91,96,80.301,3.113,1.604,92.309,78.151,62.133,893.761,319.235,1.633,80.322,24.281,4.072,40,0,Medium
WAP5-1026,WAP5,SR,2010,52,91,98,85.213,3.366,1.958,95.865,76.204,65.035,866.658,325.554,1.722,70.247,23.41,4.437,39,0,Medium
WAP5-1026,WAP5,SR,2010,53,91,100,83.422,3.467,2.018,93.157,77.798,64.733,895.697,322.688,1.82,71.564,24.027,3.92,38,0,Medium
WAP5-1026,WAP5,SR,2010,54,91,102,88.09,3.593,2.581,91.54,78.571,63.845,906.353,334.581,1.806,71.119,23.693,3.937,37,0,Medium
WAP5-1026,WAP5,SR,2010,55,91,104,89.243,3.243,1.616,94.737,72.871,60.457,888.815,330.404,1.693,74.065,24.448,4.252,36,0,Medium
WAP5-1026,WAP5,SR,2010,56,91,106,88.482,3.449,2.18,95.653,76.598,62.62,917.955,333.787,1.798,71.985,23.698,4.18,35,0,Medium
WAP5-1026,WAP5,SR,2010,57,91,108,86.163,3.4,2.323,93.671,76.087,58.259,880.759,330.486,1.805,73.07,24.267,4.112,34,0,Medium
WAP5-1026,WAP5,SR,2010,58,91,110,87.141,3.366,1.858,95.193,74.087,62.582,889.613,322.337,1.597,65.846,23.558,3.859,33,0,Medium
WAP5-1026,WAP5,SR,2010,59,91,112,84.774,3.474,1.704,94.898,76.931,60.923,859.94,341.183,1.638,77.94,23.621,3.837,32,0,Medium
WAP5-1026,WAP5,SR,2010,60,91,114,83.969,3.343,1.873,93.103,75.316,61.877,879.481,339.896,1.793,70.742,23.404,4.355,31,0,Medium
WAP5-1026,WAP5,SR,2010,61,91,116,85.752,2.995,3.241,89.51,79.523,62.573,894.939,336.498,1.583,69.751,23.709,3.916,30,1,High
WAP5-1026,WAP5,SR,2010,62,91,118,89.17,2.742,2.626,93.124,77.393,63.264,897.468,334.924,1.575,72.183,23.784,3.772,29,1,High
WAP5-1026,WAP5,SR,2010,63,91,120,91.877,2.776,3.218,90.72,84.681,65.606,902.536,337.061,1.459,73.135,23.46,4.249,28,1,High
WAP5-1026,WAP5,SR,2010,64,91,122,92.117,2.972,2.94,89.848,81.921,64.357,895.656,333.544,1.553,78.514,22.426,3.571,27,1,High
WAP5-1026,WAP5,SR,2010,65,91,124,89.978,2.726,2.87,88.542,75.089,65.953,858.04,325.604,1.551,67.492,23.714,3.64,26,1,High
WAP5-1026,WAP5,SR,2010,66,91,126,98.251,2.775,3.547,89.916,83.211,67.23,876.101,338.641,1.702,73.242,23.701,3.882,25,1,High
WAP5-1026,WAP5,SR,2010,67,91,128,98.866,2.964,3.384,87.024,79.789,65.299,874.344,323.077,1.612,78.446,22.907,3.897,24,1,High
WAP5-1026,WAP5,SR,2010,68,91,130,94.083,2.996,2.875,92.012,79.209,64.175,881.917,357.909,1.577,66.814,22.889,3.886,23,1,High
WAP5-1026,WAP5,SR,2010,69,91,132,95.322,2.772,3.393,90.384,87.261,69.719,854.572,360.646,1.48,72.18,22.94,4.096,22,1,High
WAP5-1026,WAP5,SR,2010,70,91,134,88.718,2.636,3.045,89.907,80.087,64.583,914.448,335.188,1.449,69.983,22.745,3.78,21,1,High
WAP5-1026,WAP5,SR,2010,71,91,136,91.071,2.91,3.994,89.728,82.735,67.166,845.88,342.838,1.408,65.584,22.53,3.576,20,1,High
WAP5-1026,WAP5,SR,2010,72,91,138,98.605,2.814,3.203,89.077,79.666,70.681,879.61,354.435,1.356,66.553,22.962,3.907,19,1,High
WAP5-1026,WAP5,SR,2010,73,91,140,95.826,2.615,3.802,89.73,83.954,65.291,890.814,361.63,1.382,74.992,23.1,3.678,18,1,High
WAP5-1026,WAP5,SR,2010,74,91,142,96.62,2.752,3.556,88.625,82.809,70.838,833.157,336.716,1.415,65.044,22.839,3.918,17,1,High
WAP5-1026,WAP5,SR,2010,75,91,144,92.002,2.725,4.634,88.977,84.804,69.232,865.783,356.996,1.496,63.795,22.563,3.405,16,1,High
WAP5-1026,WAP5,SR,2010,76,91,146,93.348,2.701,4.725,87.301,86.318,70.109,849.962,342.325,1.368,73.29,22.721,3.625,15,1,High
WAP5-1026,WAP5,SR,2010,77,91,148,101.223,2.966,4.603,85.19,87.19,68.478,817.723,336.963,1.331,78.206,22.736,3.455,14,1,High
WAP5-1026,WAP5,SR,2010,78,91,150,107.206,2.566,4.558,87.229,84.751,74.282,893.807,357.007,1.346,69.827,22.639,3.388,13,1,High
WAP5-1026,WAP5,SR,2010,79,91,152,102.703,2.369,5.19,83.593,87.667,73.781,873.126,380.679,1.188,62.156,22.464,3.481,12,1,High
WAP5-1026,WAP5,SR,2010,80,91,154,101.271,2.374,5.312,83.814,92.865,76.329,830.037,357.976,1.15,79.748,22.03,3.587,11,1,High
WAP5-1026,WAP5,SR,2010,81,91,156,102.088,2.464,5.457,83.508,91.158,73.749,815.094,366.444,1.348,68.637,22.022,3.486,10,1,Critical
WAP5-1026,WAP5,SR,2010,82,91,158,106.246,2.201,5.667,82.44,89.136,76.083,854.997,366.563,1.208,78.913,22.143,3.346,9,1,Critical
WAP5-1026,WAP5,SR,2010,83,91,160,108.489,2.096,6.009,84.658,92.466,80.447,863.072,369.917,1.236,72.976,21.93,2.921,8,1,Critical
WAP5-1026,WAP5,SR,2010,84,91,162,110.694,2.448,6.205,84.526,95.335,75.71,801.028,390.27,1.183,69.108,21.737,3.234,7,1,Critical
WAP5-1026,WAP5,SR,2010,85,91,164,115.396,1.993,6.424,84.68,92.667,81.515,841.196,367.282,1.029,68.627,22.139,3.27,6,1,Critical
WAP5-1026,WAP5,SR,2010,86,91,166,117.423,1.912,6.335,82.331,95.151,80.319,830.183,394.96,1.009,77.562,21.85,2.879,5,1,Critical
WAP5-1026,WAP5,SR,2010,87,91,168,114.61,1.884,6.832,79.906,103.518,87.514,827.766,379.597,1.037,74.968,21.201,2.853,4,1,Critical
WAP5-1026,WAP5,SR,2010,88,91,170,115.907,1.728,7.263,78.549,100.279,81.29,803.979,394.069,1.019,77.521,20.683,3.211,3,1,Critical
WAP5-1026,WAP5,SR,2010,89,91,172,115.642,1.692,6.771,76.533,103.127,82.22,836.426,419.904,0.925,73.052,21.098,3.158,2,1,Critical
WAP5-1026,WAP5,SR,2010,90,91,174,117.211,1.736,7.31,77.223,99.32,88.388,828.384,390.913,0.92,70.013,21.333,3.146,1,1,Critical
WAP5-1026,WAP5,SR,2010,91,91,176,121.745,1.562,7.84,77.483,103.211,87.561,771.284,405.214,0.857,66.214,20.899,3.003,0,1,Critical
WAP7-1027,WAP7,ER,2020,1,181,-24,83.806,3.907,1.639,94.743,72.959,57.02,894.927,319.204,1.888,79.836,24.714,4.101,180,0,Low
WAP7-1027,WAP7,ER,2020,2,181,-22,84.519,3.239,1.996,96.05,74.243,58.611,887.492,312.775,1.813,66.058,24.217,3.958,179,0,Low
WAP7-1027,WAP7,ER,2020,3,181,-20,78.735,3.412,1.707,90.881,76.538,58.309,908.744,334.678,1.909,77.004,23.513,4.431,178,0,Low
WAP7-1027,WAP7,ER,2020,4,181,-18,82.407,3.373,1.803,93.632,71.013,58.431,900.993,299.54,1.867,73.401,24.459,4.209,177,0,Low
WAP7-1027,WAP7,ER,2020,5,181,-16,82.995,3.404,1.727,96.951,77.764,57.872,897.351,319.124,1.871,63.604,24.669,4.311,176,0,Low
WAP7-1027,WAP7,ER,2020,6,181,-14,79.084,3.538,2.058,94.118,76.57,57.708,914.523,342.558,1.892,67.05,24.766,3.981,175,0,Low
WAP7-1027,WAP7,ER,2020,7,181,-12,82.102,3.645,1.858,92.134,76.634,59.148,904.959,323.947,1.731,70.491,24.03,4.173,174,0,Low
WAP7-1027,WAP7,ER,2020,8,181,-10,78.878,3.575,1.726,94.642,70.606,59.999,945.494,311.308,1.68,71.374,23.706,4.354,173,0,Low
WAP7-1027,WAP7,ER,2020,9,181,-8,85.052,3.568,1.798,92.602,77.711,61.241,899.123,325.005,1.869,77.694,24.199,4.187,172,0,Low
WAP7-1027,WAP7,ER,2020,10,181,-6,80.909,3.615,1.838,92.514,77.184,58.865,937.364,314.443,1.744,72.044,23.489,4.194,171,0,Low
WAP7-1027,WAP7,ER,2020,11,181,-4,82.456,3.419,1.724,91.493,80.801,56.559,891.546,317.539,1.749,68.51,24.011,4.387,170,0,Low
WAP7-1027,WAP7,ER,2020,12,181,-2,80.062,3.301,1.981,91.917,76.672,64.848,895.243,306.543,1.745,77.966,24.074,4.014,169,0,Low
WAP7-1027,WAP7,ER,2020,13,181,0,84.68,3.369,1.806,94.364,70.187,60.381,876.528,318.68,1.801,77.461,23.857,4.586,168,0,Low
WAP7-1027,WAP7,ER,2020,14,181,2,84.339,3.652,1.669,92.787,72.859,62.03,885.669,308.008,1.886,66.17,24.475,4.167,167,0,Low
WAP7-1027,WAP7,ER,2020,15,181,4,85.807,3.438,2.429,93.02,70.846,58.057,884.625,329.564,1.759,69.212,24.194,4.172,166,0,Low
WAP7-1027,WAP7,ER,2020,16,181,6,84.83,3.535,1.548,91.295,78.399,60.795,900.954,340.106,1.65,68.888,24.217,4.131,165,0,Low
WAP7-1027,WAP7,ER,2020,17,181,8,85.383,3.424,1.55,95.484,76.792,61.368,893.966,327.071,1.743,79.546,23.976,3.915,164,0,Low
WAP7-1027,WAP7,ER,2020,18,181,10,87.084,3.327,2.089,94.445,77.502,59.706,920.274,317.674,1.725,68.84,23.846,4.163,163,0,Low
WAP7-1027,WAP7,ER,2020,19,181,12,82.004,3.183,2.194,92.177,75.617,59.441,893.732,331.452,1.953,70.759,24.453,4.057,162,0,Low
WAP7-1027,WAP7,ER,2020,20,181,14,85.51,3.298,2.219,94.898,72.996,59.458,916.847,328.483,1.783,73.551,24.404,4.095,161,0,Low
WAP7-1027,WAP7,ER,2020,21,181,16,88.532,3.373,2.148,93.448,70.11,61.445,886.226,314.085,1.627,71.736,23.458,4.304,160,0,Low
WAP7-1027,WAP7,ER,2020,22,181,18,83.652,3.492,1.711,93.382,73.401,61.815,889.256,320.393,1.79,72.249,24.087,4.377,159,0,Low
WAP7-1027,WAP7,ER,2020,23,181,20,84.406,3.281,2.511,95.694,73.108,60.046,874.751,329.99,1.803,71.746,24.25,4.197,158,0,Low
WAP7-1027,WAP7,ER,2020,24,181,22,79.885,3.638,1.974,92.55,76.07,61.285,917.931,346.713,1.649,76.371,23.53,4.193,157,0,Low
WAP7-1027,WAP7,ER,2020,25,181,24,82.48,3.375,2.296,93.856,76.625,61.782,923.064,315.122,1.617,71.451,23.639,4.669,156,0,Low
WAP7-1027,WAP7,ER,2020,26,181,26,79.142,3.359,2.079,96.313,74.158,58.201,932.452,324.917,1.74,67.012,24.661,4.324,155,0,Low
WAP7-1027,WAP7,ER,2020,27,181,28,82.967,3.595,2.038,96.012,74.64,60.494,913.501,321.169,1.892,78.998,24.121,4.063,154,0,Low
WAP7-1027,WAP7,ER,2020,28,181,30,80.903,3.614,1.856,96.208,77.255,61.032,870.779,323.589,1.9,70.903,23.644,3.939,153,0,Low
WAP7-1027,WAP7,ER,2020,29,181,32,82.275,3.647,2.101,91.282,77.982,57.556,921.972,321.232,1.673,73.696,24.23,4.349,152,0,Low
WAP7-1027,WAP7,ER,2020,30,181,34,84.435,3.184,2.373,92.361,80.39,60.399,911.259,318.847,1.745,67.609,23.724,4.416,151,0,Low
WAP7-1027,WAP7,ER,2020,31,181,36,89.668,3.525,2.115,95.484,77.891,59.648,878.358,313.495,1.829,72.375,23.521,3.904,150,0,Low
WAP7-1027,WAP7,ER,2020,32,181,38,78.52,3.745,2.165,93.088,78.108,60.609,869.275,327.902,1.816,67.734,23.283,4.178,149,0,Low
WAP7-1027,WAP7,ER,2020,33,181,40,82.654,3.34,2.381,92.491,76.221,60.314,898.079,319.646,1.878,71.384,23.932,4.216,148,0,Low
WAP7-1027,WAP7,ER,2020,34,181,42,83.34,3.573,1.609,93.078,71.292,60.165,892.701,325.405,1.682,71.369,23.66,4.083,147,0,Low
WAP7-1027,WAP7,ER,2020,35,181,44,85.346,3.218,2.293,92.242,81.595,60.79,914.073,322.514,1.801,73.794,23.004,3.939,146,0,Low
WAP7-1027,WAP7,ER,2020,36,181,46,77.983,3.556,2.18,92.5,79.41,55.654,922.168,300.56,1.66,74.599,24.419,4.274,145,0,Low
WAP7-1027,WAP7,ER,2020,37,181,48,81.608,3.361,1.532,91.243,77.853,55.659,913.412,330.822,1.804,69.05,23.967,3.94,144,0,Low
WAP7-1027,WAP7,ER,2020,38,181,50,79.98,3.235,1.901,91.385,75.622,59.976,925.489,343.093,1.736,80.408,23.829,4.02,143,0,Low
WAP7-1027,WAP7,ER,2020,39,181,52,84.343,3.619,1.912,97.5,70.676,58.265,905.131,327.026,1.798,68.448,23.898,3.861,142,0,Low
WAP7-1027,WAP7,ER,2020,40,181,54,84.461,3.361,2.766,94.634,79.654,62.068,867.171,325.236,1.677,65.765,23.958,4.221,141,0,Low
WAP7-1027,WAP7,ER,2020,41,181,56,85.283,3.403,1.9,94.292,73.287,62.302,898.762,338.519,1.753,73.229,24.241,4.054,140,0,Low
WAP7-1027,WAP7,ER,2020,42,181,58,82.75,3.298,2.972,94.16,76.559,60.719,890.187,315.011,1.899,74.978,23.955,4.021,139,0,Low
WAP7-1027,WAP7,ER,2020,43,181,60,85.55,3.206,2.792,94.21,75.662,60.527,940.439,331.495,1.728,68.685,24.444,4.217,138,0,Low
WAP7-1027,WAP7,ER,2020,44,181,62,87.811,3.374,2.181,93.357,74.487,66.837,892.701,317.097,1.685,83.551,24.275,3.892,137,0,Low
WAP7-1027,WAP7,ER,2020,45,181,64,81.706,3.607,2.091,94.528,75.699,60.455,900.768,322.235,1.79,71.48,23.773,3.827,136,0,Low
WAP7-1027,WAP7,ER,2020,46,181,66,79.43,3.346,2.219,94.545,80.212,57.51,891.849,327.62,1.776,80.149,24.625,3.844,135,0,Low
WAP7-1027,WAP7,ER,2020,47,181,68,84.081,3.448,1.879,93.046,77.761,57.53,866.244,321.814,1.823,75.91,23.821,3.946,134,0,Low
WAP7-1027,WAP7,ER,2020,48,181,70,82.349,3.258,1.554,94.809,74.938,61.327,888.191,330.0,1.773,71.487,23.533,4.06,133,0,Low
WAP7-1027,WAP7,ER,2020,49,181,72,85.953,3.308,2.143,92.389,81.277,62.95,936.074,326.219,1.857,69.43,23.495,3.754,132,0,Low
WAP7-1027,WAP7,ER,2020,50,181,74,82.947,3.305,1.894,92.873,73.7,58.598,889.397,340.29,1.595,72.651,23.292,4.136,131,0,Low
WAP7-1027,WAP7,ER,2020,51,181,76,81.155,3.363,1.427,94.387,78.179,61.491,891.971,342.155,1.769,77.988,24.252,3.996,130,0,Low
WAP7-1027,WAP7,ER,2020,52,181,78,80.17,3.421,1.789,94.108,75.843,63.252,864.805,331.641,1.728,75.66,23.603,3.861,129,0,Low
WAP7-1027,WAP7,ER,2020,53,181,80,84.695,3.278,2.206,92.686,74.671,62.627,891.016,332.604,1.844,68.278,23.172,4.06,128,0,Low
WAP7-1027,WAP7,ER,2020,54,181,82,78.265,3.421,1.786,89.363,72.733,59.652,898.174,314.789,1.556,74.286,24.084,4.183,127,0,Low
WAP7-1027,WAP7,ER,2020,55,181,84,84.156,3.273,2.459,96.075,80.193,60.153,880.762,329.541,1.707,78.711,23.991,4.085,126,0,Low
WAP7-1027,WAP7,ER,2020,56,181,86,86.372,3.164,2.696,92.991,72.789,61.491,936.693,325.407,1.83,68.834,24.281,4.548,125,0,Low
WAP7-1027,WAP7,ER,2020,57,181,88,87.361,3.265,2.336,93.049,75.36,60.576,954.143,340.275,1.808,82.616,23.322,4.249,124,0,Low
WAP7-1027,WAP7,ER,2020,58,181,90,90.569,3.393,2.262,93.515,77.3,57.106,912.585,319.04,1.723,65.947,24.022,4.195,123,0,Low
WAP7-1027,WAP7,ER,2020,59,181,92,81.61,3.325,2.363,91.227,73.213,62.977,888.089,326.225,1.62,70.441,23.538,3.88,122,0,Low
WAP7-1027,WAP7,ER,2020,60,181,94,88.702,3.043,2.455,92.283,77.004,60.042,893.822,336.12,1.756,73.231,23.595,3.974,121,0,Low
WAP7-1027,WAP7,ER,2020,61,181,96,85.122,3.166,2.541,91.997,77.677,60.552,903.088,324.192,1.658,68.817,24.328,3.867,120,0,Low
WAP7-1027,WAP7,ER,2020,62,181,98,86.814,3.374,1.891,92.51,77.232,65.557,859.271,315.664,1.693,72.746,23.177,3.964,119,0,Low
WAP7-1027,WAP7,ER,2020,63,181,100,84.741,3.208,2.112,93.033,75.827,59.049,896.91,312.447,1.815,75.194,24.06,4.045,118,0,Low
WAP7-1027,WAP7,ER,2020,64,181,102,88.964,3.271,2.3,94.997,76.108,67.227,910.418,335.249,1.875,71.234,23.721,3.673,117,0,Low
WAP7-1027,WAP7,ER,2020,65,181,104,85.146,3.18,2.291,91.25,73.28,59.572,866.884,303.919,1.743,73.052,24.317,3.629,116,0,Low
WAP7-1027,WAP7,ER,2020,66,181,106,83.41,3.71,2.329,92.537,79.577,64.086,889.014,324.487,1.725,77.907,23.205,3.701,115,0,Low
WAP7-1027,WAP7,ER,2020,67,181,108,87.094,3.402,2.6,91.527,76.088,62.159,908.153,317.413,1.638,79.559,23.651,4.445,114,0,Low
WAP7-1027,WAP7,ER,2020,68,181,110,84.631,3.272,2.543,92.746,79.399,60.765,908.339,328.68,1.788,75.723,23.73,4.165,113,0,Low
WAP7-1027,WAP7,ER,2020,69,181,112,83.747,3.583,2.404,93.26,77.643,62.031,882.958,336.568,1.811,77.541,24.16,4.401,112,0,Low
WAP7-1027,WAP7,ER,2020,70,181,114,85.983,3.328,1.675,91.887,76.419,61.916,891.939,322.38,1.818,71.384,23.9,4.068,111,0,Low
WAP7-1027,WAP7,ER,2020,71,181,116,82.13,3.188,2.162,95.238,76.825,63.832,861.787,321.414,1.592,79.264,24.629,4.088,110,0,Low
WAP7-1027,WAP7,ER,2020,72,181,118,86.367,3.254,1.772,90.877,79.156,61.352,881.718,330.281,1.69,67.819,24.142,4.092,109,0,Low
WAP7-1027,WAP7,ER,2020,73,181,120,81.112,3.462,2.233,93.616,77.624,63.395,903.564,314.769,1.69,69.128,24.994,4.049,108,0,Low
WAP7-1027,WAP7,ER,2020,74,181,122,83.636,3.334,2.454,89.029,74.229,63.063,895.059,321.279,1.642,75.333,24.115,4.21,107,0,Low
WAP7-1027,WAP7,ER,2020,75,181,124,88.566,3.293,2.178,91.678,78.834,57.696,871.383,321.949,1.746,80.018,23.555,4.335,106,0,Low
WAP7-1027,WAP7,ER,2020,76,181,126,84.693,3.301,2.322,94.603,71.8,62.86,883.058,326.39,1.77,63.833,23.748,4.162,105,0,Low
WAP7-1027,WAP7,ER,2020,77,181,128,79.834,3.494,2.169,93.064,80.743,60.306,877.282,330.342,1.697,74.605,24.034,4.021,104,0,Low
WAP7-1027,WAP7,ER,2020,78,181,130,79.433,3.388,2.24,93.437,77.941,66.752,878.166,323.836,1.783,76.269,22.917,3.83,103,0,Low
WAP7-1027,WAP7,ER,2020,79,181,132,84.819,3.259,2.139,92.594,80.955,62.434,873.223,325.519,1.758,75.234,24.315,3.48,102,0,Low
WAP7-1027,WAP7,ER,2020,80,181,134,85.278,3.372,2.182,91.698,78.302,62.096,865.448,321.253,1.672,79.16,23.687,3.867,101,0,Low
WAP7-1027,WAP7,ER,2020,81,181,136,85.412,3.126,2.085,92.788,76.327,62.041,891.798,323.679,1.827,72.47,23.495,4.184,100,0,Low
WAP7-1027,WAP7,ER,2020,82,181,138,79.557,3.087,2.372,92.645,78.675,62.607,923.339,329.948,1.662,72.009,24.203,4.226,99,0,Low
WAP7-1027,WAP7,ER,2020,83,181,140,85.456,3.164,2.633,91.687,76.648,59.479,865.351,320.488,1.761,72.332,23.863,3.768,98,0,Low
WAP7-1027,WAP7,ER,2020,84,181,142,84.407,3.458,2.482,92.494,75.833,62.928,881.532,339.812,1.755,75.205,24.358,3.865,97,0,Low
WAP7-1027,WAP7,ER,2020,85,181,144,82.216,3.28,2.24,91.631,75.584,62.125,898.221,316.063,1.717,73.675,23.71,4.19,96,0,Low
WAP7-1027,WAP7,ER,2020,86,181,146,92.983,3.246,1.795,90.862,77.439,60.719,875.851,318.197,1.665,71.125,23.886,3.726,95,0,Low
WAP7-1027,WAP7,ER,2020,87,181,148,84.642,3.382,2.139,91.203,78.796,60.832,883.894,317.186,1.678,71.452,23.629,4.382,94,0,Low
WAP7-1027,WAP7,ER,2020,88,181,150,84.996,3.087,2.333,90.855,72.634,64.078,888.432,333.558,1.709,71.114,23.452,4.038,93,0,Low
WAP7-1027,WAP7,ER,2020,89,181,152,83.494,3.397,2.741,90.449,74.936,60.882,905.51,318.825,1.765,71.113,23.551,3.951,92,0,Low
WAP7-1027,WAP7,ER,2020,90,181,154,83.131,3.146,2.457,93.928,71.378,60.077,897.372,300.487,1.648,70.574,23.695,4.226,91,0,Low
WAP7-1027,WAP7,ER,2020,91,181,156,86.572,3.258,2.731,92.791,81.875,63.369,902.125,322.914,1.762,64.787,23.565,3.916,90,0,Low
WAP7-1027,WAP7,ER,2020,92,181,158,84.908,3.116,2.432,92.343,80.083,59.621,886.341,322.973,1.681,65.15,23.65,3.908,89,0,Low
WAP7-1027,WAP7,ER,2020,93,181,160,84.347,3.084,1.665,94.397,76.137,63.816,907.757,347.826,1.721,60.143,24.147,4.448,88,0,Low
WAP7-1027,WAP7,ER,2020,94,181,162,86.975,3.078,2.485,91.523,78.245,62.797,896.622,333.359,1.608,69.856,23.848,4.052,87,0,Low
WAP7-1027,WAP7,ER,2020,95,181,164,88.05,3.344,2.449,94.44,76.371,61.702,908.65,341.887,1.821,71.132,23.841,4.163,86,0,Low
WAP7-1027,WAP7,ER,2020,96,181,166,85.307,3.269,2.449,89.94,78.386,62.423,908.317,312.281,1.686,73.273,24.048,4.152,85,0,Low
WAP7-1027,WAP7,ER,2020,97,181,168,86.843,3.145,2.365,91.458,73.657,60.962,871.293,325.205,1.775,81.627,23.466,4.272,84,0,Low
WAP7-1027,WAP7,ER,2020,98,181,170,81.164,3.231,2.433,94.402,77.305,61.987,880.858,344.579,1.836,77.542,23.251,4.0,83,0,Low
WAP7-1027,WAP7,ER,2020,99,181,172,83.264,3.333,2.029,90.872,81.147,58.725,873.203,336.43,1.662,66.283,24.15,4.162,82,0,Low
WAP7-1027,WAP7,ER,2020,100,181,174,80.691,3.419,2.41,93.464,74.702,62.321,900.42,338.364,1.594,71.558,24.236,4.067,81,0,Low
WAP7-1027,WAP7,ER,2020,101,181,176,89.017,3.347,2.342,92.21,79.819,61.482,887.252,346.658,1.81,79.13,23.014,4.144,80,0,Low
WAP7-1027,WAP7,ER,2020,102,181,178,87.226,3.067,2.542,93.775,76.992,64.112,892.663,322.925,1.651,72.421,23.677,4.409,79,0,Low
WAP7-1027,WAP7,ER,2020,103,181,180,89.963,3.373,2.427,93.336,73.516,64.237,894.704,317.006,1.562,74.599,23.501,3.975,78,0,Low
WAP7-1027,WAP7,ER,2020,104,181,0,86.235,3.124,1.982,94.559,83.21,63.885,899.889,325.194,1.786,76.885,23.918,4.46,77,0,Low
WAP7-1027,WAP7,ER,2020,105,181,2,85.254,3.304,2.544,93.415,68.908,60.247,880.208,327.686,1.709,76.068,24.041,3.99,76,0,Low
WAP7-1027,WAP7,ER,2020,106,181,4,87.211,3.386,2.477,94.063,77.838,59.306,866.237,319.213,1.666,63.872,24.35,3.891,75,0,Low
WAP7-1027,WAP7,ER,2020,107,181,6,85.511,3.473,2.543,93.183,79.019,65.159,898.182,341.722,1.706,75.927,24.125,3.85,74,0,Low
WAP7-1027,WAP7,ER,2020,108,181,8,83.287,3.439,2.293,90.961,76.861,65.46,923.181,315.845,1.787,73.646,23.641,4.258,73,0,Low
WAP7-1027,WAP7,ER,2020,109,181,10,79.803,3.217,2.211,91.563,74.034,61.023,927.273,328.926,1.797,58.592,24.135,3.772,72,0,Low
WAP7-1027,WAP7,ER,2020,110,181,12,84.341,3.415,2.534,92.735,76.461,62.047,899.552,320.567,1.698,69.588,23.326,4.234,71,0,Low
WAP7-1027,WAP7,ER,2020,111,181,14,84.149,3.235,2.466,92.51,79.703,61.765,933.597,343.721,1.561,60.788,24.172,3.987,70,0,Low
WAP7-1027,WAP7,ER,2020,112,181,16,85.928,3.624,2.115,93.04,78.565,62.617,863.176,333.431,1.765,76.941,23.708,3.77,69,0,Low
WAP7-1027,WAP7,ER,2020,113,181,18,90.207,3.308,3.125,94.239,76.724,65.401,899.786,336.885,1.677,65.296,23.403,3.655,68,0,Low
WAP7-1027,WAP7,ER,2020,114,181,20,81.457,3.113,2.789,93.523,77.87,62.126,910.776,327.635,1.792,76.752,23.413,3.853,67,0,Low
WAP7-1027,WAP7,ER,2020,115,181,22,84.664,3.331,2.528,89.912,81.469,62.195,901.649,331.387,1.672,80.001,23.875,3.933,66,0,Low
WAP7-1027,WAP7,ER,2020,116,181,24,84.974,3.249,2.39,90.61,79.584,62.963,866.096,325.955,1.707,75.615,23.394,4.205,65,0,Low
WAP7-1027,WAP7,ER,2020,117,181,26,86.093,3.148,2.475,90.669,76.991,61.429,874.739,327.413,1.753,63.186,23.375,3.994,64,0,Low
WAP7-1027,WAP7,ER,2020,118,181,28,84.06,3.114,2.121,92.337,70.539,61.747,901.792,339.905,1.692,69.563,24.329,4.223,63,0,Low
WAP7-1027,WAP7,ER,2020,119,181,30,83.239,3.034,2.696,92.587,78.316,61.125,882.503,314.63,1.646,71.502,23.644,3.998,62,0,Low
WAP7-1027,WAP7,ER,2020,120,181,32,86.289,3.233,2.281,94.168,77.916,61.92,878.78,346.597,1.758,74.501,24.008,3.998,61,0,Low
WAP7-1027,WAP7,ER,2020,121,181,34,89.578,3.31,2.406,91.103,77.309,62.618,883.211,344.204,1.74,71.547,23.301,4.014,60,0,Medium
WAP7-1027,WAP7,ER,2020,122,181,36,85.193,3.12,2.103,91.399,72.843,64.392,891.585,349.879,1.675,74.729,23.566,4.33,59,0,Medium
WAP7-1027,WAP7,ER,2020,123,181,38,81.556,3.305,2.565,93.146,77.003,61.28,883.115,338.34,1.64,76.428,23.942,3.9,58,0,Medium
WAP7-1027,WAP7,ER,2020,124,181,40,86.918,3.175,2.713,93.752,79.554,62.341,878.312,322.744,1.624,79.171,23.764,4.004,57,0,Medium
WAP7-1027,WAP7,ER,2020,125,181,42,87.033,2.974,1.55,92.27,73.007,64.049,884.621,326.477,1.555,69.923,24.104,3.784,56,0,Medium
WAP7-1027,WAP7,ER,2020,126,181,44,86.777,3.124,2.454,91.243,75.139,60.418,882.34,332.673,1.683,78.357,23.513,3.636,55,0,Medium
WAP7-1027,WAP7,ER,2020,127,181,46,86.774,2.947,2.178,95.025,79.142,62.14,873.082,333.242,1.686,71.662,23.504,4.21,54,0,Medium
WAP7-1027,WAP7,ER,2020,128,181,48,87.029,3.107,2.455,92.694,82.517,62.093,879.559,327.461,1.653,72.504,24.124,3.783,53,0,Medium
WAP7-1027,WAP7,ER,2020,129,181,50,88.666,3.168,2.367,90.99,75.937,62.131,906.248,316.809,1.703,80.216,23.26,4.209,52,0,Medium
WAP7-1027,WAP7,ER,2020,130,181,52,90.253,3.309,2.328,89.701,82.372,63.083,912.156,323.422,1.656,70.294,23.645,4.063,51,0,Medium
WAP7-1027,WAP7,ER,2020,131,181,54,84.004,3.242,1.929,90.282,80.765,61.409,874.549,335.349,1.64,75.778,24.076,3.673,50,0,Medium
WAP7-1027,WAP7,ER,2020,132,181,56,91.933,3.132,2.497,90.936,80.31,61.473,867.998,334.173,1.565,80.475,23.958,3.799,49,0,Medium
WAP7-1027,WAP7,ER,2020,133,181,58,87.659,3.0,2.623,92.917,81.018,63.101,906.891,327.147,1.633,80.712,22.74,3.808,48,0,Medium
WAP7-1027,WAP7,ER,2020,134,181,60,92.11,3.144,2.432,92.659,78.396,65.917,903.628,313.582,1.603,79.25,23.458,4.071,47,0,Medium
WAP7-1027,WAP7,ER,2020,135,181,62,89.699,3.058,2.78,93.196,72.868,63.938,868.404,339.333,1.776,70.961,23.553,3.989,46,0,Medium
WAP7-1027,WAP7,ER,2020,136,181,64,79.364,3.126,2.108,94.074,82.708,62.158,917.176,328.312,1.568,71.475,22.971,3.964,45,0,Medium
WAP7-1027,WAP7,ER,2020,137,181,66,86.792,3.308,2.724,92.357,77.546,61.615,887.124,363.177,1.621,72.574,23.247,3.972,44,0,Medium
WAP7-1027,WAP7,ER,2020,138,181,68,78.324,3.129,2.604,91.855,78.112,62.075,875.724,314.929,1.545,79.42,23.472,3.618,43,0,Medium
WAP7-1027,WAP7,ER,2020,139,181,70,89.267,3.279,3.081,93.017,78.172,65.612,890.29,350.53,1.68,69.804,23.184,3.834,42,0,Medium
WAP7-1027,WAP7,ER,2020,140,181,72,89.215,3.202,2.733,92.707,75.309,64.098,846.39,341.729,1.706,75.812,24.456,3.725,41,0,Medium
WAP7-1027,WAP7,ER,2020,141,181,74,89.513,3.299,2.339,91.87,80.782,63.572,847.204,318.653,1.568,69.713,23.424,3.881,40,0,Medium
WAP7-1027,WAP7,ER,2020,142,181,76,86.693,3.159,2.944,91.194,76.261,64.77,876.272,312.921,1.573,75.966,23.912,3.955,39,0,Medium
WAP7-1027,WAP7,ER,2020,143,181,78,93.235,2.901,2.837,93.163,80.275,65.917,866.531,330.205,1.619,66.235,23.527,4.143,38,0,Medium
WAP7-1027,WAP7,ER,2020,144,181,80,88.101,3.24,2.404,93.401,76.295,63.292,894.182,315.841,1.591,69.46,23.838,3.803,37,0,Medium
WAP7-1027,WAP7,ER,2020,145,181,82,90.686,3.281,2.363,93.15,80.609,63.871,878.147,333.215,1.486,75.82,23.603,3.659,36,0,Medium
WAP7-1027,WAP7,ER,2020,146,181,84,84.243,3.216,2.67,93.367,78.608,67.525,886.407,339.935,1.599,76.502,23.24,3.935,35,0,Medium
WAP7-1027,WAP7,ER,2020,147,181,86,83.395,3.157,2.763,94.276,80.375,69.915,856.824,329.194,1.622,70.056,23.689,4.114,34,0,Medium
WAP7-1027,WAP7,ER,2020,148,181,88,90.066,2.799,2.96,89.493,82.208,66.507,886.914,329.408,1.65,69.969,23.202,3.853,33,0,Medium
WAP7-1027,WAP7,ER,2020,149,181,90,87.503,3.283,2.003,90.93,79.652,60.479,883.845,319.596,1.632,68.624,23.213,3.846,32,0,Medium
WAP7-1027,WAP7,ER,2020,150,181,92,85.207,3.053,2.413,91.951,79.34,63.897,866.19,358.639,1.561,70.022,24.561,4.107,31,0,Medium
WAP7-1027,WAP7,ER,2020,151,181,94,105.828,2.649,4.342,85.469,88.828,69.145,865.729,364.104,1.176,72.265,22.514,3.49,30,1,High
WAP7-1027,WAP7,ER,2020,152,181,96,101.543,2.174,4.728,88.385,83.95,72.184,866.232,356.765,1.168,62.185,22.862,3.142,29,1,High
WAP7-1027,WAP7,ER,2020,153,181,98,95.365,2.491,4.555,87.194,89.186,69.299,828.053,362.329,1.08,64.507,22.819,3.019,28,1,High
WAP7-1027,WAP7,ER,2020,154,181,100,100.166,2.176,4.356,84.591,85.684,69.717,837.169,366.103,1.258,76.132,22.188,3.607,27,1,High
WAP7-1027,WAP7,ER,2020,155,181,102,102.266,2.169,4.476,87.792,88.46,70.682,815.829,370.584,1.088,75.506,21.716,3.263,26,1,High
WAP7-1027,WAP7,ER,2020,156,181,104,98.849,2.215,4.708,83.582,82.409,73.381,857.289,356.053,1.147,71.807,22.592,3.178,25,1,High
WAP7-1027,WAP7,ER,2020,157,181,106,104.378,1.899,4.594,84.851,88.909,70.207,873.178,367.553,1.137,66.869,22.0,3.345,24,1,High
WAP7-1027,WAP7,ER,2020,158,181,108,104.501,2.257,4.992,85.361,90.024,74.378,833.96,360.846,1.109,70.903,21.902,3.401,23,1,High
WAP7-1027,WAP7,ER,2020,159,181,110,97.365,2.42,5.159,85.351,87.424,73.457,812.553,381.639,1.18,74.184,23.037,3.41,22,1,High
WAP7-1027,WAP7,ER,2020,160,181,112,103.106,1.87,5.155,84.068,92.734,72.341,839.627,346.331,1.267,70.836,22.092,3.231,21,1,High
WAP7-1027,WAP7,ER,2020,161,181,114,108.523,1.715,5.382,82.218,90.566,71.023,856.553,360.218,1.057,65.615,21.892,3.308,20,1,High
WAP7-1027,WAP7,ER,2020,162,181,116,109.438,2.001,5.653,84.124,94.385,75.047,815.754,371.501,1.02,69.061,22.075,3.096,19,1,High
WAP7-1027,WAP7,ER,2020,163,181,118,107.406,2.225,5.513,81.916,91.758,76.314,835.63,374.394,1.186,72.269,22.466,3.179,18,1,High
WAP7-1027,WAP7,ER,2020,164,181,120,108.51,2.168,5.319,84.638,91.778,72.006,832.655,369.16,0.991,72.404,21.062,3.211,17,1,High
WAP7-1027,WAP7,ER,2020,165,181,122,109.783,1.703,5.936,85.324,95.867,75.724,813.869,377.58,0.9,67.351,21.749,2.951,16,1,High
WAP7-1027,WAP7,ER,2020,166,181,124,108.025,1.871,5.807,85.3,94.493,76.955,802.374,356.598,1.06,71.155,21.676,2.995,15,1,High
WAP7-1027,WAP7,ER,2020,167,181,126,113.416,1.601,5.918,82.953,92.923,80.104,803.39,385.59,1.007,68.737,21.797,2.906,14,1,High
WAP7-1027,WAP7,ER,2020,168,181,128,108.852,1.517,6.525,79.768,92.598,74.566,819.636,371.503,0.91,78.794,21.297,3.446,13,1,High
WAP7-1027,WAP7,ER,2020,169,181,130,110.656,1.476,6.785,83.112,97.602,80.143,826.028,366.798,0.847,77.332,22.252,2.547,12,1,High
WAP7-1027,WAP7,ER,2020,170,181,132,116.139,1.464,6.791,80.777,97.135,81.084,810.264,380.891,0.79,77.266,21.254,2.638,11,1,High
WAP7-1027,WAP7,ER,2020,171,181,134,108.944,1.548,7.257,77.54,96.416,79.578,846.01,386.385,0.918,69.696,20.55,3.07,10,1,Critical
WAP7-1027,WAP7,ER,2020,172,181,136,120.636,1.425,6.889,80.083,97.887,84.384,830.766,394.178,0.664,66.294,21.549,3.01,9,1,Critical
WAP7-1027,WAP7,ER,2020,173,181,138,116.049,1.329,6.555,76.887,100.801,79.366,774.744,386.88,0.661,74.739,20.858,2.758,8,1,Critical
WAP7-1027,WAP7,ER,2020,174,181,140,115.289,0.989,7.319,80.29,102.663,83.627,823.421,391.486,0.702,71.67,20.234,2.952,7,1,Critical
WAP7-1027,WAP7,ER,2020,175,181,142,126.467,1.566,7.56,74.757,98.116,83.256,769.798,399.876,0.667,72.194,20.973,2.387,6,1,Critical
WAP7-1027,WAP7,ER,2020,176,181,144,126.511,1.215,8.248,76.483,102.048,88.843,802.804,397.608,0.709,78.449,20.221,2.691,5,1,Critical
WAP7-1027,WAP7,ER,2020,177,181,146,126.155,0.93,8.589,76.052,107.289,88.537,823.13,422.832,0.655,69.264,20.555,2.574,4,1,Critical
WAP7-1027,WAP7,ER,2020,178,181,148,125.83,1.178,8.406,76.174,102.851,91.987,788.736,418.594,0.682,72.804,20.779,2.639,3,1,Critical
WAP7-1027,WAP7,ER,2020,179,181,150,131.746,0.873,8.532,72.408,110.461,93.084,790.524,429.847,0.577,70.095,20.028,2.299,2,1,Critical
WAP7-1027,WAP7,ER,2020,180,181,152,130.503,0.791,9.0,74.858,105.571,91.583,787.366,407.637,0.5,65.146,20.061,2.46,1,1,Critical
WAP7-1027,WAP7,ER,2020,181,181,154,135.993,0.714,9.0,71.681,109.726,93.173,746.075,433.871,0.553,72.383,19.357,2.25,0,1,Critical
WAP5-1028,WAP5,NR,2016,1,129,-36,85.417,3.587,1.802,93.71,77.419,59.382,896.252,339.158,1.93,79.13,23.314,4.324,128,0,Low
WAP5-1028,WAP5,NR,2016,2,129,-34,83.626,3.307,2.002,95.275,74.592,62.012,901.663,315.425,1.771,72.421,23.977,4.589,127,0,Low
WAP5-1028,WAP5,NR,2016,3,129,-32,86.363,3.613,1.887,94.836,71.116,62.137,903.704,309.506,1.682,74.599,23.801,4.155,126,0,Low
WAP5-1028,WAP5,NR,2016,4,129,-30,82.635,3.364,1.442,96.059,80.81,61.785,908.889,317.694,1.906,76.885,24.218,4.64,125,0,Low
WAP5-1028,WAP5,NR,2016,5,129,-28,81.654,3.544,2.004,94.915,66.508,58.147,889.208,320.186,1.829,76.068,24.341,4.17,124,0,Low
WAP5-1028,WAP5,NR,2016,6,129,-26,83.611,3.626,1.937,95.563,75.438,57.206,875.237,311.713,1.786,63.872,24.65,4.071,123,0,Low
WAP5-1028,WAP5,NR,2016,7,129,-24,81.911,3.713,2.003,94.683,76.619,63.059,907.182,334.222,1.826,75.927,24.425,4.03,122,0,Low
WAP5-1028,WAP5,NR,2016,8,129,-22,79.687,3.679,1.753,92.461,74.461,63.36,932.181,308.345,1.907,73.646,23.941,4.438,121,0,Low
WAP5-1028,WAP5,NR,2016,9,129,-20,76.203,3.457,1.671,93.063,71.634,58.923,936.273,321.426,1.917,58.592,24.435,3.952,120,0,Low
WAP5-1028,WAP5,NR,2016,10,129,-18,80.741,3.655,1.994,94.235,74.061,59.947,908.552,313.067,1.818,69.588,23.626,4.414,119,0,Low
WAP5-1028,WAP5,NR,2016,11,129,-16,80.549,3.475,1.926,94.01,77.303,59.665,942.597,336.221,1.681,60.788,24.472,4.167,118,0,Low
WAP5-1028,WAP5,NR,2016,12,129,-14,82.328,3.864,1.575,94.54,76.165,60.517,872.176,325.931,1.885,76.941,24.008,3.95,117,0,Low
WAP5-1028,WAP5,NR,2016,13,129,-12,86.607,3.548,2.585,95.739,74.324,63.301,908.786,329.385,1.797,65.296,23.703,3.835,116,0,Low
WAP5-1028,WAP5,NR,2016,14,129,-10,77.857,3.353,2.249,95.023,75.47,60.026,919.776,320.135,1.912,76.752,23.713,4.033,115,0,Low
WAP5-1028,WAP5,NR,2016,15,129,-8,81.064,3.571,1.988,91.412,79.069,60.095,910.649,323.887,1.792,80.001,24.175,4.113,114,0,Low
WAP5-1028,WAP5,NR,2016,16,129,-6,81.374,3.489,1.85,92.11,77.184,60.863,875.096,318.455,1.827,75.615,23.694,4.385,113,0,Low
WAP5-1028,WAP5,NR,2016,17,129,-4,82.493,3.388,1.935,92.169,74.591,59.329,883.739,319.913,1.873,63.186,23.675,4.174,112,0,Low
WAP5-1028,WAP5,NR,2016,18,129,-2,80.46,3.354,1.581,93.837,68.139,59.647,910.792,332.405,1.812,69.563,24.629,4.403,111,0,Low
WAP5-1028,WAP5,NR,2016,19,129,0,79.639,3.274,2.156,94.087,75.916,59.025,891.503,307.13,1.766,71.502,23.944,4.178,110,0,Low
WAP5-1028,WAP5,NR,2016,20,129,2,82.689,3.473,1.741,95.668,75.516,59.82,887.78,339.097,1.878,74.501,24.308,4.178,109,0,Low
WAP5-1028,WAP5,NR,2016,21,129,4,85.978,3.55,1.866,92.603,74.909,60.518,892.211,336.704,1.86,71.547,23.601,4.194,108,0,Low
WAP5-1028,WAP5,NR,2016,22,129,6,81.593,3.36,1.563,92.899,70.443,62.292,900.585,342.379,1.795,74.729,23.866,4.51,107,0,Low
WAP5-1028,WAP5,NR,2016,23,129,8,77.956,3.545,2.025,94.646,74.603,59.18,892.115,330.84,1.76,76.428,24.242,4.08,106,0,Low
WAP5-1028,WAP5,NR,2016,24,129,10,83.318,3.415,2.173,95.252,77.154,60.241,887.312,315.244,1.744,79.171,24.064,4.184,105,0,Low
WAP5-1028,WAP5,NR,2016,25,129,12,83.433,3.214,1.01,93.77,70.607,61.949,893.621,318.977,1.675,69.923,24.404,3.964,104,0,Low
WAP5-1028,WAP5,NR,2016,26,129,14,83.177,3.364,1.914,92.743,72.739,58.318,891.34,325.173,1.803,78.357,23.813,3.816,103,0,Low
WAP5-1028,WAP5,NR,2016,27,129,16,83.174,3.187,1.638,96.525,76.742,60.04,882.082,325.742,1.806,71.662,23.804,4.39,102,0,Low
WAP5-1028,WAP5,NR,2016,28,129,18,83.429,3.347,1.915,94.194,80.117,59.993,888.559,319.961,1.773,72.504,24.424,3.963,101,0,Low
WAP5-1028,WAP5,NR,2016,29,129,20,85.066,3.408,1.827,92.49,73.537,60.031,915.248,309.309,1.823,80.216,23.56,4.389,100,0,Low
WAP5-1028,WAP5,NR,2016,30,129,22,86.653,3.549,1.788,91.201,79.972,60.983,921.156,315.922,1.776,70.294,23.945,4.243,99,0,Low
WAP5-1028,WAP5,NR,2016,31,129,24,80.404,3.482,1.389,91.782,78.365,59.309,883.549,327.849,1.76,75.778,24.376,3.853,98,0,Low
WAP5-1028,WAP5,NR,2016,32,129,26,88.333,3.372,1.957,92.436,77.91,59.373,876.998,326.673,1.685,80.475,24.258,3.979,97,0,Low
WAP5-1028,WAP5,NR,2016,33,129,28,84.059,3.24,2.083,94.417,78.618,61.001,915.891,319.647,1.753,80.712,23.04,3.988,96,0,Low
WAP5-1028,WAP5,NR,2016,34,129,30,88.51,3.384,1.892,94.159,75.996,63.817,912.628,306.082,1.723,79.25,23.758,4.251,95,0,Low
WAP5-1028,WAP5,NR,2016,35,129,32,86.099,3.298,2.24,94.696,70.468,61.838,877.404,331.833,1.896,70.961,23.853,4.169,94,0,Low
WAP5-1028,WAP5,NR,2016,36,129,34,75.764,3.366,1.568,95.574,80.308,60.058,926.176,320.812,1.688,71.475,23.271,4.144,93,0,Low
WAP5-1028,WAP5,NR,2016,37,129,36,83.192,3.548,2.184,93.857,75.146,59.515,896.124,355.677,1.741,72.574,23.547,4.152,92,0,Low
WAP5-1028,WAP5,NR,2016,38,129,38,74.724,3.369,2.064,93.355,75.712,59.975,884.724,307.429,1.665,79.42,23.772,3.798,91,0,Low
WAP5-1028,WAP5,NR,2016,39,129,40,85.667,3.519,2.541,94.517,75.772,63.512,899.29,343.03,1.8,69.804,23.484,4.014,90,0,Low
WAP5-1028,WAP5,NR,2016,40,129,42,85.615,3.442,2.193,94.207,72.909,61.998,855.39,334.229,1.826,75.812,24.756,3.905,89,0,Low
WAP5-1028,WAP5,NR,2016,41,129,44,85.913,3.539,1.799,93.37,78.382,61.472,856.204,311.153,1.688,69.713,23.724,4.061,88,0,Low
WAP5-1028,WAP5,NR,2016,42,129,46,83.093,3.399,2.404,92.694,73.861,62.67,885.272,305.421,1.693,75.966,24.212,4.135,87,0,Low
WAP5-1028,WAP5,NR,2016,43,129,48,89.635,3.141,2.297,94.663,77.875,63.817,875.531,322.705,1.739,66.235,23.827,4.323,86,0,Low
WAP5-1028,WAP5,NR,2016,44,129,50,84.501,3.48,1.864,94.901,73.895,61.192,903.182,308.341,1.711,69.46,24.138,3.983,85,0,Low
WAP5-1028,WAP5,NR,2016,45,129,52,87.086,3.521,1.823,94.65,78.209,61.771,887.147,325.715,1.606,75.82,23.903,3.839,84,0,Low
WAP5-1028,WAP5,NR,2016,46,129,54,80.643,3.456,2.13,94.867,76.208,65.425,895.407,332.435,1.719,76.502,23.54,4.115,83,0,Low
WAP5-1028,WAP5,NR,2016,47,129,56,79.795,3.397,2.223,95.776,77.975,67.815,865.824,321.694,1.742,70.056,23.989,4.294,82,0,Low
WAP5-1028,WAP5,NR,2016,48,129,58,86.466,3.039,2.42,90.993,79.808,64.407,895.914,321.908,1.77,69.969,23.502,4.033,81,0,Low
WAP5-1028,WAP5,NR,2016,49,129,60,83.903,3.523,1.463,92.43,77.252,58.379,892.845,312.096,1.752,68.624,23.513,4.026,80,0,Low
WAP5-1028,WAP5,NR,2016,50,129,62,81.607,3.293,1.873,93.451,76.94,61.797,875.19,351.139,1.681,70.022,24.861,4.287,79,0,Low
WAP5-1028,WAP5,NR,2016,51,129,64,89.544,3.734,1.899,92.254,77.972,59.646,906.439,330.179,1.719,72.265,23.871,4.304,78,0,Low
WAP5-1028,WAP5,NR,2016,52,129,66,85.141,3.266,2.268,95.218,73.016,62.612,907.241,322.598,1.715,62.185,24.228,3.962,77,0,Low
WAP5-1028,WAP5,NR,2016,53,129,68,78.78,3.594,2.067,94.103,78.129,59.605,869.539,327.787,1.631,64.507,24.201,3.845,76,0,Low
WAP5-1028,WAP5,NR,2016,54,129,70,83.33,3.29,1.831,91.601,74.46,59.851,879.309,331.053,1.816,76.132,23.591,4.441,75,0,Low
WAP5-1028,WAP5,NR,2016,55,129,72,85.113,3.298,1.903,94.931,77.024,60.596,858.801,334.892,1.653,75.506,23.145,4.108,74,0,Low
WAP5-1028,WAP5,NR,2016,56,129,74,81.312,3.362,2.078,90.875,70.718,63.026,901.271,319.586,1.721,71.807,24.053,4.035,73,0,Low
WAP5-1028,WAP5,NR,2016,57,129,76,86.39,3.066,1.896,92.326,76.917,59.534,918.348,330.178,1.72,66.869,23.499,4.216,72,0,Low
WAP5-1028,WAP5,NR,2016,58,129,78,85.995,3.447,2.217,93.044,77.687,63.338,880.495,322.429,1.704,70.903,23.444,4.288,71,0,Low
WAP5-1028,WAP5,NR,2016,59,129,80,78.276,3.636,2.296,93.269,74.698,62.002,860.632,342.047,1.788,74.184,24.628,4.314,70,0,Low
WAP5-1028,WAP5,NR,2016,60,129,82,83.366,3.114,2.194,92.248,79.574,60.421,889.427,305.431,1.889,70.836,23.737,4.155,69,0,Low
WAP5-1028,WAP5,NR,2016,61,129,84,88.065,2.99,2.313,90.686,76.928,58.589,908.251,317.876,1.694,65.615,23.596,4.253,68,0,Low
WAP5-1028,WAP5,NR,2016,62,129,86,88.197,3.309,2.467,92.907,80.225,62.051,869.53,327.584,1.674,69.061,23.845,4.064,67,0,Low
WAP5-1028,WAP5,NR,2016,63,129,88,85.314,3.569,2.199,91.041,77.03,62.707,891.66,328.769,1.858,72.269,24.307,4.171,66,0,Low
WAP5-1028,WAP5,NR,2016,64,129,90,85.5,3.552,1.868,94.131,76.439,57.739,891.117,321.694,1.682,72.404,22.98,4.23,65,0,Low
WAP5-1028,WAP5,NR,2016,65,129,92,85.789,3.128,2.337,95.212,79.872,60.748,874.941,328.138,1.613,67.351,23.749,3.998,64,0,Low
WAP5-1028,WAP5,NR,2016,66,129,94,82.981,3.34,2.05,95.61,77.797,61.221,866.234,305.048,1.795,71.155,23.763,4.072,63,0,Low
WAP5-1028,WAP5,NR,2016,67,129,96,87.255,3.118,1.993,93.712,75.482,63.563,870.215,331.799,1.765,68.737,23.977,4.015,62,0,Low
WAP5-1028,WAP5,NR,2016,68,129,98,81.507,3.083,2.423,91.002,74.368,57.17,889.605,315.336,1.693,78.794,23.576,4.589,61,0,Low
WAP5-1028,WAP5,NR,2016,69,129,100,82.06,3.095,2.496,94.847,78.538,61.842,899.318,308.123,1.656,77.332,24.635,3.724,60,0,Medium
WAP5-1028,WAP5,NR,2016,70,129,102,86.225,3.137,2.304,93.04,77.193,61.83,887.053,319.574,1.627,77.266,23.747,3.853,59,0,Medium
WAP5-1028,WAP5,NR,2016,71,129,104,77.646,3.279,2.562,90.358,75.551,59.322,926.476,322.293,1.784,69.696,23.158,4.323,58,0,Medium
WAP5-1028,WAP5,NR,2016,72,129,106,87.888,3.216,1.976,93.483,76.055,63.076,915.086,327.178,1.559,66.294,24.278,4.304,57,0,Medium
WAP5-1028,WAP5,NR,2016,73,129,108,81.784,3.183,1.415,90.896,77.958,56.958,863.096,316.838,1.588,74.739,23.714,4.095,56,0,Medium
WAP5-1028,WAP5,NR,2016,74,129,110,79.44,2.909,1.942,94.933,78.764,60.07,915.983,318.269,1.662,71.67,23.221,4.333,55,0,Medium
WAP5-1028,WAP5,NR,2016,75,129,112,88.967,3.554,1.935,90.062,73.116,58.501,866.748,323.351,1.661,72.194,24.098,3.814,54,0,Medium
WAP5-1028,WAP5,NR,2016,76,129,114,87.294,3.274,2.366,92.476,75.904,62.841,904.319,317.641,1.738,78.449,23.489,4.166,53,0,Medium
WAP5-1028,WAP5,NR,2016,77,129,116,85.154,3.063,2.439,92.76,79.955,61.24,929.389,339.29,1.722,69.264,23.972,4.098,52,0,Medium
WAP5-1028,WAP5,NR,2016,78,129,118,82.978,3.386,1.978,93.624,74.283,63.345,899.916,331.344,1.787,72.804,24.35,4.215,51,0,Medium
WAP5-1028,WAP5,NR,2016,79,129,120,86.977,3.161,1.816,90.627,80.615,63.049,906.803,338.756,1.72,70.095,23.759,3.927,50,0,Medium
WAP5-1028,WAP5,NR,2016,80,129,122,83.749,3.16,2.154,93.871,74.402,60.105,908.921,312.571,1.62,65.146,23.957,4.144,49,0,Medium
WAP5-1028,WAP5,NR,2016,81,129,124,87.189,3.168,2.134,91.516,77.19,60.204,873.085,334.696,1.78,72.383,23.424,3.991,48,0,Medium
WAP5-1028,WAP5,NR,2016,82,129,126,92.997,3.154,2.541,92.606,77.314,63.774,894.456,306.045,1.744,79.716,23.138,4.13,47,0,Medium
WAP5-1028,WAP5,NR,2016,83,129,128,88.665,3.127,2.23,92.343,76.576,63.405,915.69,313.607,1.684,82.532,23.149,4.411,46,0,Medium
WAP5-1028,WAP5,NR,2016,84,129,130,85.059,3.123,2.038,91.85,76.816,60.233,877.972,327.797,1.592,71.956,24.075,3.532,45,0,Medium
WAP5-1028,WAP5,NR,2016,85,129,132,84.946,3.778,2.493,89.777,78.49,59.806,879.959,338.273,1.628,80.462,23.054,3.698,44,0,Medium
WAP5-1028,WAP5,NR,2016,86,129,134,91.567,3.508,2.307,95.271,78.784,61.054,874.384,325.923,1.689,78.456,23.623,3.898,43,0,Medium
WAP5-1028,WAP5,NR,2016,87,129,136,83.599,3.301,2.39,93.394,75.016,63.138,880.341,325.053,1.727,74.702,23.392,3.881,42,0,Medium
WAP5-1028,WAP5,NR,2016,88,129,138,89.971,3.305,1.32,92.154,75.112,63.834,843.982,317.169,1.706,71.691,23.648,3.785,41,0,Medium
WAP5-1028,WAP5,NR,2016,89,129,140,82.018,3.263,2.253,93.58,73.436,61.163,875.191,340.238,1.719,70.203,22.887,3.693,40,0,Medium
WAP5-1028,WAP5,NR,2016,90,129,142,81.96,3.314,2.598,95.215,77.599,65.402,899.179,312.89,1.811,64.427,24.435,3.76,39,0,Medium
WAP5-1028,WAP5,NR,2016,91,129,144,80.239,3.527,2.506,95.306,80.062,57.837,882.79,319.214,1.758,69.605,23.615,4.141,38,0,Medium
WAP5-1028,WAP5,NR,2016,92,129,146,85.246,3.153,2.421,90.867,84.787,61.482,919.64,322.838,1.818,70.814,23.781,3.676,37,0,Medium
WAP5-1028,WAP5,NR,2016,93,129,148,87.106,3.026,2.331,90.941,72.264,68.363,875.509,325.881,1.591,74.771,23.848,4.255,36,0,Medium
WAP5-1028,WAP5,NR,2016,94,129,150,86.57,3.267,2.331,92.8,76.989,64.494,880.809,339.653,1.568,70.99,23.384,4.2,35,0,Medium
WAP5-1028,WAP5,NR,2016,95,129,152,86.342,3.229,1.743,94.743,79.244,59.884,895.927,339.176,1.7,80.401,23.93,4.045,34,0,Medium
WAP5-1028,WAP5,NR,2016,96,129,154,83.892,3.154,2.469,92.364,76.294,64.453,871.655,329.004,1.591,64.968,22.981,4.21,33,0,Medium
WAP5-1028,WAP5,NR,2016,97,129,156,86.532,3.155,1.987,92.724,74.381,66.346,889.116,313.783,1.724,68.876,23.777,3.883,32,0,Medium
WAP5-1028,WAP5,NR,2016,98,129,158,84.153,3.238,2.425,91.294,81.104,61.169,900.001,330.578,1.667,71.699,23.874,4.111,31,0,Medium
WAP5-1028,WAP5,NR,2016,99,129,160,91.522,2.774,3.683,89.171,84.088,63.336,871.159,326.905,1.431,75.29,23.471,3.506,30,1,High
WAP5-1028,WAP5,NR,2016,100,129,162,93.543,2.784,3.353,88.254,84.026,67.891,874.316,355.105,1.425,67.179,23.53,3.839,29,1,High
WAP5-1028,WAP5,NR,2016,101,129,164,96.107,2.492,4.001,88.53,80.071,62.065,874.839,358.294,1.507,66.362,22.973,3.742,28,1,High
WAP5-1028,WAP5,NR,2016,102,129,166,94.703,2.582,3.384,89.281,84.84,67.103,865.15,335.419,1.403,75.529,23.043,3.578,27,1,High
WAP5-1028,WAP5,NR,2016,103,129,168,91.447,2.603,3.571,86.411,83.594,66.255,850.748,358.529,1.447,70.353,23.021,3.729,26,1,High
WAP5-1028,WAP5,NR,2016,104,129,170,97.148,2.82,3.171,90.369,87.658,68.369,864.113,357.646,1.163,66.414,23.534,3.257,25,1,High
WAP5-1028,WAP5,NR,2016,105,129,172,94.775,2.429,3.918,86.342,84.774,69.841,867.577,342.287,1.471,71.197,22.142,3.585,24,1,High
WAP5-1028,WAP5,NR,2016,106,129,174,92.214,2.672,3.748,87.813,81.882,66.491,869.45,357.568,1.417,74.613,22.407,3.961,23,1,High
WAP5-1028,WAP5,NR,2016,107,129,176,102.574,2.398,4.015,86.431,87.658,67.266,849.596,359.922,1.31,70.499,22.397,3.293,22,1,High
WAP5-1028,WAP5,NR,2016,108,129,178,98.71,2.658,4.231,87.786,85.75,71.726,861.343,369.056,1.369,73.712,22.378,3.479,21,1,High
WAP5-1028,WAP5,NR,2016,109,129,180,95.33,2.619,4.412,84.315,87.092,69.541,865.189,355.167,1.202,69.708,23.128,3.349,20,1,High
WAP5-1028,WAP5,NR,2016,110,129,0,105.897,2.353,4.79,85.902,85.654,70.845,851.499,362.674,1.315,73.333,22.619,3.415,19,1,High
WAP5-1028,WAP5,NR,2016,111,129,2,101.873,2.388,4.438,86.969,90.604,71.764,835.662,337.989,1.172,70.623,22.276,3.49,18,1,High
WAP5-1028,WAP5,NR,2016,112,129,4,100.776,2.5,4.835,84.387,89.861,72.539,849.607,358.641,1.217,74.631,22.795,3.751,17,1,High
WAP5-1028,WAP5,NR,2016,113,129,6,107.548,2.032,4.981,85.351,87.593,73.167,850.867,375.025,1.29,65.463,22.763,3.367,16,1,High
WAP5-1028,WAP5,NR,2016,114,129,8,103.487,2.517,5.049,87.806,88.402,73.651,851.39,342.369,1.136,61.45,21.966,3.393,15,1,High
WAP5-1028,WAP5,NR,2016,115,129,10,105.969,2.465,5.174,86.011,94.521,76.988,835.964,355.22,1.064,70.974,21.302,3.139,14,1,High
WAP5-1028,WAP5,NR,2016,116,129,12,105.915,2.1,5.105,84.696,90.974,77.511,844.646,359.223,1.09,75.588,21.774,2.9,13,1,High
WAP5-1028,WAP5,NR,2016,117,129,14,113.514,1.847,5.723,83.695,92.496,77.387,838.946,369.547,1.124,82.766,21.74,3.331,12,1,High
WAP5-1028,WAP5,NR,2016,118,129,16,108.902,1.946,6.067,84.52,93.314,75.142,853.348,374.039,1.155,74.895,21.674,3.473,11,1,High
WAP5-1028,WAP5,NR,2016,119,129,18,108.425,2.312,6.189,83.493,94.171,78.138,817.244,383.184,1.0,70.416,21.912,3.147,10,1,Critical
WAP5-1028,WAP5,NR,2016,120,129,20,104.899,2.09,6.579,84.209,92.893,74.392,842.669,380.888,1.075,74.929,20.916,3.161,9,1,Critical
WAP5-1028,WAP5,NR,2016,121,129,22,109.902,1.852,6.497,78.873,98.061,76.828,829.291,373.807,1.048,74.279,21.62,3.028,8,1,Critical
WAP5-1028,WAP5,NR,2016,122,129,24,114.491,1.968,6.913,80.937,98.444,80.091,811.943,386.29,0.855,72.161,21.333,3.341,7,1,Critical
WAP5-1028,WAP5,NR,2016,123,129,26,113.963,1.776,6.698,79.255,99.225,83.89,813.755,401.554,1.149,72.121,21.584,2.995,6,1,Critical
WAP5-1028,WAP5,NR,2016,124,129,28,117.628,1.636,7.118,81.384,99.349,81.016,826.412,384.227,0.885,74.601,20.369,3.111,5,1,Critical
WAP5-1028,WAP5,NR,2016,125,129,30,122.825,1.317,7.609,79.95,101.412,84.412,839.882,408.667,0.845,74.772,20.672,2.821,4,1,Critical
WAP5-1028,WAP5,NR,2016,126,129,32,121.608,1.282,7.616,76.853,101.345,84.496,789.292,413.11,0.769,77.985,20.718,2.793,3,1,Critical
WAP5-1028,WAP5,NR,2016,127,129,34,127.116,1.42,8.188,79.835,105.083,89.698,787.346,418.899,0.68,60.232,20.696,2.908,2,1,Critical
WAP5-1028,WAP5,NR,2016,128,129,36,125.749,1.087,8.027,74.691,100.442,91.937,779.117,415.457,0.781,73.919,20.19,2.616,1,1,Critical
WAP5-1028,WAP5,NR,2016,129,129,38,128.314,1.28,8.573,74.765,104.074,90.366,780.368,433.003,0.589,69.636,20.755,2.67,0,1,Critical
WAG9-1029,WAG9,CR,2018,1,112,2,83.89,3.303,2.168,93.619,71.927,54.918,905.404,332.853,1.912,66.362,23.991,4.35,111,0,Low
WAG9-1029,WAG9,CR,2018,2,112,4,82.235,3.406,1.513,94.471,76.528,59.785,896.37,309.469,1.815,75.529,24.082,4.194,110,0,Low
WAG9-1029,WAG9,CR,2018,3,112,6,78.662,3.441,1.653,91.729,75.07,58.717,882.8,331.938,1.866,70.353,24.086,4.356,109,0,Low
WAG9-1029,WAG9,CR,2018,4,112,8,83.979,3.676,1.196,95.843,78.879,60.562,897.175,330.279,1.59,66.414,24.632,3.896,108,0,Low
WAG9-1029,WAG9,CR,2018,5,112,10,81.155,3.305,1.875,91.997,75.694,61.716,901.827,314.012,1.909,71.197,23.277,4.238,107,0,Low
WAG9-1029,WAG9,CR,2018,6,112,12,78.077,3.571,1.627,93.677,72.457,58.0,905.066,328.251,1.867,74.613,23.586,4.63,106,0,Low
WAG9-1029,WAG9,CR,2018,7,112,14,87.853,3.322,1.807,92.529,77.843,58.358,886.755,329.43,1.773,70.499,23.624,3.979,105,0,Low
WAG9-1029,WAG9,CR,2018,8,112,16,83.338,3.611,1.926,94.146,75.502,62.354,900.223,337.256,1.845,73.712,23.659,4.184,104,0,Low
WAG9-1029,WAG9,CR,2018,9,112,18,79.241,3.602,1.999,90.963,76.366,59.655,905.968,321.925,1.694,69.708,24.469,4.075,103,0,Low
WAG9-1029,WAG9,CR,2018,10,112,20,89.024,3.37,2.259,92.866,74.405,60.398,894.355,327.857,1.824,73.333,24.025,4.165,102,0,Low
WAG9-1029,WAG9,CR,2018,11,112,22,84.149,3.441,1.779,94.274,78.788,60.705,880.772,301.464,1.698,70.623,23.753,4.264,101,0,Low
WAG9-1029,WAG9,CR,2018,12,112,24,82.134,3.593,2.039,92.06,77.433,60.82,897.149,320.275,1.763,74.631,24.348,4.552,100,0,Low
WAG9-1029,WAG9,CR,2018,13,112,26,87.923,3.166,2.037,93.419,74.509,60.738,901.019,334.683,1.857,65.463,24.398,4.196,99,0,Low
WAG9-1029,WAG9,CR,2018,14,112,28,82.811,3.696,1.948,96.296,74.618,60.465,904.33,299.919,1.726,61.45,23.689,4.252,98,0,Low
WAG9-1029,WAG9,CR,2018,15,112,30,84.175,3.69,1.905,94.95,79.992,62.995,891.87,310.528,1.676,70.974,23.118,4.029,97,0,Low
WAG9-1029,WAG9,CR,2018,16,112,32,82.937,3.375,1.658,94.109,75.656,62.663,903.695,312.156,1.727,75.588,23.688,3.824,96,0,Low
WAG9-1029,WAG9,CR,2018,17,112,34,89.286,3.175,2.088,93.61,76.344,61.634,901.316,319.972,1.788,82.766,23.759,4.29,95,0,Low
WAG9-1029,WAG9,CR,2018,18,112,36,83.357,3.328,2.235,94.963,76.284,58.436,919.217,321.822,1.846,74.895,23.803,4.469,94,0,Low
WAG9-1029,WAG9,CR,2018,19,112,38,81.495,3.752,2.15,94.492,76.218,60.429,886.79,328.192,1.72,70.416,24.156,4.182,93,0,Low
WAG9-1029,WAG9,CR,2018,20,112,40,76.519,3.59,2.322,95.789,73.973,55.632,916.069,322.988,1.825,74.929,23.281,4.237,92,0,Low
WAG9-1029,WAG9,CR,2018,21,112,42,80.005,3.415,2.012,91.061,78.129,56.968,906.723,312.865,1.829,74.279,24.111,4.147,91,0,Low
WAG9-1029,WAG9,CR,2018,22,112,44,83.01,3.596,2.191,93.761,77.457,59.082,893.585,322.174,1.67,72.161,23.956,4.504,90,0,Low
WAG9-1029,WAG9,CR,2018,23,112,46,80.831,3.473,1.728,92.74,77.137,61.683,899.785,334.129,1.997,72.121,24.345,4.203,89,0,Low
WAG9-1029,WAG9,CR,2018,24,112,48,82.778,3.404,1.891,95.558,76.116,57.562,917.007,313.361,1.769,74.601,23.273,4.368,88,0,Low
WAG9-1029,WAG9,CR,2018,25,112,50,86.192,3.158,2.114,94.839,76.99,59.662,935.221,334.225,1.765,74.772,23.725,4.126,87,0,Low
WAG9-1029,WAG9,CR,2018,26,112,52,83.124,3.2,1.843,92.483,75.689,58.402,889.552,334.96,1.728,77.985,23.925,4.15,86,0,Low
WAG9-1029,WAG9,CR,2018,27,112,54,86.714,3.417,2.127,96.233,78.149,62.21,892.705,336.908,1.678,60.232,24.063,4.318,85,0,Low
WAG9-1029,WAG9,CR,2018,28,112,56,83.364,3.165,1.669,91.884,72.185,63.007,889.753,329.491,1.82,73.919,23.722,4.081,84,0,Low
WAG9-1029,WAG9,CR,2018,29,112,58,83.878,3.442,1.907,92.78,74.45,59.945,896.458,342.928,1.67,69.636,24.458,4.192,83,0,Low
WAG9-1029,WAG9,CR,2018,30,112,60,78.29,3.49,2.324,95.139,74.742,65.463,886.911,329.009,1.734,69.872,23.854,3.908,82,0,Low
WAG9-1029,WAG9,CR,2018,31,112,62,82.892,3.522,1.946,93.034,80.481,60.367,940.386,321.782,1.842,73.382,24.352,4.239,81,0,Low
WAG9-1029,WAG9,CR,2018,32,112,64,79.927,3.473,1.887,92.815,76.749,62.352,871.445,314.676,1.835,67.768,24.195,3.928,80,0,Low
WAG9-1029,WAG9,CR,2018,33,112,66,83.287,3.318,2.286,93.873,75.872,62.178,893.01,337.514,1.824,69.339,23.961,4.125,79,0,Low
WAG9-1029,WAG9,CR,2018,34,112,68,86.371,3.606,2.034,92.913,71.449,60.3,889.07,324.207,1.769,69.674,23.994,4.124,78,0,Low
WAG9-1029,WAG9,CR,2018,35,112,70,86.547,3.217,1.908,93.787,71.332,63.066,918.812,318.7,1.905,67.072,23.282,4.199,77,0,Low
WAG9-1029,WAG9,CR,2018,36,112,72,85.116,3.317,2.019,91.472,76.875,63.525,892.975,316.573,1.694,72.614,23.389,3.987,76,0,Low
WAG9-1029,WAG9,CR,2018,37,112,74,89.52,3.261,1.999,95.717,75.063,60.449,868.082,326.431,1.648,61.46,24.319,4.142,75,0,Low
WAG9-1029,WAG9,CR,2018,38,112,76,87.185,3.389,1.624,93.606,69.667,58.829,915.426,314.612,1.832,61.978,24.017,4.477,74,0,Low
WAG9-1029,WAG9,CR,2018,39,112,78,83.818,3.137,2.041,94.494,74.084,58.746,871.81,316.679,1.784,71.574,23.708,3.82,73,0,Low
WAG9-1029,WAG9,CR,2018,40,112,80,89.215,3.242,2.121,91.338,76.226,60.194,878.912,338.338,1.648,68.707,23.705,4.039,72,0,Low
WAG9-1029,WAG9,CR,2018,41,112,82,85.181,3.217,1.862,91.46,77.974,62.598,937.313,327.633,1.59,69.727,24.659,4.512,71,0,Low
WAG9-1029,WAG9,CR,2018,42,112,84,81.636,3.355,2.216,92.159,71.731,59.253,898.618,317.945,1.752,60.197,23.557,4.312,70,0,Low
WAG9-1029,WAG9,CR,2018,43,112,86,78.974,3.556,1.732,91.485,75.12,63.132,859.266,328.98,1.602,69.188,23.743,3.985,69,0,Low
WAG9-1029,WAG9,CR,2018,44,112,88,85.254,3.399,2.049,94.237,77.495,57.218,897.172,329.646,1.659,74.64,24.309,4.131,68,0,Low
WAG9-1029,WAG9,CR,2018,45,112,90,81.897,3.477,1.763,94.765,72.192,64.926,886.231,336.218,1.77,69.263,23.87,4.323,67,0,Low
WAG9-1029,WAG9,CR,2018,46,112,92,84.762,3.259,2.399,90.5,76.715,61.543,900.08,316.224,1.636,70.394,24.071,3.737,66,0,Low
WAG9-1029,WAG9,CR,2018,47,112,94,81.591,3.306,2.391,91.122,77.996,64.141,899.393,334.562,1.78,75.774,24.98,4.259,65,0,Low
WAG9-1029,WAG9,CR,2018,48,112,96,83.464,3.213,2.084,95.798,78.464,59.585,906.899,309.846,1.782,73.414,24.419,3.97,64,0,Low
WAG9-1029,WAG9,CR,2018,49,112,98,78.046,3.324,1.905,94.982,74.783,60.592,897.227,329.149,1.623,75.765,23.507,4.188,63,0,Low
WAG9-1029,WAG9,CR,2018,50,112,100,83.514,3.428,2.063,94.618,76.305,60.468,902.11,331.354,1.703,74.252,23.644,4.258,62,0,Low
WAG9-1029,WAG9,CR,2018,51,112,102,86.552,3.083,2.251,91.671,71.517,58.761,898.775,320.941,1.761,71.04,23.935,4.109,61,0,Low
WAG9-1029,WAG9,CR,2018,52,112,104,85.429,3.301,2.136,92.781,80.033,59.748,880.191,324.457,1.763,74.607,24.163,3.641,60,0,Medium
WAG9-1029,WAG9,CR,2018,53,112,106,82.022,3.192,2.113,95.162,74.586,59.041,915.124,318.582,1.69,72.135,23.524,3.931,59,0,Medium
WAG9-1029,WAG9,CR,2018,54,112,108,82.261,3.387,1.812,93.637,76.963,64.113,886.531,315.85,1.766,81.534,24.006,4.259,58,0,Medium
WAG9-1029,WAG9,CR,2018,55,112,110,93.826,3.403,2.133,91.974,74.613,62.68,882.657,335.953,1.663,63.616,23.636,4.022,57,0,Medium
WAG9-1029,WAG9,CR,2018,56,112,112,87.023,3.471,2.451,92.461,81.079,59.298,934.846,344.603,1.711,75.32,22.879,3.907,56,0,Medium
WAG9-1029,WAG9,CR,2018,57,112,114,84.172,3.257,2.485,92.683,76.071,60.131,920.024,313.078,1.78,70.833,23.541,3.834,55,0,Medium
WAG9-1029,WAG9,CR,2018,58,112,116,83.517,3.266,1.777,92.145,80.485,63.203,876.891,344.383,1.764,65.923,24.076,3.97,54,0,Medium
WAG9-1029,WAG9,CR,2018,59,112,118,84.32,3.403,2.025,93.05,74.578,65.333,854.982,325.026,1.7,67.688,23.501,4.13,53,0,Medium
WAG9-1029,WAG9,CR,2018,60,112,120,80.266,3.254,2.179,94.212,79.199,59.921,908.05,331.404,1.686,69.935,23.069,3.987,52,0,Medium
WAG9-1029,WAG9,CR,2018,61,112,122,86.02,3.331,2.263,93.567,74.582,61.669,889.091,319.685,1.815,70.826,23.386,3.695,51,0,Medium
WAG9-1029,WAG9,CR,2018,62,112,124,86.146,3.38,2.295,91.828,72.433,61.301,915.847,319.769,1.709,71.913,23.342,4.096,50,0,Medium
WAG9-1029,WAG9,CR,2018,63,112,126,80.482,3.362,2.369,93.241,76.331,59.9,887.231,335.764,1.703,71.3,23.405,3.932,49,0,Medium
WAG9-1029,WAG9,CR,2018,64,112,128,81.031,3.634,1.746,94.633,77.684,61.02,922.655,307.934,1.781,65.752,24.006,4.058,48,0,Medium
WAG9-1029,WAG9,CR,2018,65,112,130,78.999,3.196,2.328,92.964,73.447,61.371,886.516,316.896,1.706,68.38,23.57,4.309,47,0,Medium
WAG9-1029,WAG9,CR,2018,66,112,132,81.783,3.496,2.714,93.998,80.165,59.83,850.713,305.703,1.701,80.114,24.627,3.88,46,0,Medium
WAG9-1029,WAG9,CR,2018,67,112,134,87.023,3.305,2.33,93.314,75.491,60.716,874.056,308.562,1.629,62.816,24.076,4.275,45,0,Medium
WAG9-1029,WAG9,CR,2018,68,112,136,90.015,3.362,2.344,90.935,76.105,58.299,867.853,331.606,1.647,66.748,23.524,4.008,44,0,Medium
WAG9-1029,WAG9,CR,2018,69,112,138,88.907,3.409,2.119,94.401,79.215,62.405,917.565,315.338,1.929,67.399,24.137,4.057,43,0,Medium
WAG9-1029,WAG9,CR,2018,70,112,140,86.124,3.478,1.75,95.407,73.605,58.185,909.163,336.857,1.726,73.081,23.55,3.97,42,0,Medium
WAG9-1029,WAG9,CR,2018,71,112,142,86.894,3.574,2.143,91.334,77.075,60.921,889.39,320.214,1.706,81.368,24.027,4.084,41,0,Medium
WAG9-1029,WAG9,CR,2018,72,112,144,84.979,3.346,2.185,94.608,73.134,59.057,904.319,322.81,1.79,74.107,23.732,4.168,40,0,Medium
WAG9-1029,WAG9,CR,2018,73,112,146,84.649,3.155,1.787,94.228,77.51,59.916,914.05,321.719,1.67,66.18,23.887,4.123,39,0,Medium
WAG9-1029,WAG9,CR,2018,74,112,148,83.068,3.079,2.139,92.301,78.462,63.998,905.885,342.936,1.737,76.947,24.338,4.129,38,0,Medium
WAG9-1029,WAG9,CR,2018,75,112,150,81.178,3.383,2.469,92.324,76.241,62.512,877.509,324.561,1.679,73.869,23.454,4.108,37,0,Medium
WAG9-1029,WAG9,CR,2018,76,112,152,88.19,3.289,2.01,92.799,74.695,60.569,894.536,342.788,1.734,78.958,23.44,4.331,36,0,Medium
WAG9-1029,WAG9,CR,2018,77,112,154,86.181,3.553,1.832,91.24,75.806,65.124,912.344,324.314,1.734,75.762,23.925,3.97,35,0,Medium
WAG9-1029,WAG9,CR,2018,78,112,156,83.765,3.238,2.629,92.872,73.166,61.398,881.982,348.506,1.619,72.372,23.593,3.892,34,0,Medium
WAG9-1029,WAG9,CR,2018,79,112,158,87.371,3.438,2.3,91.982,75.753,63.219,897.178,342.103,1.697,75.021,24.207,3.88,33,0,Medium
WAG9-1029,WAG9,CR,2018,80,112,160,86.003,3.253,2.066,94.441,75.514,62.117,883.97,330.8,1.758,74.483,24.11,3.743,32,0,Medium
WAG9-1029,WAG9,CR,2018,81,112,162,80.191,3.346,1.775,92.101,76.902,66.059,893.831,318.575,1.634,75.38,23.036,4.017,31,0,Medium
WAG9-1029,WAG9,CR,2018,82,112,164,92.221,2.795,3.26,91.628,80.267,65.769,898.045,335.834,1.309,72.027,23.189,3.823,30,1,High
WAG9-1029,WAG9,CR,2018,83,112,166,89.674,3.003,2.652,88.019,84.441,64.709,890.53,339.999,1.538,72.151,23.942,3.552,29,1,High
WAG9-1029,WAG9,CR,2018,84,112,168,95.308,2.79,2.867,89.226,82.609,65.102,842.915,340.395,1.376,65.615,23.192,3.557,28,1,High
WAG9-1029,WAG9,CR,2018,85,112,170,95.054,2.871,3.61,88.009,86.146,65.759,885.963,345.736,1.41,75.488,23.18,3.822,27,1,High
WAG9-1029,WAG9,CR,2018,86,112,172,93.234,2.791,3.469,86.933,82.971,67.252,824.983,334.962,1.493,72.485,23.29,3.601,26,1,High
WAG9-1029,WAG9,CR,2018,87,112,174,97.145,2.874,3.723,87.678,86.05,69.5,887.144,338.172,1.399,74.72,22.744,3.474,25,1,High
WAG9-1029,WAG9,CR,2018,88,112,176,91.878,3.09,3.34,90.813,84.106,64.523,844.738,343.075,1.315,78.963,23.057,3.668,24,1,High
WAG9-1029,WAG9,CR,2018,89,112,178,95.044,2.57,3.703,86.856,81.753,67.653,852.516,334.436,1.414,78.571,23.505,3.63,23,1,High
WAG9-1029,WAG9,CR,2018,90,112,180,100.442,2.583,3.657,89.617,83.334,67.187,853.977,336.723,1.416,72.039,22.936,3.54,22,1,High
WAG9-1029,WAG9,CR,2018,91,112,0,91.274,2.498,4.205,89.312,85.12,70.241,854.472,350.087,1.426,76.851,23.173,3.622,21,1,High
WAG9-1029,WAG9,CR,2018,92,112,2,98.729,2.52,4.433,88.168,81.811,69.842,864.438,348.147,1.345,62.49,22.329,3.704,20,1,High
WAG9-1029,WAG9,CR,2018,93,112,4,101.038,2.795,4.247,87.126,81.917,66.585,853.467,368.185,1.382,74.69,22.572,3.602,19,1,High
WAG9-1029,WAG9,CR,2018,94,112,6,96.708,2.534,4.338,87.838,83.821,74.84,876.308,362.62,1.315,76.849,21.928,3.912,18,1,High
WAG9-1029,WAG9,CR,2018,95,112,8,99.926,2.762,4.546,87.958,84.624,69.408,826.895,358.605,1.296,75.365,22.598,3.909,17,1,High
WAG9-1029,WAG9,CR,2018,96,112,10,99.967,2.677,4.238,87.485,84.706,70.861,855.701,361.695,1.217,76.307,22.38,3.674,16,1,High
WAG9-1029,WAG9,CR,2018,97,112,12,98.769,2.397,4.452,85.824,87.719,73.671,860.187,363.919,1.274,73.239,22.462,3.631,15,1,High
WAG9-1029,WAG9,CR,2018,98,112,14,101.623,2.208,4.882,87.33,90.133,74.106,849.006,363.492,1.183,73.677,22.035,3.259,14,1,High
WAG9-1029,WAG9,CR,2018,99,112,16,104.75,2.61,5.345,85.607,89.403,73.582,872.736,356.85,1.169,68.963,22.236,3.446,13,1,High
WAG9-1029,WAG9,CR,2018,100,112,18,108.645,2.273,5.331,83.75,92.319,74.586,854.515,380.846,1.195,75.225,22.645,3.372,12,1,High
WAG9-1029,WAG9,CR,2018,101,112,20,108.512,2.14,5.055,86.92,91.1,77.687,817.359,386.507,1.132,68.823,21.218,3.026,11,1,High
WAG9-1029,WAG9,CR,2018,102,112,22,105.87,2.273,5.106,82.812,88.719,79.557,805.345,372.368,1.151,68.712,22.169,3.085,10,1,Critical
WAG9-1029,WAG9,CR,2018,103,112,24,103.641,2.129,5.393,81.079,93.183,83.437,849.368,381.809,1.142,68.926,21.778,3.483,9,1,Critical
WAG9-1029,WAG9,CR,2018,104,112,26,110.586,1.997,6.77,81.9,96.691,75.676,841.82,371.345,1.162,70.482,21.554,3.185,8,1,Critical
WAG9-1029,WAG9,CR,2018,105,112,28,106.487,2.117,6.478,82.31,96.147,79.629,800.043,369.269,0.9,68.254,20.889,3.18,7,1,Critical
WAG9-1029,WAG9,CR,2018,106,112,30,114.29,1.909,6.207,77.127,95.585,83.922,818.096,388.889,1.042,68.069,20.815,3.566,6,1,Critical
WAG9-1029,WAG9,CR,2018,107,112,32,116.617,1.64,6.877,79.107,94.663,87.635,806.613,384.159,0.888,78.02,21.337,2.847,5,1,Critical
WAG9-1029,WAG9,CR,2018,108,112,34,121.96,1.67,6.481,79.944,102.075,81.695,807.077,392.896,1.092,68.932,21.089,2.405,4,1,Critical
WAG9-1029,WAG9,CR,2018,109,112,36,120.59,1.613,7.38,80.907,99.493,84.423,785.439,396.802,0.749,71.27,20.797,2.998,3,1,Critical
WAG9-1029,WAG9,CR,2018,110,112,38,121.472,1.53,7.461,78.852,102.463,88.93,831.139,400.183,0.807,74.991,20.926,2.822,2,1,Critical
WAG9-1029,WAG9,CR,2018,111,112,40,121.124,1.375,7.808,78.234,96.429,86.671,810.889,406.03,0.743,69.362,20.277,2.454,1,1,Critical
WAG9-1029,WAG9,CR,2018,112,112,42,124.629,1.098,7.777,75.651,101.859,88.562,798.435,399.093,0.92,71.922,20.29,2.956,0,1,Critical
WDG4-1030,WDG4,CR,2014,1,176,-38,84.395,3.427,1.438,96.768,75.021,61.813,879.657,337.265,1.776,68.823,23.228,3.951,175,0,Low
WDG4-1030,WDG4,CR,2014,2,176,-36,80.369,3.617,1.281,93.215,71.718,62.681,871.321,320.351,1.823,68.712,24.294,4.049,174,0,Low
WDG4-1030,WDG4,CR,2014,3,176,-34,76.689,3.534,1.35,92.064,75.215,65.51,919.198,326.884,1.844,68.926,24.024,4.488,173,0,Low
WDG4-1030,WDG4,CR,2014,4,176,-32,82.117,3.465,2.499,93.493,77.712,56.649,915.682,313.378,1.895,70.482,23.926,4.232,172,0,Low
WDG4-1030,WDG4,CR,2014,5,176,-30,76.433,3.65,1.97,94.538,76.112,59.453,878.115,308.127,1.667,68.254,23.393,4.271,171,0,Low
WDG4-1030,WDG4,CR,2014,6,176,-28,82.586,3.511,1.452,90.017,74.449,62.548,900.556,324.439,1.843,68.069,23.457,4.703,170,0,Low
WDG4-1030,WDG4,CR,2014,7,176,-26,83.196,3.312,1.863,92.685,72.382,65.015,893.639,316.267,1.724,78.02,24.122,4.032,169,0,Low
WDG4-1030,WDG4,CR,2014,8,176,-24,86.755,3.416,1.2,94.237,78.605,57.779,898.846,321.43,1.966,68.932,24.022,3.639,168,0,Low
WDG4-1030,WDG4,CR,2014,9,176,-22,83.534,3.436,1.821,95.942,74.789,59.162,882.129,321.627,1.661,71.27,23.885,4.284,167,0,Low
WDG4-1030,WDG4,CR,2014,10,176,-20,82.499,3.432,1.615,94.655,76.481,62.275,932.928,321.167,1.758,74.991,24.174,4.161,166,0,Low
WDG4-1030,WDG4,CR,2014,11,176,-18,80.167,3.358,1.664,94.832,69.124,58.574,917.955,323.038,1.735,69.362,23.69,3.848,165,0,Low
WDG4-1030,WDG4,CR,2014,12,176,-16,81.621,3.165,1.326,93.071,73.187,58.974,910.955,311.993,1.953,71.922,23.874,4.407,164,0,Low
WDG4-1030,WDG4,CR,2014,13,176,-14,82.085,3.599,1.824,93.914,72.539,60.053,874.288,315.211,1.788,75.978,23.957,4.137,163,0,Low
WDG4-1030,WDG4,CR,2014,14,176,-12,77.931,3.401,2.617,92.059,71.987,66.473,906.981,310.504,1.77,77.53,23.645,4.424,162,0,Low
WDG4-1030,WDG4,CR,2014,15,176,-10,79.059,3.538,1.763,92.735,75.547,61.934,909.287,303.794,1.972,70.892,23.696,3.855,161,0,Low
WDG4-1030,WDG4,CR,2014,16,176,-8,85.705,3.606,1.558,91.611,74.102,60.76,935.169,321.824,1.963,71.928,23.987,4.306,160,0,Low
WDG4-1030,WDG4,CR,2014,17,176,-6,84.86,3.436,2.124,95.42,73.353,58.507,877.994,301.379,1.772,73.008,24.174,4.061,159,0,Low
WDG4-1030,WDG4,CR,2014,18,176,-4,89.311,3.353,2.602,95.778,78.687,61.116,893.188,332.455,1.77,76.01,24.812,3.902,158,0,Low
WDG4-1030,WDG4,CR,2014,19,176,-2,82.592,3.462,2.099,94.391,77.474,59.062,901.148,316.493,1.768,69.252,23.205,4.443,157,0,Low
WDG4-1030,WDG4,CR,2014,20,176,0,87.083,3.308,1.964,94.196,75.712,59.313,892.467,324.763,1.754,76.019,23.307,4.343,156,0,Low
WDG4-1030,WDG4,CR,2014,21,176,2,80.021,3.654,1.8,93.613,75.253,61.152,864.169,327.632,1.729,85.97,23.942,4.477,155,0,Low
WDG4-1030,WDG4,CR,2014,22,176,4,83.56,3.235,1.562,93.491,74.605,61.283,884.313,324.59,1.692,67.897,23.716,3.514,154,0,Low
WDG4-1030,WDG4,CR,2014,23,176,6,87.678,3.651,1.9,94.838,75.497,58.059,923.469,333.225,1.765,71.209,24.011,4.262,153,0,Low
WDG4-1030,WDG4,CR,2014,24,176,8,86.062,3.417,2.184,92.559,79.619,63.324,901.863,321.945,1.668,64.157,23.534,4.426,152,0,Low
WDG4-1030,WDG4,CR,2014,25,176,10,88.0,3.263,1.898,93.762,73.558,60.661,853.813,325.336,1.794,80.849,23.835,4.09,151,0,Low
WDG4-1030,WDG4,CR,2014,26,176,12,86.598,3.189,1.905,94.265,79.797,60.115,874.594,339.372,1.682,73.763,23.667,4.018,150,0,Low
WDG4-1030,WDG4,CR,2014,27,176,14,85.035,3.613,2.264,94.656,72.826,63.289,891.567,321.499,1.847,74.804,24.767,4.294,149,0,Low
WDG4-1030,WDG4,CR,2014,28,176,16,84.075,3.291,2.143,94.966,77.368,59.998,871.548,338.198,1.799,74.246,24.05,3.905,148,0,Low
WDG4-1030,WDG4,CR,2014,29,176,18,81.155,3.348,1.521,94.431,76.377,59.23,874.967,324.894,1.8,74.276,24.113,4.008,147,0,Low
WDG4-1030,WDG4,CR,2014,30,176,20,81.293,3.448,1.832,91.47,75.493,60.096,863.174,329.238,1.774,71.031,23.621,3.901,146,0,Low
WDG4-1030,WDG4,CR,2014,31,176,22,80.381,3.59,2.297,93.539,71.018,60.491,888.36,328.217,1.674,67.298,23.63,3.936,145,0,Low
WDG4-1030,WDG4,CR,2014,32,176,24,85.959,3.418,1.977,96.68,74.54,61.117,904.756,313.571,1.846,77.96,23.852,4.406,144,0,Low
WDG4-1030,WDG4,CR,2014,33,176,26,83.204,3.395,1.849,95.026,77.238,58.831,887.435,320.631,1.669,70.892,23.406,4.32,143,0,Low
WDG4-1030,WDG4,CR,2014,34,176,28,80.324,3.621,1.705,92.92,74.09,61.68,915.183,336.944,1.874,63.81,24.232,4.349,142,0,Low
WDG4-1030,WDG4,CR,2014,35,176,30,83.619,3.285,2.245,91.75,75.038,64.725,899.949,315.986,1.692,66.834,24.579,4.107,141,0,Low
WDG4-1030,WDG4,CR,2014,36,176,32,79.788,3.338,1.84,94.375,79.369,66.39,887.734,330.18,1.819,66.129,23.663,4.43,140,0,Low
WDG4-1030,WDG4,CR,2014,37,176,34,86.672,3.648,1.915,90.142,80.488,59.412,862.088,327.115,1.734,77.66,24.671,4.041,139,0,Low
WDG4-1030,WDG4,CR,2014,38,176,36,79.182,3.447,1.41,93.397,74.555,59.335,916.434,325.023,1.728,75.796,23.908,4.059,138,0,Low
WDG4-1030,WDG4,CR,2014,39,176,38,83.592,3.255,2.2,92.799,71.845,59.74,901.885,306.783,1.834,73.201,24.007,4.232,137,0,Low
WDG4-1030,WDG4,CR,2014,40,176,40,81.725,3.554,2.395,93.846,78.142,59.596,928.885,301.352,1.616,77.37,23.171,4.249,136,0,Low
WDG4-1030,WDG4,CR,2014,41,176,42,82.819,3.435,2.287,92.067,80.296,59.618,865.703,313.915,1.8,69.382,23.681,4.024,135,0,Low
WDG4-1030,WDG4,CR,2014,42,176,44,86.456,3.103,2.488,94.998,75.573,59.316,912.45,325.608,1.842,70.325,23.61,3.869,134,0,Low
WDG4-1030,WDG4,CR,2014,43,176,46,88.452,3.399,2.493,93.773,76.529,61.59,886.709,319.103,1.708,80.089,24.229,4.55,133,0,Low
WDG4-1030,WDG4,CR,2014,44,176,48,83.879,3.593,2.339,92.638,78.971,60.343,897.307,322.164,1.714,61.358,23.759,4.492,132,0,Low
WDG4-1030,WDG4,CR,2014,45,176,50,81.289,3.214,2.293,93.858,75.202,58.148,902.444,323.377,1.7,79.033,24.129,4.091,131,0,Low
WDG4-1030,WDG4,CR,2014,46,176,52,79.645,3.487,2.41,95.032,75.719,62.69,907.297,348.651,1.822,63.761,23.836,4.16,130,0,Low
WDG4-1030,WDG4,CR,2014,47,176,54,86.252,3.095,1.802,92.165,74.65,60.408,839.491,326.558,1.844,74.604,23.413,4.438,129,0,Low
WDG4-1030,WDG4,CR,2014,48,176,56,80.649,3.558,2.222,92.816,78.677,59.276,896.177,311.458,1.67,77.986,24.379,4.013,128,0,Low
WDG4-1030,WDG4,CR,2014,49,176,58,85.081,3.285,1.819,93.204,76.972,57.81,923.05,302.559,1.767,74.677,23.85,4.351,127,0,Low
WDG4-1030,WDG4,CR,2014,50,176,60,74.446,3.316,2.267,91.868,69.694,63.76,917.287,322.372,1.705,69.977,23.724,4.276,126,0,Low
WDG4-1030,WDG4,CR,2014,51,176,62,80.283,3.399,1.855,94.927,80.85,59.571,913.056,319.697,1.788,67.853,23.815,4.265,125,0,Low
WDG4-1030,WDG4,CR,2014,52,176,64,84.181,3.364,1.828,96.099,75.847,61.43,908.275,342.28,1.789,72.803,24.19,4.057,124,0,Low
WDG4-1030,WDG4,CR,2014,53,176,66,86.237,3.484,1.855,93.876,78.913,62.247,892.149,308.573,1.686,71.685,23.535,4.242,123,0,Low
WDG4-1030,WDG4,CR,2014,54,176,68,81.749,3.393,1.619,93.251,75.831,59.778,855.68,298.628,1.687,66.303,23.888,4.264,122,0,Low
WDG4-1030,WDG4,CR,2014,55,176,70,85.177,3.585,2.211,93.629,75.442,64.056,859.971,332.675,1.729,73.235,23.685,4.244,121,0,Low
WDG4-1030,WDG4,CR,2014,56,176,72,83.798,3.218,2.537,94.13,75.606,59.727,907.118,328.988,1.662,69.423,24.619,4.044,120,0,Low
WDG4-1030,WDG4,CR,2014,57,176,74,87.43,3.361,2.347,91.202,79.664,61.842,919.632,316.453,1.633,76.501,24.16,4.256,119,0,Low
WDG4-1030,WDG4,CR,2014,58,176,76,83.864,3.623,2.106,91.778,71.963,59.724,892.16,318.29,1.608,56.226,23.616,4.111,118,0,Low
WDG4-1030,WDG4,CR,2014,59,176,78,88.44,3.401,2.392,93.512,78.342,60.261,888.398,339.528,1.738,74.354,23.296,3.928,117,0,Low
WDG4-1030,WDG4,CR,2014,60,176,80,84.188,3.551,1.699,92.825,76.572,59.443,922.123,329.695,1.765,69.417,23.254,4.18,116,0,Low
WDG4-1030,WDG4,CR,2014,61,176,82,85.318,3.178,2.157,94.807,78.184,60.183,861.162,315.913,1.723,70.418,24.408,3.893,115,0,Low
WDG4-1030,WDG4,CR,2014,62,176,84,84.104,3.321,2.312,93.679,77.078,58.004,853.857,324.211,1.739,80.746,23.849,3.859,114,0,Low
WDG4-1030,WDG4,CR,2014,63,176,86,80.951,3.195,2.232,95.03,78.527,61.405,916.564,341.121,1.728,68.878,23.78,3.798,113,0,Low
WDG4-1030,WDG4,CR,2014,64,176,88,82.535,3.162,1.979,94.171,78.385,60.58,892.244,322.047,1.708,77.114,24.115,4.095,112,0,Low
WDG4-1030,WDG4,CR,2014,65,176,90,89.716,3.705,1.983,92.486,81.521,64.402,924.961,322.072,1.73,76.266,23.891,4.131,111,0,Low
WDG4-1030,WDG4,CR,2014,66,176,92,83.64,3.158,2.188,92.274,74.392,64.94,895.528,316.719,1.811,78.038,23.273,4.176,110,0,Low
WDG4-1030,WDG4,CR,2014,67,176,94,83.729,3.07,2.404,94.075,73.639,61.521,900.752,341.807,1.743,66.955,23.288,4.102,109,0,Low
WDG4-1030,WDG4,CR,2014,68,176,96,83.377,3.168,2.508,93.461,78.634,62.94,864.338,322.527,1.728,76.247,23.733,4.089,108,0,Low
WDG4-1030,WDG4,CR,2014,69,176,98,80.1,3.243,1.986,93.391,79.437,62.588,905.655,331.073,1.744,69.767,24.491,3.94,107,0,Low
WDG4-1030,WDG4,CR,2014,70,176,100,88.067,3.213,2.175,92.84,77.452,59.2,916.562,316.735,1.74,74.13,23.987,4.06,106,0,Low
WDG4-1030,WDG4,CR,2014,71,176,102,86.377,3.393,1.996,93.406,78.699,59.538,880.386,335.359,1.697,71.071,24.256,4.072,105,0,Low
WDG4-1030,WDG4,CR,2014,72,176,104,81.774,3.416,1.557,92.521,71.756,59.713,899.61,315.61,1.843,80.767,24.038,3.721,104,0,Low
WDG4-1030,WDG4,CR,2014,73,176,106,81.076,3.009,2.084,92.847,80.649,61.577,934.321,329.38,1.81,71.707,24.515,4.195,103,0,Low
WDG4-1030,WDG4,CR,2014,74,176,108,84.019,3.384,1.77,89.648,75.256,62.269,893.358,328.344,1.58,75.968,23.982,3.917,102,0,Low
WDG4-1030,WDG4,CR,2014,75,176,110,81.339,3.392,2.641,95.138,78.781,61.116,878.906,328.389,1.728,73.67,22.806,4.067,101,0,Low
WDG4-1030,WDG4,CR,2014,76,176,112,90.65,3.301,1.597,92.679,78.659,64.554,907.177,352.522,1.84,76.324,24.295,4.338,100,0,Low
WDG4-1030,WDG4,CR,2014,77,176,114,84.949,3.13,1.912,92.961,74.062,60.705,926.209,315.956,1.737,82.657,24.034,3.973,99,0,Low
WDG4-1030,WDG4,CR,2014,78,176,116,89.098,3.369,2.554,92.507,79.373,60.831,906.865,322.843,1.695,68.595,23.737,3.934,98,0,Low
WDG4-1030,WDG4,CR,2014,79,176,118,85.698,3.208,2.29,93.742,83.318,64.65,863.779,304.875,1.694,76.554,23.873,4.038,97,0,Low
WDG4-1030,WDG4,CR,2014,80,176,120,82.726,3.467,2.162,92.73,76.568,61.355,903.637,322.849,1.742,71.207,24.001,3.964,96,0,Low
WDG4-1030,WDG4,CR,2014,81,176,122,83.169,3.454,2.084,92.434,73.163,56.611,846.428,319.986,1.754,70.992,22.863,3.903,95,0,Low
WDG4-1030,WDG4,CR,2014,82,176,124,87.765,3.013,2.195,93.398,76.636,61.647,892.702,321.035,1.665,67.215,23.271,4.032,94,0,Low
WDG4-1030,WDG4,CR,2014,83,176,126,82.005,3.435,2.294,93.771,72.988,59.006,873.273,320.229,1.645,76.118,23.154,3.96,93,0,Low
WDG4-1030,WDG4,CR,2014,84,176,128,85.277,3.505,2.445,92.141,77.454,61.947,922.654,323.132,1.675,67.693,23.674,4.201,92,0,Low
WDG4-1030,WDG4,CR,2014,85,176,130,85.871,3.163,2.296,93.103,76.045,62.977,854.095,321.682,1.719,77.17,23.69,4.194,91,0,Low
WDG4-1030,WDG4,CR,2014,86,176,132,82.993,3.399,2.395,92.608,79.004,61.72,871.285,323.553,1.722,73.203,23.688,4.206,90,0,Low
WDG4-1030,WDG4,CR,2014,87,176,134,90.781,3.322,2.518,91.401,74.529,59.589,907.747,324.36,1.793,74.521,23.599,3.821,89,0,Low
WDG4-1030,WDG4,CR,2014,88,176,136,91.524,2.995,2.084,89.95,75.474,59.365,914.27,329.111,1.615,65.92,24.369,3.709,88,0,Low
WDG4-1030,WDG4,CR,2014,89,176,138,86.834,2.961,2.426,92.457,77.894,61.49,878.079,326.44,1.678,72.894,24.039,3.788,87,0,Low
WDG4-1030,WDG4,CR,2014,90,176,140,80.493,3.062,2.08,93.008,75.492,63.215,868.2,335.75,1.624,72.674,23.708,4.125,86,0,Low
WDG4-1030,WDG4,CR,2014,91,176,142,86.214,3.231,2.324,90.31,76.408,64.575,880.377,331.246,1.744,70.63,23.497,4.097,85,0,Low
WDG4-1030,WDG4,CR,2014,92,176,144,84.819,3.344,2.615,94.247,76.842,60.702,881.531,329.396,1.636,65.441,23.739,3.738,84,0,Low
WDG4-1030,WDG4,CR,2014,93,176,146,81.137,3.62,2.5,93.001,76.284,61.932,860.067,343.958,1.59,81.856,23.43,4.204,83,0,Low
WDG4-1030,WDG4,CR,2014,94,176,148,84.74,3.275,2.374,93.586,75.8,64.04,847.619,327.124,1.758,82.528,23.639,3.828,82,0,Low
WDG4-1030,WDG4,CR,2014,95,176,150,85.875,3.302,2.863,92.807,73.023,62.119,878.158,350.254,1.816,73.106,23.051,3.997,81,0,Low
WDG4-1030,WDG4,CR,2014,96,176,152,81.539,3.085,2.915,92.866,78.818,64.393,870.603,324.696,1.8,72.934,23.679,3.931,80,0,Low
WDG4-1030,WDG4,CR,2014,97,176,154,82.083,3.446,2.482,90.706,79.502,62.772,874.863,326.019,1.773,68.146,24.08,4.017,79,0,Low
WDG4-1030,WDG4,CR,2014,98,176,156,86.974,2.92,1.992,92.809,77.98,63.995,916.157,314.906,1.677,62.836,24.304,4.192,78,0,Low
WDG4-1030,WDG4,CR,2014,99,176,158,84.764,3.201,2.359,92.247,70.991,63.873,917.303,330.906,1.626,72.139,23.777,4.224,77,0,Low
WDG4-1030,WDG4,CR,2014,100,176,160,85.204,3.456,2.013,92.728,77.364,62.532,884.912,334.358,1.666,65.329,23.713,4.055,76,0,Low
WDG4-1030,WDG4,CR,2014,101,176,162,81.441,3.272,2.451,93.241,76.411,63.222,917.507,330.136,1.782,71.829,23.568,4.349,75,0,Low
WDG4-1030,WDG4,CR,2014,102,176,164,86.229,3.251,2.049,92.21,80.684,60.884,878.329,346.172,1.679,75.89,22.863,3.925,74,0,Low
WDG4-1030,WDG4,CR,2014,103,176,166,88.925,3.4,2.444,93.86,75.72,63.541,867.816,331.842,1.691,80.653,23.751,3.979,73,0,Low
WDG4-1030,WDG4,CR,2014,104,176,168,87.926,3.012,2.169,92.29,75.616,64.978,862.112,318.835,1.624,73.946,23.541,3.819,72,0,Low
WDG4-1030,WDG4,CR,2014,105,176,170,86.618,3.341,2.322,93.095,79.886,62.468,917.991,316.671,1.789,78.868,23.182,4.008,71,0,Low
WDG4-1030,WDG4,CR,2014,106,176,172,88.804,3.257,2.446,92.054,73.529,64.006,905.142,316.821,1.618,68.412,23.405,4.404,70,0,Low
WDG4-1030,WDG4,CR,2014,107,176,174,89.105,3.397,2.26,92.375,79.043,63.772,864.083,328.708,1.692,59.766,22.961,3.903,69,0,Low
WDG4-1030,WDG4,CR,2014,108,176,176,84.425,3.294,2.622,91.16,76.947,55.984,882.82,339.771,1.543,68.299,24.029,3.926,68,0,Low
WDG4-1030,WDG4,CR,2014,109,176,178,83.642,3.228,2.192,91.798,74.08,62.034,921.47,333.141,1.669,70.804,23.293,4.125,67,0,Low
WDG4-1030,WDG4,CR,2014,110,176,180,83.61,3.055,2.398,93.273,77.41,65.116,896.077,328.633,1.684,63.418,23.504,3.712,66,0,Low
WDG4-1030,WDG4,CR,2014,111,176,0,83.051,3.009,2.647,92.622,80.385,61.62,884.838,327.362,1.645,64.747,24.012,3.729,65,0,Low
WDG4-1030,WDG4,CR,2014,112,176,2,84.058,3.083,2.13,95.548,74.035,60.661,881.452,334.498,1.639,68.251,23.202,4.046,64,0,Low
WDG4-1030,WDG4,CR,2014,113,176,4,87.384,3.341,2.3,89.927,77.087,64.469,871.939,334.034,1.652,68.326,23.441,4.08,63,0,Low
WDG4-1030,WDG4,CR,2014,114,176,6,88.876,3.236,2.601,94.255,76.707,60.946,878.793,329.769,1.767,76.741,23.79,3.901,62,0,Low
WDG4-1030,WDG4,CR,2014,115,176,8,80.381,3.096,3.06,89.872,77.61,65.057,897.133,335.294,1.856,66.277,23.123,3.933,61,0,Low
WDG4-1030,WDG4,CR,2014,116,176,10,84.467,3.111,2.181,90.815,77.91,64.236,870.516,326.603,1.706,81.067,23.538,4.081,60,0,Medium
WDG4-1030,WDG4,CR,2014,117,176,12,81.818,3.416,2.479,93.194,78.083,59.888,854.687,323.378,1.682,69.646,24.024,4.07,59,0,Medium
WDG4-1030,WDG4,CR,2014,118,176,14,83.512,3.257,2.503,92.543,76.31,64.945,871.344,329.562,1.72,81.147,23.801,4.09,58,0,Medium
WDG4-1030,WDG4,CR,2014,119,176,16,88.367,3.184,2.402,90.859,75.949,63.422,913.481,342.96,1.704,79.159,23.802,3.433,57,0,Medium
WDG4-1030,WDG4,CR,2014,120,176,18,84.67,3.056,1.976,95.174,78.178,63.719,932.065,340.034,1.607,80.429,23.089,3.617,56,0,Medium
WDG4-1030,WDG4,CR,2014,121,176,20,80.954,3.376,2.706,94.863,80.536,64.013,879.476,333.045,1.695,72.176,23.693,4.388,55,0,Medium
WDG4-1030,WDG4,CR,2014,122,176,22,89.668,3.432,2.273,90.891,76.311,64.485,901.792,325.913,1.575,72.131,23.743,3.833,54,0,Medium
WDG4-1030,WDG4,CR,2014,123,176,24,83.7,3.288,2.438,92.885,79.68,63.037,882.036,328.27,1.682,68.102,23.556,3.735,53,0,Medium
WDG4-1030,WDG4,CR,2014,124,176,26,83.93,3.05,2.437,91.076,77.481,65.868,891.428,325.734,1.594,62.115,23.675,3.924,52,0,Medium
WDG4-1030,WDG4,CR,2014,125,176,28,82.336,3.225,3.063,90.32,73.514,62.432,916.175,321.426,1.718,75.091,23.425,3.951,51,0,Medium
WDG4-1030,WDG4,CR,2014,126,176,30,88.707,3.421,2.258,91.281,83.015,60.761,900.238,340.44,1.662,75.064,23.515,4.031,50,0,Medium
WDG4-1030,WDG4,CR,2014,127,176,32,86.058,3.336,2.897,92.834,79.19,61.196,900.9,321.786,1.684,69.013,23.856,4.162,49,0,Medium
WDG4-1030,WDG4,CR,2014,128,176,34,88.137,3.059,2.559,92.343,75.241,63.676,879.08,333.249,1.552,66.416,23.863,4.042,48,0,Medium
WDG4-1030,WDG4,CR,2014,129,176,36,84.189,3.163,2.36,92.85,77.597,61.352,914.221,319.297,1.701,66.628,23.219,4.079,47,0,Medium
WDG4-1030,WDG4,CR,2014,130,176,38,81.472,3.172,2.936,88.203,77.597,61.562,914.868,333.783,1.623,66.561,23.762,4.029,46,0,Medium
WDG4-1030,WDG4,CR,2014,131,176,40,84.548,3.218,2.565,88.572,75.886,64.82,878.2,339.438,1.584,66.06,23.702,4.022,45,0,Medium
WDG4-1030,WDG4,CR,2014,132,176,42,87.914,3.112,2.408,90.619,79.805,62.037,905.27,324.65,1.694,70.354,23.79,3.896,44,0,Medium
WDG4-1030,WDG4,CR,2014,133,176,44,81.479,3.039,2.439,91.044,78.531,65.079,879.857,331.383,1.515,67.608,23.721,3.857,43,0,Medium
WDG4-1030,WDG4,CR,2014,134,176,46,82.34,3.288,2.756,89.385,75.585,62.844,861.672,334.138,1.65,69.797,23.657,4.26,42,0,Medium
WDG4-1030,WDG4,CR,2014,135,176,48,81.226,3.463,2.441,89.074,76.584,59.198,883.607,340.25,1.657,74.584,23.874,4.099,41,0,Medium
WDG4-1030,WDG4,CR,2014,136,176,50,91.17,3.102,2.634,91.052,81.474,64.623,869.568,327.153,1.759,68.332,24.004,3.619,40,0,Medium
WDG4-1030,WDG4,CR,2014,137,176,52,89.433,3.409,2.342,91.211,79.659,63.806,891.969,323.517,1.58,72.714,23.354,3.679,39,0,Medium
WDG4-1030,WDG4,CR,2014,138,176,54,82.115,3.107,2.309,90.163,79.834,58.832,879.96,334.22,1.468,66.015,23.946,3.771,38,0,Medium
WDG4-1030,WDG4,CR,2014,139,176,56,86.819,3.134,2.336,91.044,80.554,61.177,871.564,329.487,1.705,69.374,23.737,4.3,37,0,Medium
WDG4-1030,WDG4,CR,2014,140,176,58,90.382,3.128,2.906,92.054,77.381,61.007,862.538,340.374,1.682,74.623,23.354,4.104,36,0,Medium
WDG4-1030,WDG4,CR,2014,141,176,60,86.88,3.091,3.157,92.37,77.607,59.456,870.206,317.042,1.527,70.438,24.085,3.9,35,0,Medium
WDG4-1030,WDG4,CR,2014,142,176,62,93.859,3.284,2.513,90.421,77.637,65.048,911.439,340.063,1.633,70.522,23.554,4.092,34,0,Medium
WDG4-1030,WDG4,CR,2014,143,176,64,89.965,3.254,2.367,93.488,76.788,59.96,872.758,343.054,1.594,69.611,24.531,3.644,33,0,Medium
WDG4-1030,WDG4,CR,2014,144,176,66,88.587,3.292,2.43,93.947,77.008,63.533,861.635,330.641,1.564,71.813,23.376,3.783,32,0,Medium
WDG4-1030,WDG4,CR,2014,145,176,68,85.139,3.19,2.466,92.457,79.043,60.252,910.139,321.165,1.531,72.411,23.168,3.897,31,0,Medium
WDG4-1030,WDG4,CR,2014,146,176,70,97.681,2.143,4.639,88.21,85.019,68.685,884.968,343.44,1.215,72.112,21.789,3.333,30,1,High
WDG4-1030,WDG4,CR,2014,147,176,72,102.807,2.446,4.781,85.304,87.611,70.542,909.584,360.692,1.146,77.822,22.673,3.266,29,1,High
WDG4-1030,WDG4,CR,2014,148,176,74,103.357,2.171,5.029,88.494,87.895,74.029,893.935,365.936,1.279,68.148,22.57,3.3,28,1,High
WDG4-1030,WDG4,CR,2014,149,176,76,103.455,2.25,4.249,88.48,89.124,71.143,839.871,346.247,0.96,71.408,22.847,3.047,27,1,High
WDG4-1030,WDG4,CR,2014,150,176,78,99.646,2.036,4.02,84.426,88.058,69.854,856.065,363.195,1.117,69.318,22.736,3.19,26,1,High
WDG4-1030,WDG4,CR,2014,151,176,80,101.377,2.28,5.089,84.176,89.152,70.148,849.214,362.403,1.111,71.985,21.973,3.209,25,1,High
WDG4-1030,WDG4,CR,2014,152,176,82,104.572,2.017,4.889,85.0,86.506,77.811,893.706,360.914,1.146,74.842,22.084,3.575,24,1,High
WDG4-1030,WDG4,CR,2014,153,176,84,100.079,2.119,5.303,88.567,90.405,68.714,835.02,356.349,1.094,68.841,22.106,3.019,23,1,High
WDG4-1030,WDG4,CR,2014,154,176,86,104.328,2.19,5.091,84.272,83.455,70.233,845.307,354.008,1.171,76.23,22.707,2.957,22,1,High
WDG4-1030,WDG4,CR,2014,155,176,88,102.252,2.101,5.443,87.801,87.96,73.583,800.813,349.312,1.143,78.706,22.008,3.141,21,1,High
WDG4-1030,WDG4,CR,2014,156,176,90,102.077,2.161,5.508,86.414,87.762,71.0,825.967,354.506,1.29,71.086,22.493,3.064,20,1,High
WDG4-1030,WDG4,CR,2014,157,176,92,107.732,2.227,5.696,82.974,88.498,72.868,838.495,346.274,1.12,70.909,22.849,3.145,19,1,High
WDG4-1030,WDG4,CR,2014,158,176,94,103.152,2.167,5.146,84.727,93.075,71.545,868.192,356.143,0.957,76.693,21.704,3.238,18,1,High
WDG4-1030,WDG4,CR,2014,159,176,96,103.774,2.153,6.179,86.58,93.394,73.541,862.137,378.709,1.14,69.259,21.806,2.979,17,1,High
WDG4-1030,WDG4,CR,2014,160,176,98,102.88,1.786,5.789,81.723,94.87,73.203,827.295,356.805,1.011,77.592,22.49,2.929,16,1,High
WDG4-1030,WDG4,CR,2014,161,176,100,108.716,1.964,5.353,83.438,94.774,78.952,809.338,379.091,0.907,75.757,21.54,2.791,15,1,High
WDG4-1030,WDG4,CR,2014,162,176,102,110.006,2.036,5.92,81.558,94.224,75.521,835.446,381.262,0.96,73.871,21.57,3.152,14,1,High
WDG4-1030,WDG4,CR,2014,163,176,104,110.539,2.12,6.5,82.497,92.335,79.079,822.71,383.649,0.952,70.27,22.061,3.057,13,1,High
WDG4-1030,WDG4,CR,2014,164,176,106,116.326,1.878,5.956,82.86,96.535,82.139,837.367,382.476,0.935,69.904,21.763,3.019,12,1,High
WDG4-1030,WDG4,CR,2014,165,176,108,114.455,1.867,6.345,81.338,97.957,77.781,827.454,393.875,0.934,66.438,20.837,2.61,11,1,High
WDG4-1030,WDG4,CR,2014,166,176,110,114.406,1.652,6.708,79.728,98.952,79.995,815.646,378.587,0.972,76.748,21.794,2.703,10,1,Critical
WDG4-1030,WDG4,CR,2014,167,176,112,115.75,1.792,6.446,79.523,98.864,82.872,867.086,395.096,0.706,70.566,21.345,2.795,9,1,Critical
WDG4-1030,WDG4,CR,2014,168,176,114,122.071,1.602,7.008,80.071,97.215,85.038,787.893,403.086,0.809,78.712,21.075,2.766,8,1,Critical
WDG4-1030,WDG4,CR,2014,169,176,116,118.958,1.522,7.321,81.146,101.095,88.228,822.813,386.552,0.791,83.048,21.056,2.834,7,1,Critical
WDG4-1030,WDG4,CR,2014,170,176,118,122.495,1.472,7.738,76.806,101.17,83.147,830.906,392.957,0.786,72.532,20.242,2.402,6,1,Critical
WDG4-1030,WDG4,CR,2014,171,176,120,124.109,1.365,7.828,79.365,104.858,87.768,767.035,405.945,0.681,73.829,20.832,2.624,5,1,Critical
WDG4-1030,WDG4,CR,2014,172,176,122,132.652,1.007,7.871,77.311,100.139,88.904,776.495,393.624,0.808,76.873,20.134,2.465,4,1,Critical
WDG4-1030,WDG4,CR,2014,173,176,124,123.855,1.281,8.655,73.962,105.207,90.624,753.24,409.814,0.817,69.931,20.645,2.738,3,1,Critical
WDG4-1030,WDG4,CR,2014,174,176,126,134.511,1.194,8.801,76.082,107.32,88.334,784.686,394.591,0.5,75.13,20.35,2.517,2,1,Critical
WDG4-1030,WDG4,CR,2014,175,176,128,136.087,0.967,9.0,72.143,106.103,91.847,787.81,429.157,0.522,71.569,20.334,2.462,1,1,Critical
WDG4-1030,WDG4,CR,2014,176,176,130,132.624,0.965,9.0,74.154,108.346,95.099,751.154,430.572,0.5,65.103,20.533,2.364,0,1,Critical
WDP4B-1031,WDP4B,NR,2016,1,117,-8,77.841,3.512,1.911,94.741,74.011,61.122,926.507,322.636,1.902,71.829,23.868,4.529,116,0,Low
WDP4B-1031,WDP4B,NR,2016,2,117,-6,82.629,3.491,1.509,93.71,78.284,58.784,887.329,338.672,1.799,75.89,23.163,4.105,115,0,Low
WDP4B-1031,WDP4B,NR,2016,3,117,-4,85.325,3.64,1.904,95.36,73.32,61.441,876.816,324.342,1.811,80.653,24.051,4.159,114,0,Low
WDP4B-1031,WDP4B,NR,2016,4,117,-2,84.326,3.252,1.629,93.79,73.216,62.878,871.112,311.335,1.744,73.946,23.841,3.999,113,0,Low
WDP4B-1031,WDP4B,NR,2016,5,117,0,83.018,3.581,1.782,94.595,77.486,60.368,926.991,309.171,1.909,78.868,23.482,4.188,112,0,Low
WDP4B-1031,WDP4B,NR,2016,6,117,2,85.204,3.497,1.906,93.554,71.129,61.906,914.142,309.321,1.738,68.412,23.705,4.584,111,0,Low
WDP4B-1031,WDP4B,NR,2016,7,117,4,85.505,3.637,1.72,93.875,76.643,61.672,873.083,321.208,1.812,59.766,23.261,4.083,110,0,Low
WDP4B-1031,WDP4B,NR,2016,8,117,6,80.825,3.534,2.082,92.66,74.547,53.884,891.82,332.271,1.663,68.299,24.329,4.106,109,0,Low
WDP4B-1031,WDP4B,NR,2016,9,117,8,80.042,3.468,1.652,93.298,71.68,59.934,930.47,325.641,1.789,70.804,23.593,4.305,108,0,Low
WDP4B-1031,WDP4B,NR,2016,10,117,10,80.01,3.295,1.858,94.773,75.01,63.016,905.077,321.133,1.804,63.418,23.804,3.892,107,0,Low
WDP4B-1031,WDP4B,NR,2016,11,117,12,79.451,3.249,2.107,94.122,77.985,59.52,893.838,319.862,1.765,64.747,24.312,3.909,106,0,Low
WDP4B-1031,WDP4B,NR,2016,12,117,14,80.458,3.323,1.59,97.048,71.635,58.561,890.452,326.998,1.759,68.251,23.502,4.226,105,0,Low
WDP4B-1031,WDP4B,NR,2016,13,117,16,83.784,3.581,1.76,91.427,74.687,62.369,880.939,326.534,1.772,68.326,23.741,4.26,104,0,Low
WDP4B-1031,WDP4B,NR,2016,14,117,18,85.276,3.476,2.061,95.755,74.307,58.846,887.793,322.269,1.887,76.741,24.09,4.081,103,0,Low
WDP4B-1031,WDP4B,NR,2016,15,117,20,76.781,3.336,2.52,91.372,75.21,62.957,906.133,327.794,1.976,66.277,23.423,4.113,102,0,Low
WDP4B-1031,WDP4B,NR,2016,16,117,22,80.867,3.351,1.641,92.315,75.51,62.136,879.516,319.103,1.826,81.067,23.838,4.261,101,0,Low
WDP4B-1031,WDP4B,NR,2016,17,117,24,78.218,3.656,1.939,94.694,75.683,57.788,863.687,315.878,1.802,69.646,24.324,4.25,100,0,Low
WDP4B-1031,WDP4B,NR,2016,18,117,26,79.912,3.497,1.963,94.043,73.91,62.845,880.344,322.062,1.84,81.147,24.101,4.27,99,0,Low
WDP4B-1031,WDP4B,NR,2016,19,117,28,84.767,3.424,1.862,92.359,73.549,61.322,922.481,335.46,1.824,79.159,24.102,3.613,98,0,Low
WDP4B-1031,WDP4B,NR,2016,20,117,30,81.07,3.296,1.436,96.674,75.778,61.619,941.065,332.534,1.727,80.429,23.389,3.797,97,0,Low
WDP4B-1031,WDP4B,NR,2016,21,117,32,77.354,3.616,2.166,96.363,78.136,61.913,888.476,325.545,1.815,72.176,23.993,4.568,96,0,Low
WDP4B-1031,WDP4B,NR,2016,22,117,34,86.068,3.672,1.733,92.391,73.911,62.385,910.792,318.413,1.695,72.131,24.043,4.013,95,0,Low
WDP4B-1031,WDP4B,NR,2016,23,117,36,80.1,3.528,1.898,94.385,77.28,60.937,891.036,320.77,1.802,68.102,23.856,3.915,94,0,Low
WDP4B-1031,WDP4B,NR,2016,24,117,38,80.33,3.29,1.897,92.576,75.081,63.768,900.428,318.234,1.714,62.115,23.975,4.104,93,0,Low
WDP4B-1031,WDP4B,NR,2016,25,117,40,78.736,3.465,2.523,91.82,71.114,60.332,925.175,313.926,1.838,75.091,23.725,4.131,92,0,Low
WDP4B-1031,WDP4B,NR,2016,26,117,42,85.107,3.661,1.718,92.781,80.615,58.661,909.238,332.94,1.782,75.064,23.815,4.211,91,0,Low
WDP4B-1031,WDP4B,NR,2016,27,117,44,82.458,3.576,2.357,94.334,76.79,59.096,909.9,314.286,1.804,69.013,24.156,4.342,90,0,Low
WDP4B-1031,WDP4B,NR,2016,28,117,46,84.537,3.299,2.019,93.843,72.841,61.576,888.08,325.749,1.672,66.416,24.163,4.222,89,0,Low
WDP4B-1031,WDP4B,NR,2016,29,117,48,80.589,3.403,1.82,94.35,75.197,59.252,923.221,311.797,1.821,66.628,23.519,4.259,88,0,Low
WDP4B-1031,WDP4B,NR,2016,30,117,50,77.872,3.412,2.396,89.703,75.197,59.462,923.868,326.283,1.743,66.561,24.062,4.209,87,0,Low
WDP4B-1031,WDP4B,NR,2016,31,117,52,80.948,3.458,2.025,90.072,73.486,62.72,887.2,331.938,1.704,66.06,24.002,4.202,86,0,Low
WDP4B-1031,WDP4B,NR,2016,32,117,54,84.314,3.352,1.868,92.119,77.405,59.937,914.27,317.15,1.814,70.354,24.09,4.076,85,0,Low
WDP4B-1031,WDP4B,NR,2016,33,117,56,77.879,3.279,1.899,92.544,76.131,62.979,888.857,323.883,1.635,67.608,24.021,4.037,84,0,Low
WDP4B-1031,WDP4B,NR,2016,34,117,58,78.74,3.528,2.216,90.885,73.185,60.744,870.672,326.638,1.77,69.797,23.957,4.44,83,0,Low
WDP4B-1031,WDP4B,NR,2016,35,117,60,77.626,3.703,1.901,90.574,74.184,57.098,892.607,332.75,1.777,74.584,24.174,4.279,82,0,Low
WDP4B-1031,WDP4B,NR,2016,36,117,62,87.57,3.342,2.094,92.552,79.074,62.523,878.568,319.653,1.879,68.332,24.304,3.799,81,0,Low
WDP4B-1031,WDP4B,NR,2016,37,117,64,85.833,3.649,1.802,92.711,77.259,61.706,900.969,316.017,1.7,72.714,23.654,3.859,80,0,Low
WDP4B-1031,WDP4B,NR,2016,38,117,66,78.515,3.347,1.769,91.663,77.434,56.732,888.96,326.72,1.588,66.015,24.246,3.951,79,0,Low
WDP4B-1031,WDP4B,NR,2016,39,117,68,83.219,3.374,1.796,92.544,78.154,59.077,880.564,321.987,1.825,69.374,24.037,4.48,78,0,Low
WDP4B-1031,WDP4B,NR,2016,40,117,70,86.782,3.368,2.366,93.554,74.981,58.907,871.538,332.874,1.802,74.623,23.654,4.284,77,0,Low
WDP4B-1031,WDP4B,NR,2016,41,117,72,83.28,3.331,2.617,93.87,75.207,57.356,879.206,309.542,1.647,70.438,24.385,4.08,76,0,Low
WDP4B-1031,WDP4B,NR,2016,42,117,74,90.259,3.524,1.973,91.921,75.237,62.948,920.439,332.563,1.753,70.522,23.854,4.272,75,0,Low
WDP4B-1031,WDP4B,NR,2016,43,117,76,86.365,3.494,1.827,94.988,74.388,57.86,881.758,335.554,1.714,69.611,24.831,3.824,74,0,Low
WDP4B-1031,WDP4B,NR,2016,44,117,78,84.987,3.532,1.89,95.447,74.608,61.433,870.635,323.141,1.684,71.813,23.676,3.963,73,0,Low
WDP4B-1031,WDP4B,NR,2016,45,117,80,81.539,3.43,1.926,93.957,76.643,58.152,919.139,313.665,1.651,72.411,23.468,4.077,72,0,Low
WDP4B-1031,WDP4B,NR,2016,46,117,82,81.817,3.2,2.26,94.82,74.443,59.431,924.628,310.39,1.743,72.112,23.111,4.126,71,0,Low
WDP4B-1031,WDP4B,NR,2016,47,117,84,86.826,3.511,2.384,91.963,76.956,61.215,949.543,327.4,1.679,77.822,24.005,4.064,70,0,Low
WDP4B-1031,WDP4B,NR,2016,48,117,86,87.192,3.246,2.604,95.227,77.118,64.579,934.371,332.269,1.816,68.148,23.917,4.105,69,0,Low
WDP4B-1031,WDP4B,NR,2016,49,117,88,87.039,3.336,1.786,95.315,78.18,61.522,880.961,312.072,1.504,71.408,24.215,3.861,68,0,Low
WDP4B-1031,WDP4B,NR,2016,50,117,90,82.912,3.138,1.51,91.39,76.903,60.013,897.987,328.378,1.667,69.318,24.131,4.015,67,0,Low
WDP4B-1031,WDP4B,NR,2016,51,117,92,84.26,3.399,2.521,91.294,77.741,60.038,892.147,326.811,1.67,71.985,23.4,4.046,66,0,Low
WDP4B-1031,WDP4B,NR,2016,52,117,94,87.004,3.156,2.254,92.3,74.794,67.383,937.826,324.414,1.716,74.842,23.548,4.426,65,0,Low
WDP4B-1031,WDP4B,NR,2016,53,117,96,81.993,3.281,2.591,96.075,78.348,57.92,880.506,318.807,1.675,68.841,23.613,3.886,64,0,Low
WDP4B-1031,WDP4B,NR,2016,54,117,98,85.659,3.377,2.291,92.016,71.009,59.022,892.336,315.291,1.765,76.23,24.263,3.841,63,0,Low
WDP4B-1031,WDP4B,NR,2016,55,117,100,82.932,3.317,2.545,95.806,75.08,61.908,849.563,309.287,1.751,78.706,23.618,4.044,62,0,Low
WDP4B-1031,WDP4B,NR,2016,56,117,102,82.039,3.408,2.502,94.708,74.404,58.812,876.616,313.039,1.914,71.086,24.163,3.988,61,0,Low
WDP4B-1031,WDP4B,NR,2016,57,117,104,86.911,3.507,2.572,91.582,74.617,60.118,891.221,303.233,1.76,70.909,24.584,4.092,60,0,Medium
WDP4B-1031,WDP4B,NR,2016,58,117,106,81.48,3.484,1.896,93.677,78.627,58.183,923.172,311.393,1.615,76.693,23.51,4.21,59,0,Medium
WDP4B-1031,WDP4B,NR,2016,59,117,108,81.184,3.509,2.791,95.899,78.335,59.519,919.549,332.117,1.818,69.259,23.688,3.977,58,0,Medium
WDP4B-1031,WDP4B,NR,2016,60,117,110,79.307,3.184,2.253,91.437,79.155,58.472,887.317,308.238,1.71,77.592,24.454,3.956,57,0,Medium
WDP4B-1031,WDP4B,NR,2016,61,117,112,84.092,3.406,1.66,93.573,78.358,63.463,872.148,328.416,1.628,75.757,23.592,3.848,56,0,Medium
WDP4B-1031,WDP4B,NR,2016,62,117,114,84.265,3.525,2.058,92.142,77.063,59.225,901.221,328.345,1.704,73.871,23.715,4.24,55,0,Medium
WDP4B-1031,WDP4B,NR,2016,63,117,116,83.614,3.658,2.461,93.555,74.385,61.927,891.629,328.357,1.721,70.27,24.305,4.178,54,0,Medium
WDP4B-1031,WDP4B,NR,2016,64,117,118,88.15,3.469,1.729,94.42,77.751,64.083,909.607,324.676,1.73,69.904,24.111,4.175,53,0,Medium
WDP4B-1031,WDP4B,NR,2016,65,117,120,84.961,3.513,1.921,93.426,78.295,58.772,903.193,333.433,1.757,66.438,23.295,3.804,52,0,Medium
WDP4B-1031,WDP4B,NR,2016,66,117,122,83.529,3.355,2.077,92.371,78.367,59.983,895.062,315.37,1.823,76.748,24.367,3.936,51,0,Medium
WDP4B-1031,WDP4B,NR,2016,67,117,124,83.422,3.556,1.596,92.748,77.312,61.809,950.356,328.971,1.588,70.566,24.039,4.068,50,0,Medium
WDP4B-1031,WDP4B,NR,2016,68,117,126,88.226,3.428,1.931,93.905,74.651,62.875,875.196,333.919,1.722,78.712,23.895,4.082,49,0,Medium
WDP4B-1031,WDP4B,NR,2016,69,117,128,83.529,3.414,2.007,95.614,77.476,64.916,914.325,314.21,1.737,83.048,24.008,4.194,48,0,Medium
WDP4B-1031,WDP4B,NR,2016,70,117,130,85.415,3.432,2.176,91.936,76.45,58.637,926.806,317.307,1.766,72.532,23.332,3.808,47,0,Medium
WDP4B-1031,WDP4B,NR,2016,71,117,132,85.312,3.396,2.008,95.183,78.993,62.012,867.501,326.853,1.696,73.829,24.065,4.078,46,0,Medium
WDP4B-1031,WDP4B,NR,2016,72,117,134,92.071,3.111,1.784,93.844,73.085,61.851,881.704,310.957,1.861,76.873,23.516,3.969,45,0,Medium
WDP4B-1031,WDP4B,NR,2016,73,117,136,81.423,3.461,2.29,91.237,76.919,62.227,863.37,323.439,1.907,69.931,24.181,4.293,44,0,Medium
WDP4B-1031,WDP4B,NR,2016,74,117,138,90.162,3.454,2.149,94.126,77.754,58.544,899.915,304.375,1.616,75.13,24.046,4.124,43,0,Medium
WDP4B-1031,WDP4B,NR,2016,75,117,140,89.754,3.309,2.213,90.981,75.214,60.615,908.316,334.965,1.693,71.569,24.195,4.125,42,0,Medium
WDP4B-1031,WDP4B,NR,2016,76,117,142,84.24,3.39,2.238,93.814,76.09,62.375,877.114,332.272,1.695,65.103,24.565,4.083,41,0,Medium
WDP4B-1031,WDP4B,NR,2016,77,117,144,84.591,3.13,1.254,95.213,81.904,60.17,832.783,338.962,1.566,67.955,24.14,4.23,40,0,Medium
WDP4B-1031,WDP4B,NR,2016,78,117,146,84.634,3.348,2.185,93.835,80.866,63.128,904.334,346.637,1.669,74.554,23.492,3.846,39,0,Medium
WDP4B-1031,WDP4B,NR,2016,79,117,148,82.632,3.189,2.642,92.201,80.023,62.378,884.036,329.901,1.609,74.43,23.475,4.175,38,0,Medium
WDP4B-1031,WDP4B,NR,2016,80,117,150,88.638,3.487,2.38,94.455,81.499,59.029,869.24,320.683,1.658,76.975,23.453,4.137,37,0,Medium
WDP4B-1031,WDP4B,NR,2016,81,117,152,85.907,3.228,2.704,93.824,81.082,61.14,915.339,332.326,1.692,70.029,23.992,4.14,36,0,Medium
WDP4B-1031,WDP4B,NR,2016,82,117,154,85.65,3.456,1.975,91.667,75.676,62.326,903.472,334.441,1.703,74.081,23.664,4.275,35,0,Medium
WDP4B-1031,WDP4B,NR,2016,83,117,156,86.884,3.483,2.1,93.937,76.88,62.086,909.226,319.248,1.589,67.378,23.227,3.793,34,0,Medium
WDP4B-1031,WDP4B,NR,2016,84,117,158,80.8,3.316,2.333,92.733,75.177,61.991,886.86,334.764,1.676,69.288,23.503,3.582,33,0,Medium
WDP4B-1031,WDP4B,NR,2016,85,117,160,81.03,3.38,2.386,91.544,78.807,62.523,899.218,319.358,1.698,82.848,22.734,4.026,32,0,Medium
WDP4B-1031,WDP4B,NR,2016,86,117,162,87.673,3.562,1.523,94.392,77.421,65.295,880.433,320.585,1.59,68.865,23.232,4.05,31,0,Medium
WDP4B-1031,WDP4B,NR,2016,87,117,164,92.466,2.711,3.805,87.936,78.883,63.093,853.812,361.774,1.507,71.386,22.843,3.997,30,1,High
WDP4B-1031,WDP4B,NR,2016,88,117,166,97.314,2.879,3.094,91.782,84.142,66.268,876.846,349.631,1.37,75.939,23.122,3.79,29,1,High
WDP4B-1031,WDP4B,NR,2016,89,117,168,88.517,2.599,2.967,87.829,85.171,64.515,852.088,335.449,1.483,71.374,23.118,3.864,28,1,High
WDP4B-1031,WDP4B,NR,2016,90,117,170,94.682,2.682,3.524,91.114,77.765,69.797,891.212,345.125,1.407,67.572,23.306,3.879,27,1,High
WDP4B-1031,WDP4B,NR,2016,91,117,172,91.371,2.591,3.682,89.055,82.623,68.893,861.076,351.922,1.442,64.621,23.622,3.284,26,1,High
WDP4B-1031,WDP4B,NR,2016,92,117,174,93.418,2.729,3.456,87.427,83.375,66.188,857.255,348.116,1.345,72.483,22.781,3.407,25,1,High
WDP4B-1031,WDP4B,NR,2016,93,117,176,94.042,2.633,3.781,86.579,80.735,67.953,878.776,354.803,1.475,67.901,22.79,3.869,24,1,High
WDP4B-1031,WDP4B,NR,2016,94,117,178,98.782,2.811,3.884,89.682,84.012,69.382,875.342,350.971,1.478,62.497,23.313,3.691,23,1,High
WDP4B-1031,WDP4B,NR,2016,95,117,180,94.295,2.586,3.378,88.936,84.887,72.683,875.169,339.689,1.521,68.324,23.13,3.725,22,1,High
WDP4B-1031,WDP4B,NR,2016,96,117,0,98.154,2.656,3.674,87.789,77.972,67.419,851.601,343.422,1.405,88.828,22.822,3.439,21,1,High
WDP4B-1031,WDP4B,NR,2016,97,117,2,100.522,2.733,3.555,87.564,79.87,69.413,880.24,356.746,1.274,72.624,22.913,3.536,20,1,High
WDP4B-1031,WDP4B,NR,2016,98,117,4,100.707,2.517,4.559,85.032,83.822,73.406,846.409,351.89,1.315,69.307,22.998,3.848,19,1,High
WDP4B-1031,WDP4B,NR,2016,99,117,6,103.553,2.529,4.277,87.252,85.079,71.043,866.541,364.284,1.31,67.06,22.355,3.498,18,1,High
WDP4B-1031,WDP4B,NR,2016,100,117,8,100.775,2.434,4.095,86.068,89.144,70.417,852.023,350.634,1.126,75.579,22.654,3.327,17,1,High
WDP4B-1031,WDP4B,NR,2016,101,117,10,98.433,2.514,4.323,87.433,84.735,69.353,859.308,345.877,1.245,67.187,23.368,3.816,16,1,High
WDP4B-1031,WDP4B,NR,2016,102,117,12,104.218,2.257,4.811,85.407,86.002,69.8,840.13,362.979,1.246,70.651,23.031,3.778,15,1,High
WDP4B-1031,WDP4B,NR,2016,103,117,14,103.005,2.035,4.731,86.933,85.983,73.566,836.378,353.984,1.308,71.651,22.352,3.247,14,1,High
WDP4B-1031,WDP4B,NR,2016,104,117,16,108.127,2.022,4.911,85.36,86.298,73.503,859.811,359.231,1.138,72.811,22.337,3.093,13,1,High
WDP4B-1031,WDP4B,NR,2016,105,117,18,103.398,2.266,5.263,84.748,91.252,74.424,836.959,362.061,1.049,65.901,21.49,3.366,12,1,High
WDP4B-1031,WDP4B,NR,2016,106,117,20,102.803,2.159,5.415,83.466,90.498,74.772,858.328,377.283,1.326,69.859,22.106,3.237,11,1,High
WDP4B-1031,WDP4B,NR,2016,107,117,22,111.202,2.252,5.581,81.098,86.992,78.701,841.887,377.605,1.131,64.256,22.674,3.288,10,1,Critical
WDP4B-1031,WDP4B,NR,2016,108,117,24,110.378,2.152,5.713,85.492,89.834,76.527,849.079,384.042,1.066,77.717,22.128,3.219,9,1,Critical
WDP4B-1031,WDP4B,NR,2016,109,117,26,113.757,2.183,6.502,82.283,96.697,79.452,843.636,392.798,1.091,78.089,21.952,3.067,8,1,Critical
WDP4B-1031,WDP4B,NR,2016,110,117,28,113.409,1.952,6.532,82.977,98.326,81.585,780.693,389.225,1.017,73.486,21.747,2.962,7,1,Critical
WDP4B-1031,WDP4B,NR,2016,111,117,30,111.861,1.89,7.461,81.538,97.699,81.612,822.222,392.468,0.916,75.746,21.237,3.258,6,1,Critical
WDP4B-1031,WDP4B,NR,2016,112,117,32,116.626,2.007,6.698,79.559,96.088,83.599,823.178,401.86,0.875,73.295,21.372,2.67,5,1,Critical
WDP4B-1031,WDP4B,NR,2016,113,117,34,117.49,1.685,7.489,80.68,98.113,88.054,752.778,371.054,0.993,69.886,21.188,2.905,4,1,Critical
WDP4B-1031,WDP4B,NR,2016,114,117,36,119.67,1.791,7.559,80.877,99.599,87.115,798.344,407.276,0.918,68.804,21.023,2.76,3,1,Critical
WDP4B-1031,WDP4B,NR,2016,115,117,38,123.421,1.547,7.535,78.958,96.551,86.298,793.786,402.74,0.982,80.931,20.836,2.827,2,1,Critical
WDP4B-1031,WDP4B,NR,2016,116,117,40,121.776,1.389,8.232,78.54,103.968,90.457,800.341,405.849,0.87,67.458,20.301,2.577,1,1,Critical
WDP4B-1031,WDP4B,NR,2016,117,117,42,126.295,1.512,7.866,74.777,108.286,88.309,779.81,421.592,0.813,79.638,20.369,2.265,0,1,Critical
WAG9-1032,WAG9,NR,2014,1,172,-30,79.816,3.581,1.53,95.081,72.323,57.513,906.941,307.635,1.778,67.187,24.92,4.595,171,0,Low
WAG9-1032,WAG9,NR,2014,2,172,-28,84.55,3.369,1.861,93.477,72.89,57.202,890.55,322.629,1.801,70.651,24.67,4.587,170,0,Low
WAG9-1032,WAG9,NR,2014,3,172,-26,82.22,3.193,1.613,95.452,72.126,60.161,889.764,311.392,1.887,71.651,24.084,4.087,169,0,Low
WAG9-1032,WAG9,NR,2014,4,172,-24,86.158,3.23,1.615,94.353,71.651,59.243,916.34,314.264,1.742,72.811,24.168,3.967,168,0,Low
WAG9-1032,WAG9,NR,2014,5,172,-22,80.178,3.526,1.78,94.243,75.772,59.259,896.809,314.586,1.679,65.901,23.425,4.275,167,0,Low
WAG9-1032,WAG9,NR,2014,6,172,-20,78.266,3.474,1.734,93.489,74.139,58.653,921.677,327.166,1.984,69.859,24.15,4.183,166,0,Low
WAG9-1032,WAG9,NR,2014,7,172,-18,85.28,3.625,1.693,91.677,69.711,61.581,908.913,324.713,1.817,64.256,24.834,4.273,165,0,Low
WAG9-1032,WAG9,NR,2014,8,172,-16,83.006,3.585,1.607,96.652,71.586,58.355,919.959,328.242,1.782,77.717,24.409,4.244,164,0,Low
WAG9-1032,WAG9,NR,2014,9,172,-14,84.868,3.678,2.169,94.051,77.437,60.179,918.549,333.957,1.839,78.089,24.359,4.135,163,0,Low
WAG9-1032,WAG9,NR,2014,10,172,-12,82.935,3.513,1.961,95.381,78.01,61.164,859.815,327.208,1.798,73.486,24.287,4.074,162,0,Low
WAG9-1032,WAG9,NR,2014,11,172,-10,79.737,3.52,2.642,94.603,76.283,59.993,905.732,327.143,1.73,75.746,23.914,4.416,161,0,Low
WAG9-1032,WAG9,NR,2014,12,172,-8,82.784,3.708,1.622,93.312,73.527,60.734,911.253,333.093,1.725,73.295,24.193,3.876,160,0,Low
WAG9-1032,WAG9,NR,2014,13,172,-6,81.865,3.459,2.145,95.148,74.363,63.893,845.597,298.712,1.88,69.886,24.157,4.161,159,0,Low
WAG9-1032,WAG9,NR,2014,14,172,-4,82.194,3.641,1.938,96.087,74.615,61.609,896.084,331.226,1.843,68.804,24.146,4.067,158,0,Low
WAG9-1032,WAG9,NR,2014,15,172,-2,84.028,3.476,1.626,94.936,70.289,59.398,896.625,322.848,1.947,80.931,24.119,4.187,157,0,Low
WAG9-1032,WAG9,NR,2014,16,172,0,80.399,3.4,2.026,95.313,76.383,62.116,908.456,321.982,1.876,67.458,23.749,3.991,156,0,Low
WAG9-1032,WAG9,NR,2014,17,172,2,82.867,3.607,1.351,92.372,79.334,58.476,893.38,333.617,1.861,79.638,23.988,3.736,155,0,Low
WAG9-1032,WAG9,NR,2014,18,172,4,84.157,3.392,1.81,91.347,72.459,60.611,912.459,333.54,1.75,70.908,24.793,4.011,154,0,Low
WAG9-1032,WAG9,NR,2014,19,172,6,80.013,3.391,1.98,92.199,73.129,59.3,881.549,325.477,1.708,77.566,23.942,4.272,153,0,Low
WAG9-1032,WAG9,NR,2014,20,172,8,80.127,3.562,2.025,93.288,73.93,59.381,927.622,319.917,1.72,69.422,24.081,4.097,152,0,Low
WAG9-1032,WAG9,NR,2014,21,172,10,79.45,3.553,2.053,95.471,73.915,59.147,912.545,317.168,1.979,78.74,23.938,4.004,151,0,Low
WAG9-1032,WAG9,NR,2014,22,172,12,85.124,3.539,1.584,94.487,75.046,58.52,930.206,336.962,1.625,77.612,23.99,4.194,150,0,Low
WAG9-1032,WAG9,NR,2014,23,172,14,82.84,3.273,1.846,93.999,70.995,63.741,852.917,331.113,1.877,68.992,23.623,4.128,149,0,Low
WAG9-1032,WAG9,NR,2014,24,172,16,83.464,3.416,1.792,93.106,78.777,58.993,909.254,330.535,1.78,67.694,22.73,4.01,148,0,Low
WAG9-1032,WAG9,NR,2014,25,172,18,78.468,3.591,1.996,91.863,74.193,61.2,890.484,313.735,1.757,72.531,24.165,4.452,147,0,Low
WAG9-1032,WAG9,NR,2014,26,172,20,78.26,3.418,1.998,95.003,75.849,61.391,917.706,315.779,1.924,67.747,23.846,4.258,146,0,Low
WAG9-1032,WAG9,NR,2014,27,172,22,80.792,3.372,2.075,93.246,73.788,56.21,873.057,310.663,1.574,71.506,24.792,4.19,145,0,Low
WAG9-1032,WAG9,NR,2014,28,172,24,83.354,3.533,1.965,90.093,74.527,60.241,906.955,327.129,1.749,79.668,24.84,3.849,144,0,Low
WAG9-1032,WAG9,NR,2014,29,172,26,89.461,3.332,1.902,94.725,76.034,63.479,882.939,308.691,1.738,71.915,23.264,4.186,143,0,Low
WAG9-1032,WAG9,NR,2014,30,172,28,84.493,3.204,1.894,94.199,73.275,56.284,910.631,325.276,1.838,62.445,23.971,4.025,142,0,Low
WAG9-1032,WAG9,NR,2014,31,172,30,82.761,3.573,1.849,94.668,75.037,60.41,873.176,313.8,1.821,69.162,24.061,3.833,141,0,Low
WAG9-1032,WAG9,NR,2014,32,172,32,81.949,2.955,2.411,94.1,76.388,60.31,889.883,330.69,1.919,68.744,24.219,4.175,140,0,Low
WAG9-1032,WAG9,NR,2014,33,172,34,83.154,3.007,1.82,96.137,75.32,58.707,922.486,319.312,1.78,75.883,23.602,4.296,139,0,Low
WAG9-1032,WAG9,NR,2014,34,172,36,80.169,3.412,1.15,91.672,74.644,64.784,891.514,339.294,1.749,76.005,23.599,4.064,138,0,Low
WAG9-1032,WAG9,NR,2014,35,172,38,84.29,3.391,2.3,91.787,74.089,63.483,905.453,323.407,1.821,70.438,24.205,4.288,137,0,Low
WAG9-1032,WAG9,NR,2014,36,172,40,75.728,3.295,2.092,94.13,73.992,61.609,914.78,340.542,1.86,70.502,24.004,4.175,136,0,Low
WAG9-1032,WAG9,NR,2014,37,172,42,87.572,3.38,1.959,93.504,76.773,58.231,918.287,320.78,1.661,70.108,23.407,4.086,135,0,Low
WAG9-1032,WAG9,NR,2014,38,172,44,84.567,3.508,1.41,95.911,77.935,61.274,891.838,333.938,1.774,72.062,23.879,4.633,134,0,Low
WAG9-1032,WAG9,NR,2014,39,172,46,84.575,3.515,1.822,95.76,79.23,60.052,862.855,325.87,1.806,73.669,24.078,3.884,133,0,Low
WAG9-1032,WAG9,NR,2014,40,172,48,85.994,3.471,2.246,95.351,74.127,60.354,911.191,334.752,1.826,67.651,23.858,4.076,132,0,Low
WAG9-1032,WAG9,NR,2014,41,172,50,84.286,3.315,2.001,94.104,70.515,63.501,872.858,316.304,1.76,67.866,23.695,4.098,131,0,Low
WAG9-1032,WAG9,NR,2014,42,172,52,81.302,3.215,1.406,95.086,74.918,61.633,906.171,314.984,1.84,70.759,25.082,4.155,130,0,Low
WAG9-1032,WAG9,NR,2014,43,172,54,89.102,3.519,2.097,92.319,71.682,58.947,897.575,303.763,1.749,65.281,23.788,4.308,129,0,Low
WAG9-1032,WAG9,NR,2014,44,172,56,83.53,3.279,2.016,94.01,76.727,59.549,922.114,319.057,1.807,70.945,23.806,4.068,128,0,Low
WAG9-1032,WAG9,NR,2014,45,172,58,88.358,3.148,2.044,96.754,73.363,59.456,864.915,317.178,1.75,65.445,24.303,4.279,127,0,Low
WAG9-1032,WAG9,NR,2014,46,172,60,81.648,3.352,2.461,91.556,76.033,61.986,882.454,320.885,1.568,75.366,24.199,4.094,126,0,Low
WAG9-1032,WAG9,NR,2014,47,172,62,87.19,3.578,1.86,93.622,76.856,59.364,961.386,313.135,1.747,69.199,24.267,4.035,125,0,Low
WAG9-1032,WAG9,NR,2014,48,172,64,88.334,3.48,2.407,93.163,76.576,59.627,926.937,323.695,1.692,73.289,23.303,4.265,124,0,Low
WAG9-1032,WAG9,NR,2014,49,172,66,79.729,3.229,1.816,95.442,74.026,58.367,893.562,312.002,1.61,83.968,24.391,4.268,123,0,Low
WAG9-1032,WAG9,NR,2014,50,172,68,81.194,3.396,1.761,90.67,74.487,63.256,895.812,342.509,1.678,77.755,24.13,4.043,122,0,Low
WAG9-1032,WAG9,NR,2014,51,172,70,80.887,3.454,2.409,96.576,79.043,60.881,900.853,307.288,1.734,60.373,24.012,3.932,121,0,Low
WAG9-1032,WAG9,NR,2014,52,172,72,78.507,3.137,2.073,91.85,76.812,59.716,894.046,319.814,1.769,68.92,24.053,3.952,120,0,Low
WAG9-1032,WAG9,NR,2014,53,172,74,83.945,3.374,2.146,92.117,74.941,62.754,938.636,310.444,1.84,82.982,23.95,4.393,119,0,Low
WAG9-1032,WAG9,NR,2014,54,172,76,81.441,3.361,1.655,93.528,78.882,63.611,886.888,350.987,1.686,74.282,24.628,3.855,118,0,Low
WAG9-1032,WAG9,NR,2014,55,172,78,83.198,3.377,1.953,94.929,80.212,58.146,863.004,327.854,1.776,66.582,24.162,3.839,117,0,Low
WAG9-1032,WAG9,NR,2014,56,172,80,82.968,3.156,1.935,93.098,73.698,61.592,873.783,319.066,1.796,67.024,23.368,4.438,116,0,Low
WAG9-1032,WAG9,NR,2014,57,172,82,84.781,3.08,2.307,92.837,74.122,61.245,882.314,333.014,1.882,71.549,23.527,4.309,115,0,Low
WAG9-1032,WAG9,NR,2014,58,172,84,80.999,3.291,2.825,92.136,78.111,60.707,881.236,347.628,1.66,73.448,24.614,4.097,114,0,Low
WAG9-1032,WAG9,NR,2014,59,172,86,89.215,3.199,2.704,95.362,77.991,61.371,876.506,319.94,1.882,75.878,23.825,3.832,113,0,Low
WAG9-1032,WAG9,NR,2014,60,172,88,86.475,3.3,1.93,91.226,75.749,62.701,883.322,307.248,1.652,70.15,24.202,3.921,112,0,Low
WAG9-1032,WAG9,NR,2014,61,172,90,82.605,3.328,2.61,95.088,78.45,61.229,921.923,316.55,1.679,75.087,23.493,4.086,111,0,Low
WAG9-1032,WAG9,NR,2014,62,172,92,85.401,3.526,1.978,91.758,80.425,59.469,915.962,326.153,1.644,75.977,24.178,4.087,110,0,Low
WAG9-1032,WAG9,NR,2014,63,172,94,84.669,3.381,1.805,92.951,78.874,59.639,888.352,330.846,1.757,75.137,23.517,4.179,109,0,Low
WAG9-1032,WAG9,NR,2014,64,172,96,84.752,3.209,1.745,94.122,79.067,63.63,863.493,314.765,1.706,77.224,22.968,4.112,108,0,Low
WAG9-1032,WAG9,NR,2014,65,172,98,83.136,3.257,2.101,92.29,75.939,63.185,888.042,328.436,1.878,76.376,23.181,4.411,107,0,Low
WAG9-1032,WAG9,NR,2014,66,172,100,82.674,3.491,2.515,91.839,69.141,58.851,910.652,340.551,1.679,67.148,23.966,4.359,106,0,Low
WAG9-1032,WAG9,NR,2014,67,172,102,77.57,3.271,1.669,92.715,76.707,59.485,907.934,327.482,1.742,69.984,24.424,4.067,105,0,Low
WAG9-1032,WAG9,NR,2014,68,172,104,84.954,3.284,2.268,92.984,81.458,59.504,926.402,336.185,1.733,74.538,24.232,4.158,104,0,Low
WAG9-1032,WAG9,NR,2014,69,172,106,86.687,3.319,1.666,92.903,77.69,57.133,856.704,344.01,1.77,67.105,23.981,4.181,103,0,Low
WAG9-1032,WAG9,NR,2014,70,172,108,82.657,3.402,2.27,94.16,75.308,59.091,899.751,325.046,1.712,65.174,24.165,3.849,102,0,Low
WAG9-1032,WAG9,NR,2014,71,172,110,86.071,3.517,2.368,92.276,80.643,63.716,890.509,311.534,1.7,70.425,24.306,4.163,101,0,Low
WAG9-1032,WAG9,NR,2014,72,172,112,84.339,3.423,1.45,93.034,73.139,63.587,923.565,328.326,1.785,68.597,22.936,4.294,100,0,Low
WAG9-1032,WAG9,NR,2014,73,172,114,90.092,3.401,2.038,91.584,78.109,62.551,904.503,334.793,1.885,70.17,23.29,4.056,99,0,Low
WAG9-1032,WAG9,NR,2014,74,172,116,85.842,3.438,2.386,95.278,79.613,61.674,895.872,329.71,1.69,76.389,23.602,3.737,98,0,Low
WAG9-1032,WAG9,NR,2014,75,172,118,86.138,3.234,2.155,92.155,75.31,61.712,901.224,320.935,1.736,69.795,24.115,4.358,97,0,Low
WAG9-1032,WAG9,NR,2014,76,172,120,81.949,3.206,2.124,93.311,78.186,63.355,867.125,320.538,1.61,75.001,23.452,3.981,96,0,Low
WAG9-1032,WAG9,NR,2014,77,172,122,84.199,3.343,2.071,95.904,75.493,65.786,878.133,318.174,1.577,70.842,24.321,4.026,95,0,Low
WAG9-1032,WAG9,NR,2014,78,172,124,82.776,3.235,2.254,91.246,77.136,62.084,914.879,334.229,1.776,70.262,24.259,3.663,94,0,Low
WAG9-1032,WAG9,NR,2014,79,172,126,88.03,3.383,2.586,93.208,81.381,58.373,882.383,319.166,1.71,74.336,23.716,4.116,93,0,Low
WAG9-1032,WAG9,NR,2014,80,172,128,86.28,3.265,2.245,90.534,78.727,62.597,879.411,306.984,1.721,77.804,23.695,3.954,92,0,Low
WAG9-1032,WAG9,NR,2014,81,172,130,81.318,3.127,2.467,93.631,75.721,61.611,879.029,319.359,1.632,76.904,24.227,3.767,91,0,Low
WAG9-1032,WAG9,NR,2014,82,172,132,86.793,3.337,2.277,92.571,79.192,60.223,886.894,320.78,1.649,68.319,23.665,3.958,90,0,Low
WAG9-1032,WAG9,NR,2014,83,172,134,86.271,3.203,2.216,93.125,75.737,60.907,864.282,349.499,1.703,70.569,23.606,4.07,89,0,Low
WAG9-1032,WAG9,NR,2014,84,172,136,85.274,3.387,2.233,92.864,79.244,64.669,865.455,323.429,1.783,75.598,23.695,3.738,88,0,Low
WAG9-1032,WAG9,NR,2014,85,172,138,86.806,3.321,2.294,95.243,75.917,62.547,885.884,344.732,1.78,69.512,23.485,4.041,87,0,Low
WAG9-1032,WAG9,NR,2014,86,172,140,85.272,2.983,2.178,94.967,76.225,63.92,909.717,325.243,1.736,79.732,22.994,3.857,86,0,Low
WAG9-1032,WAG9,NR,2014,87,172,142,82.447,3.369,2.286,91.623,76.012,60.958,871.452,336.788,1.775,70.854,24.09,3.968,85,0,Low
WAG9-1032,WAG9,NR,2014,88,172,144,87.266,3.437,2.427,91.437,79.581,63.85,889.691,328.011,1.632,71.781,23.72,4.172,84,0,Low
WAG9-1032,WAG9,NR,2014,89,172,146,87.426,3.141,2.067,92.758,78.473,58.576,889.391,345.642,1.501,72.128,23.054,4.463,83,0,Low
WAG9-1032,WAG9,NR,2014,90,172,148,86.885,3.219,2.582,91.985,75.184,61.9,903.306,326.292,1.7,74.74,23.856,4.216,82,0,Low
WAG9-1032,WAG9,NR,2014,91,172,150,88.4,3.381,2.519,92.057,74.599,61.58,891.113,321.961,1.711,72.061,24.05,3.952,81,0,Low
WAG9-1032,WAG9,NR,2014,92,172,152,86.545,3.29,2.11,92.735,76.934,59.934,897.725,339.982,1.636,68.278,22.924,3.986,80,0,Low
WAG9-1032,WAG9,NR,2014,93,172,154,82.456,3.328,2.357,92.102,72.062,58.573,904.738,337.814,1.576,73.332,23.981,4.152,79,0,Low
WAG9-1032,WAG9,NR,2014,94,172,156,88.246,3.307,2.465,91.569,78.629,58.601,918.053,328.863,1.685,66.295,23.364,4.296,78,0,Low
WAG9-1032,WAG9,NR,2014,95,172,158,75.754,3.013,2.275,91.75,73.603,60.077,904.163,318.066,1.671,58.772,23.481,4.008,77,0,Low
WAG9-1032,WAG9,NR,2014,96,172,160,79.65,3.059,2.354,92.829,74.043,59.636,895.561,306.573,1.619,76.518,23.694,3.881,76,0,Low
WAG9-1032,WAG9,NR,2014,97,172,162,81.899,2.958,2.451,93.322,78.857,65.509,868.487,322.073,1.788,67.762,24.669,3.992,75,0,Low
WAG9-1032,WAG9,NR,2014,98,172,164,82.23,3.3,2.313,92.349,76.877,61.116,936.574,322.437,1.707,69.071,23.574,3.907,74,0,Low
WAG9-1032,WAG9,NR,2014,99,172,166,84.878,2.946,2.516,89.661,75.997,58.069,861.946,321.817,1.815,61.707,23.145,3.972,73,0,Low
WAG9-1032,WAG9,NR,2014,100,172,168,82.898,3.217,2.406,91.719,77.148,61.763,902.396,328.111,1.615,75.121,23.076,3.917,72,0,Low
WAG9-1032,WAG9,NR,2014,101,172,170,86.898,3.268,2.236,95.113,80.626,57.129,903.677,315.016,1.587,71.579,22.907,4.126,71,0,Low
WAG9-1032,WAG9,NR,2014,102,172,172,84.44,3.315,2.167,92.166,74.334,59.806,878.384,333.471,1.662,63.503,23.443,3.931,70,0,Low
WAG9-1032,WAG9,NR,2014,103,172,174,85.558,3.226,3.05,94.016,77.857,63.197,864.674,317.677,1.696,73.208,23.592,4.19,69,0,Low
WAG9-1032,WAG9,NR,2014,104,172,176,81.621,2.995,2.228,93.839,78.684,63.141,880.776,341.657,1.743,75.153,24.15,4.593,68,0,Low
WAG9-1032,WAG9,NR,2014,105,172,178,88.134,3.381,2.578,92.019,81.543,62.92,882.194,315.312,1.673,75.092,23.677,4.007,67,0,Low
WAG9-1032,WAG9,NR,2014,106,172,180,81.453,3.496,2.119,90.504,76.722,62.049,892.157,319.61,1.54,58.124,23.46,4.002,66,0,Low
WAG9-1032,WAG9,NR,2014,107,172,0,86.466,3.117,2.157,91.116,78.202,61.124,891.432,318.246,1.732,66.443,24.611,4.157,65,0,Low
WAG9-1032,WAG9,NR,2014,108,172,2,89.784,3.219,2.469,92.569,76.973,61.545,930.698,335.241,1.741,64.209,22.973,4.147,64,0,Low
WAG9-1032,WAG9,NR,2014,109,172,4,82.596,3.135,2.305,93.553,79.826,59.752,892.826,327.268,1.696,62.46,23.661,3.986,63,0,Low
WAG9-1032,WAG9,NR,2014,110,172,6,85.618,3.339,2.127,91.782,79.897,60.241,861.332,345.023,1.524,72.808,24.163,4.015,62,0,Low
WAG9-1032,WAG9,NR,2014,111,172,8,85.722,3.114,2.525,93.162,81.844,62.629,885.56,318.913,1.526,72.831,23.29,3.907,61,0,Low
WAG9-1032,WAG9,NR,2014,112,172,10,85.963,3.115,2.218,95.33,82.629,61.327,906.572,322.953,1.536,74.787,23.131,4.005,60,0,Medium
WAG9-1032,WAG9,NR,2014,113,172,12,89.021,3.249,2.535,91.596,79.759,62.032,902.109,336.409,1.562,62.077,23.774,3.97,59,0,Medium
WAG9-1032,WAG9,NR,2014,114,172,14,86.22,3.187,2.284,93.476,78.646,61.114,870.557,329.172,1.667,64.866,23.15,3.684,58,0,Medium
WAG9-1032,WAG9,NR,2014,115,172,16,85.906,3.079,2.374,92.769,75.667,60.932,894.499,321.013,1.637,73.572,24.064,3.775,57,0,Medium
WAG9-1032,WAG9,NR,2014,116,172,18,88.626,3.02,2.504,93.674,80.093,59.93,881.212,329.934,1.559,69.442,23.42,4.061,56,0,Medium
WAG9-1032,WAG9,NR,2014,117,172,20,87.967,3.098,2.535,95.164,73.1,61.128,865.983,312.874,1.742,74.72,24.129,4.02,55,0,Medium
WAG9-1032,WAG9,NR,2014,118,172,22,90.286,3.303,2.451,91.656,79.05,62.463,866.547,313.591,1.79,68.322,23.441,4.003,54,0,Medium
WAG9-1032,WAG9,NR,2014,119,172,24,86.598,3.404,2.431,94.642,79.959,59.593,852.331,341.227,1.608,79.074,23.507,4.094,53,0,Medium
WAG9-1032,WAG9,NR,2014,120,172,26,88.183,3.064,2.687,94.165,72.287,67.131,897.2,351.604,1.529,74.574,22.863,4.238,52,0,Medium
WAG9-1032,WAG9,NR,2014,121,172,28,89.69,3.035,1.934,92.545,76.539,60.396,870.607,341.772,1.608,76.976,24.017,3.81,51,0,Medium
WAG9-1032,WAG9,NR,2014,122,172,30,88.681,3.275,1.8,93.807,75.407,62.214,892.278,347.266,1.655,71.291,23.331,4.178,50,0,Medium
WAG9-1032,WAG9,NR,2014,123,172,32,85.672,3.105,3.031,91.799,82.809,61.15,907.499,331.201,1.688,76.141,23.317,4.177,49,0,Medium
WAG9-1032,WAG9,NR,2014,124,172,34,84.534,3.186,3.031,92.69,77.254,62.151,854.245,325.881,1.402,67.344,23.475,4.251,48,0,Medium
WAG9-1032,WAG9,NR,2014,125,172,36,86.459,3.111,2.792,90.686,76.741,59.929,875.252,336.93,1.514,76.297,23.666,3.746,47,0,Medium
WAG9-1032,WAG9,NR,2014,126,172,38,81.875,3.339,2.251,92.705,78.711,61.269,884.184,321.846,1.668,72.252,24.069,3.846,46,0,Medium
WAG9-1032,WAG9,NR,2014,127,172,40,85.712,3.356,2.277,92.887,83.349,61.448,894.603,326.136,1.612,76.041,23.365,4.161,45,0,Medium
WAG9-1032,WAG9,NR,2014,128,172,42,87.792,3.189,2.185,90.955,76.942,57.424,871.53,320.507,1.611,72.223,23.928,4.338,44,0,Medium
WAG9-1032,WAG9,NR,2014,129,172,44,88.109,2.863,2.561,93.967,76.421,65.744,900.386,317.873,1.668,70.805,23.297,4.018,43,0,Medium
WAG9-1032,WAG9,NR,2014,130,172,46,92.382,3.22,2.611,90.101,73.551,59.873,878.831,324.426,1.676,69.984,23.951,3.899,42,0,Medium
WAG9-1032,WAG9,NR,2014,131,172,48,92.661,3.289,2.182,93.187,74.017,62.713,906.659,332.732,1.684,78.258,24.198,4.332,41,0,Medium
WAG9-1032,WAG9,NR,2014,132,172,50,87.265,3.008,2.577,90.787,75.488,63.162,891.278,339.632,1.694,75.111,23.246,4.165,40,0,Medium
WAG9-1032,WAG9,NR,2014,133,172,52,84.6,2.958,2.678,91.454,79.201,60.043,896.686,337.24,1.723,76.027,24.481,4.1,39,0,Medium
WAG9-1032,WAG9,NR,2014,134,172,54,86.339,3.091,2.963,95.095,77.822,64.207,907.181,325.764,1.527,71.288,24.224,3.708,38,0,Medium
WAG9-1032,WAG9,NR,2014,135,172,56,82.267,3.259,2.551,91.92,73.196,65.698,876.438,330.897,1.6,80.483,23.875,4.002,37,0,Medium
WAG9-1032,WAG9,NR,2014,136,172,58,88.469,3.214,2.298,91.715,77.777,61.306,883.333,334.424,1.637,67.091,23.748,3.634,36,0,Medium
WAG9-1032,WAG9,NR,2014,137,172,60,84.153,3.008,2.992,92.818,79.36,62.777,939.566,314.9,1.797,70.695,23.452,3.807,35,0,Medium
WAG9-1032,WAG9,NR,2014,138,172,62,85.909,3.105,2.869,95.686,77.526,63.236,894.607,302.904,1.708,65.45,23.227,3.776,34,0,Medium
WAG9-1032,WAG9,NR,2014,139,172,64,87.703,3.114,2.775,93.494,75.215,62.291,873.38,340.651,1.634,73.839,22.892,3.868,33,0,Medium
WAG9-1032,WAG9,NR,2014,140,172,66,89.012,3.042,2.553,91.404,76.233,58.863,877.237,330.327,1.715,69.725,23.127,3.927,32,0,Medium
WAG9-1032,WAG9,NR,2014,141,172,68,87.745,3.18,2.484,90.763,77.011,64.156,933.652,346.261,1.574,77.593,23.129,3.902,31,0,Medium
WAG9-1032,WAG9,NR,2014,142,172,70,93.124,2.37,4.465,86.001,88.358,67.902,844.299,370.664,1.246,68.289,22.459,3.395,30,1,High
WAG9-1032,WAG9,NR,2014,143,172,72,101.714,2.221,4.419,84.475,88.586,73.544,824.14,365.695,1.25,71.026,22.41,2.937,29,1,High
WAG9-1032,WAG9,NR,2014,144,172,74,99.241,2.319,4.602,87.709,88.062,73.377,885.027,355.823,1.245,78.904,22.958,3.242,28,1,High
WAG9-1032,WAG9,NR,2014,145,172,76,92.001,2.418,4.585,85.425,85.613,74.948,873.356,344.717,1.173,71.751,22.738,3.053,27,1,High
WAG9-1032,WAG9,NR,2014,146,172,78,99.06,2.194,5.042,87.676,90.371,70.254,853.551,373.267,1.31,71.032,22.546,3.218,26,1,High
WAG9-1032,WAG9,NR,2014,147,172,80,102.6,2.269,4.954,87.329,90.241,71.822,848.148,344.775,1.022,77.547,22.314,3.29,25,1,High
WAG9-1032,WAG9,NR,2014,148,172,82,99.464,2.363,4.655,87.944,91.496,70.896,848.646,366.538,1.254,66.677,22.68,3.418,24,1,High
WAG9-1032,WAG9,NR,2014,149,172,84,104.359,2.108,4.512,83.069,90.766,69.466,877.972,355.251,1.203,75.848,21.586,3.362,23,1,High
WAG9-1032,WAG9,NR,2014,150,172,86,102.403,1.999,4.53,86.225,86.85,69.288,900.507,358.153,1.132,73.839,22.135,3.452,22,1,High
WAG9-1032,WAG9,NR,2014,151,172,88,101.248,2.063,5.193,85.095,87.799,71.051,819.928,364.655,1.166,72.525,22.768,3.117,21,1,High
WAG9-1032,WAG9,NR,2014,152,172,90,103.077,2.034,4.688,84.657,88.095,71.72,839.351,360.132,1.112,70.655,22.234,3.233,20,1,High
WAG9-1032,WAG9,NR,2014,153,172,92,105.786,2.076,5.177,86.322,92.553,76.304,847.539,377.727,1.142,70.686,21.774,2.889,19,1,High
WAG9-1032,WAG9,NR,2014,154,172,94,105.229,2.175,5.883,86.691,90.315,70.514,831.658,379.43,1.091,69.508,22.388,2.995,18,1,High
WAG9-1032,WAG9,NR,2014,155,172,96,107.458,2.135,5.615,85.761,91.455,75.508,845.588,372.739,1.241,83.991,21.158,3.103,17,1,High
WAG9-1032,WAG9,NR,2014,156,172,98,107.976,1.769,5.411,82.181,93.453,75.7,845.134,383.029,0.913,66.138,21.056,2.986,16,1,High
WAG9-1032,WAG9,NR,2014,157,172,100,109.586,1.829,5.589,84.549,92.04,73.124,813.237,376.953,0.965,78.277,21.986,2.938,15,1,High
WAG9-1032,WAG9,NR,2014,158,172,102,104.71,2.185,5.351,83.611,90.13,75.807,819.391,368.346,1.007,71.317,22.235,2.965,14,1,High
WAG9-1032,WAG9,NR,2014,159,172,104,112.178,1.875,6.308,81.89,93.089,77.867,809.41,382.596,0.893,77.253,21.827,2.975,13,1,High
WAG9-1032,WAG9,NR,2014,160,172,106,105.929,1.871,6.33,80.154,93.149,79.611,838.591,376.434,1.036,70.291,21.13,3.097,12,1,High
WAG9-1032,WAG9,NR,2014,161,172,108,110.211,1.796,6.864,80.917,97.385,78.575,812.292,387.549,0.946,79.423,21.036,3.043,11,1,High
WAG9-1032,WAG9,NR,2014,162,172,110,119.056,1.5,6.491,77.453,98.268,81.009,816.956,380.83,0.917,64.895,20.774,2.924,10,1,Critical
WAG9-1032,WAG9,NR,2014,163,172,112,120.647,1.67,6.941,80.574,97.933,78.892,825.904,382.326,0.768,63.429,21.297,3.092,9,1,Critical
WAG9-1032,WAG9,NR,2014,164,172,114,118.904,1.576,7.296,78.608,98.227,81.838,831.826,398.629,0.887,69.117,20.316,2.962,8,1,Critical
WAG9-1032,WAG9,NR,2014,165,172,116,121.235,1.393,7.349,77.132,102.597,84.414,800.725,394.29,0.719,71.787,20.637,2.948,7,1,Critical
WAG9-1032,WAG9,NR,2014,166,172,118,121.246,1.317,7.969,79.71,100.569,84.06,771.091,393.588,0.865,61.515,20.294,2.798,6,1,Critical
WAG9-1032,WAG9,NR,2014,167,172,120,120.22,1.459,8.029,76.301,103.063,86.924,786.348,393.239,0.757,71.874,19.715,2.945,5,1,Critical
WAG9-1032,WAG9,NR,2014,168,172,122,129.859,1.21,8.274,77.897,102.234,87.991,795.626,423.392,0.721,71.495,20.531,2.661,4,1,Critical
WAG9-1032,WAG9,NR,2014,169,172,124,125.17,0.888,8.264,72.922,101.989,92.929,775.972,414.812,0.601,71.458,20.167,2.681,3,1,Critical
WAG9-1032,WAG9,NR,2014,170,172,126,131.536,1.304,8.737,76.178,104.862,92.747,831.955,405.829,0.531,69.834,20.251,2.826,2,1,Critical
WAG9-1032,WAG9,NR,2014,171,172,128,133.282,1.223,8.567,74.043,106.279,88.338,740.193,425.862,0.766,71.929,19.777,2.592,1,1,Critical
WAG9-1032,WAG9,NR,2014,172,172,130,127.212,0.869,9.0,72.973,113.238,94.78,716.823,433.765,0.5,65.575,20.011,2.365,0,1,Critical
WAP7-1033,WAP7,CR,2011,1,196,-38,83.298,3.508,1.696,96.613,78.226,55.029,912.677,307.516,1.707,71.579,23.207,4.306,195,0,Low
WAP7-1033,WAP7,CR,2011,2,196,-36,80.84,3.555,1.627,93.666,71.934,57.706,887.384,325.971,1.782,63.503,23.743,4.111,194,0,Low
WAP7-1033,WAP7,CR,2011,3,196,-34,81.958,3.466,2.51,95.516,75.457,61.097,873.674,310.177,1.816,73.208,23.892,4.37,193,0,Low
WAP7-1033,WAP7,CR,2011,4,196,-32,78.021,3.235,1.688,95.339,76.284,61.041,889.776,334.157,1.863,75.153,24.45,4.773,192,0,Low
WAP7-1033,WAP7,CR,2011,5,196,-30,84.534,3.621,2.038,93.519,79.143,60.82,891.194,307.812,1.793,75.092,23.977,4.187,191,0,Low
WAP7-1033,WAP7,CR,2011,6,196,-28,77.853,3.736,1.579,92.004,74.322,59.949,901.157,312.11,1.66,58.124,23.76,4.182,190,0,Low
WAP7-1033,WAP7,CR,2011,7,196,-26,82.866,3.357,1.617,92.616,75.802,59.024,900.432,310.746,1.852,66.443,24.911,4.337,189,0,Low
WAP7-1033,WAP7,CR,2011,8,196,-24,86.184,3.459,1.929,94.069,74.573,59.445,939.698,327.741,1.861,64.209,23.273,4.327,188,0,Low
WAP7-1033,WAP7,CR,2011,9,196,-22,78.996,3.375,1.765,95.053,77.426,57.652,901.826,319.768,1.816,62.46,23.961,4.166,187,0,Low
WAP7-1033,WAP7,CR,2011,10,196,-20,82.018,3.579,1.587,93.282,77.497,58.141,870.332,337.523,1.644,72.808,24.463,4.195,186,0,Low
WAP7-1033,WAP7,CR,2011,11,196,-18,82.122,3.354,1.985,94.662,79.444,60.529,894.56,311.413,1.646,72.831,23.59,4.087,185,0,Low
WAP7-1033,WAP7,CR,2011,12,196,-16,82.363,3.355,1.678,96.83,80.229,59.227,915.572,315.453,1.656,74.787,23.431,4.185,184,0,Low
WAP7-1033,WAP7,CR,2011,13,196,-14,85.421,3.489,1.995,93.096,77.359,59.932,911.109,328.909,1.682,62.077,24.074,4.15,183,0,Low
WAP7-1033,WAP7,CR,2011,14,196,-12,82.62,3.427,1.744,94.976,76.246,59.014,879.557,321.672,1.787,64.866,23.45,3.864,182,0,Low
WAP7-1033,WAP7,CR,2011,15,196,-10,82.306,3.319,1.834,94.269,73.267,58.832,903.499,313.513,1.757,73.572,24.364,3.955,181,0,Low
WAP7-1033,WAP7,CR,2011,16,196,-8,85.026,3.26,1.964,95.174,77.693,57.83,890.212,322.434,1.679,69.442,23.72,4.241,180,0,Low
WAP7-1033,WAP7,CR,2011,17,196,-6,84.367,3.338,1.995,96.664,70.7,59.028,874.983,305.374,1.862,74.72,24.429,4.2,179,0,Low
WAP7-1033,WAP7,CR,2011,18,196,-4,86.686,3.543,1.911,93.156,76.65,60.363,875.547,306.091,1.91,68.322,23.741,4.183,178,0,Low
WAP7-1033,WAP7,CR,2011,19,196,-2,82.998,3.644,1.891,96.142,77.559,57.493,861.331,333.727,1.728,79.074,23.807,4.274,177,0,Low
WAP7-1033,WAP7,CR,2011,20,196,0,84.583,3.304,2.147,95.665,69.887,65.031,906.2,344.104,1.649,74.574,23.163,4.418,176,0,Low
WAP7-1033,WAP7,CR,2011,21,196,2,86.09,3.275,1.394,94.045,74.139,58.296,879.607,334.272,1.728,76.976,24.317,3.99,175,0,Low
WAP7-1033,WAP7,CR,2011,22,196,4,85.081,3.515,1.26,95.307,73.007,60.114,901.278,339.766,1.775,71.291,23.631,4.358,174,0,Low
WAP7-1033,WAP7,CR,2011,23,196,6,82.072,3.345,2.491,93.299,80.409,59.05,916.499,323.701,1.808,76.141,23.617,4.357,173,0,Low
WAP7-1033,WAP7,CR,2011,24,196,8,80.934,3.426,2.491,94.19,74.854,60.051,863.245,318.381,1.522,67.344,23.775,4.431,172,0,Low
WAP7-1033,WAP7,CR,2011,25,196,10,82.859,3.351,2.252,92.186,74.341,57.829,884.252,329.43,1.634,76.297,23.966,3.926,171,0,Low
WAP7-1033,WAP7,CR,2011,26,196,12,78.275,3.579,1.711,94.205,76.311,59.169,893.184,314.346,1.788,72.252,24.369,4.026,170,0,Low
WAP7-1033,WAP7,CR,2011,27,196,14,82.112,3.596,1.737,94.387,80.949,59.348,903.603,318.636,1.732,76.041,23.665,4.341,169,0,Low
WAP7-1033,WAP7,CR,2011,28,196,16,84.192,3.429,1.645,92.455,74.542,55.324,880.53,313.007,1.731,72.223,24.228,4.518,168,0,Low
WAP7-1033,WAP7,CR,2011,29,196,18,84.509,3.103,2.021,95.467,74.021,63.644,909.386,310.373,1.788,70.805,23.597,4.198,167,0,Low
WAP7-1033,WAP7,CR,2011,30,196,20,88.782,3.46,2.071,91.601,71.151,57.773,887.831,316.926,1.796,69.984,24.251,4.079,166,0,Low
WAP7-1033,WAP7,CR,2011,31,196,22,89.061,3.529,1.642,94.687,71.617,60.613,915.659,325.232,1.804,78.258,24.498,4.512,165,0,Low
WAP7-1033,WAP7,CR,2011,32,196,24,83.665,3.248,2.037,92.287,73.088,61.062,900.278,332.132,1.814,75.111,23.546,4.345,164,0,Low
WAP7-1033,WAP7,CR,2011,33,196,26,81.0,3.198,2.138,92.954,76.801,57.943,905.686,329.74,1.843,76.027,24.781,4.28,163,0,Low
WAP7-1033,WAP7,CR,2011,34,196,28,82.739,3.331,2.423,96.595,75.422,62.107,916.181,318.264,1.647,71.288,24.524,3.888,162,0,Low
WAP7-1033,WAP7,CR,2011,35,196,30,78.667,3.499,2.011,93.42,70.796,63.598,885.438,323.397,1.72,80.483,24.175,4.182,161,0,Low
WAP7-1033,WAP7,CR,2011,36,196,32,84.869,3.454,1.758,93.215,75.377,59.206,892.333,326.924,1.757,67.091,24.048,3.814,160,0,Low
WAP7-1033,WAP7,CR,2011,37,196,34,80.553,3.248,2.452,94.318,76.96,60.677,948.566,307.4,1.917,70.695,23.752,3.987,159,0,Low
WAP7-1033,WAP7,CR,2011,38,196,36,82.309,3.345,2.329,97.186,75.126,61.136,903.607,295.404,1.828,65.45,23.527,3.956,158,0,Low
WAP7-1033,WAP7,CR,2011,39,196,38,84.103,3.354,2.235,94.994,72.815,60.191,882.38,333.151,1.754,73.839,23.192,4.048,157,0,Low
WAP7-1033,WAP7,CR,2011,40,196,40,85.412,3.282,2.013,92.904,73.833,56.763,886.237,322.827,1.835,69.725,23.427,4.107,156,0,Low
WAP7-1033,WAP7,CR,2011,41,196,42,84.145,3.42,1.944,92.263,74.611,62.056,942.652,338.761,1.694,77.593,23.429,4.082,155,0,Low
WAP7-1033,WAP7,CR,2011,42,196,44,77.596,3.405,2.136,92.471,78.006,58.844,883.119,338.314,1.763,68.289,23.753,4.172,154,0,Low
WAP7-1033,WAP7,CR,2011,43,196,46,86.069,3.263,2.073,90.993,78.156,64.412,863.259,333.103,1.771,71.026,23.714,3.718,153,0,Low
WAP7-1033,WAP7,CR,2011,44,196,48,83.411,3.371,2.228,94.302,77.509,64.123,924.623,322.856,1.771,78.904,24.278,4.031,152,0,Low
WAP7-1033,WAP7,CR,2011,45,196,50,75.921,3.482,2.173,92.12,74.893,65.523,913.606,311.242,1.705,71.751,24.078,3.85,151,0,Low
WAP7-1033,WAP7,CR,2011,46,196,52,82.662,3.273,2.582,94.499,79.44,60.609,894.633,339.15,1.85,71.032,23.912,4.026,150,0,Low
WAP7-1033,WAP7,CR,2011,47,196,54,85.819,3.365,2.436,94.308,79.053,61.908,890.24,309.883,1.571,77.547,23.712,4.11,149,0,Low
WAP7-1033,WAP7,CR,2011,48,196,56,82.232,3.48,2.07,95.104,80.008,60.664,891.926,330.738,1.813,66.677,24.116,4.251,148,0,Low
WAP7-1033,WAP7,CR,2011,49,196,58,86.61,3.248,1.849,90.438,78.933,58.867,922.618,318.409,1.773,75.848,23.065,4.212,147,0,Low
WAP7-1033,WAP7,CR,2011,50,196,60,84.07,3.165,1.78,93.828,74.628,58.274,946.696,320.136,1.715,73.839,23.663,4.319,146,0,Low
WAP7-1033,WAP7,CR,2011,51,196,62,82.264,3.256,2.346,92.96,75.143,59.572,867.838,325.33,1.763,72.525,24.35,4.003,145,0,Low
WAP7-1033,WAP7,CR,2011,52,196,64,83.376,3.258,1.733,92.81,74.961,59.728,889.16,319.365,1.725,70.655,23.876,4.14,144,0,Low
WAP7-1033,WAP7,CR,2011,53,196,66,85.301,3.334,2.104,94.791,78.896,63.749,899.424,335.385,1.771,70.686,23.481,3.819,143,0,Low
WAP7-1033,WAP7,CR,2011,54,196,68,83.893,3.47,2.683,95.501,76.091,57.348,885.798,335.38,1.738,69.508,24.166,3.95,142,0,Low
WAP7-1033,WAP7,CR,2011,55,196,70,85.205,3.468,2.277,94.94,76.619,61.682,902.161,326.847,1.907,83.991,23.012,4.085,141,0,Low
WAP7-1033,WAP7,CR,2011,56,196,72,84.739,3.144,1.926,91.755,77.961,61.165,904.317,335.162,1.6,66.138,22.993,3.995,140,0,Low
WAP7-1033,WAP7,CR,2011,57,196,74,85.298,3.248,1.946,94.544,75.848,57.831,875.207,326.978,1.675,78.277,24.01,3.977,139,0,Low
WAP7-1033,WAP7,CR,2011,58,196,76,79.305,3.651,1.54,94.054,73.193,59.708,884.327,316.129,1.74,71.317,24.352,4.036,138,0,Low
WAP7-1033,WAP7,CR,2011,59,196,78,85.588,3.391,2.32,92.808,75.363,60.911,877.489,328.005,1.651,77.253,24.043,4.08,137,0,Low
WAP7-1033,WAP7,CR,2011,60,196,80,78.089,3.439,2.154,91.574,74.589,61.751,909.991,319.334,1.82,70.291,23.45,4.237,136,0,Low
WAP7-1033,WAP7,CR,2011,61,196,82,81.054,3.419,2.49,92.865,77.947,59.762,887.191,327.807,1.757,79.423,23.466,4.22,135,0,Low
WAP7-1033,WAP7,CR,2011,62,196,84,88.515,3.181,1.91,89.956,77.907,61.193,895.531,318.314,1.758,64.895,23.319,4.14,134,0,Low
WAP7-1033,WAP7,CR,2011,63,196,86,88.655,3.411,2.142,93.659,76.605,58.025,908.334,316.901,1.639,63.429,23.963,4.348,133,0,Low
WAP7-1033,WAP7,CR,2011,64,196,88,85.395,3.38,2.269,92.301,75.888,59.871,918.288,330.162,1.789,69.117,23.108,4.261,132,0,Low
WAP7-1033,WAP7,CR,2011,65,196,90,86.142,3.262,2.085,91.46,79.202,61.298,891.397,322.648,1.654,71.787,23.561,4.291,131,0,Low
WAP7-1033,WAP7,CR,2011,66,196,92,84.502,3.255,2.457,94.7,76.073,59.746,866.151,318.638,1.833,61.515,23.356,4.187,130,0,Low
WAP7-1033,WAP7,CR,2011,67,196,94,81.759,3.468,2.26,91.979,77.422,61.364,885.973,314.848,1.761,71.874,22.92,4.382,129,0,Low
WAP7-1033,WAP7,CR,2011,68,196,96,89.613,3.292,2.237,94.29,75.404,61.134,899.995,341.426,1.762,71.495,23.885,4.148,128,0,Low
WAP7-1033,WAP7,CR,2011,69,196,98,83.074,3.046,1.95,90.057,73.925,64.728,885.262,329.137,1.68,71.458,23.675,4.219,127,0,Low
WAP7-1033,WAP7,CR,2011,70,196,100,87.523,3.541,2.135,94.081,75.52,63.152,946.344,316.312,1.65,69.834,23.919,4.417,126,0,Low
WAP7-1033,WAP7,CR,2011,71,196,102,87.285,3.542,1.667,92.741,75.614,57.301,859.859,332.37,1.925,71.929,23.61,4.238,125,0,Low
WAP7-1033,WAP7,CR,2011,72,196,104,79.164,3.272,2.075,92.493,81.206,62.252,841.943,336.165,1.681,65.575,24.015,4.068,124,0,Low
WAP7-1033,WAP7,CR,2011,73,196,106,84.025,3.359,2.283,91.471,79.167,58.774,921.166,313.752,1.728,68.299,23.772,3.684,123,0,Low
WAP7-1033,WAP7,CR,2011,74,196,108,82.296,3.315,2.279,92.756,78.96,60.945,902.0,314.83,1.738,75.11,24.037,4.13,122,0,Low
WAP7-1033,WAP7,CR,2011,75,196,110,84.608,3.42,1.972,94.257,76.476,59.062,877.338,322.507,1.646,67.996,24.319,3.845,121,0,Low
WAP7-1033,WAP7,CR,2011,76,196,112,86.157,3.132,2.398,90.87,75.394,61.643,881.226,345.668,1.805,69.845,23.004,3.892,120,0,Low
WAP7-1033,WAP7,CR,2011,77,196,114,83.093,3.426,2.446,90.461,74.461,62.217,880.213,318.437,1.675,70.1,23.543,4.391,119,0,Low
WAP7-1033,WAP7,CR,2011,78,196,116,86.114,3.573,1.819,88.035,77.248,62.248,877.828,321.691,1.663,75.15,23.97,4.176,118,0,Low
WAP7-1033,WAP7,CR,2011,79,196,118,77.068,3.365,2.701,91.246,74.449,59.11,914.388,328.039,1.705,70.528,23.839,4.24,117,0,Low
WAP7-1033,WAP7,CR,2011,80,196,120,86.778,3.544,2.749,93.906,77.291,57.077,895.666,326.154,1.574,64.235,23.93,3.938,116,0,Low
WAP7-1033,WAP7,CR,2011,81,196,122,85.971,3.477,2.076,94.778,78.168,59.622,885.864,330.321,1.707,74.046,24.293,4.172,115,0,Low
WAP7-1033,WAP7,CR,2011,82,196,124,93.956,3.453,2.884,92.74,76.351,61.885,853.461,312.853,1.624,67.307,23.653,3.787,114,0,Low
WAP7-1033,WAP7,CR,2011,83,196,126,82.283,3.19,1.929,93.693,79.151,61.299,888.071,342.372,1.68,72.96,23.162,3.788,113,0,Low
WAP7-1033,WAP7,CR,2011,84,196,128,84.395,3.252,2.205,95.343,77.383,60.018,888.087,316.799,1.731,76.983,23.277,3.904,112,0,Low
WAP7-1033,WAP7,CR,2011,85,196,130,87.72,3.382,2.47,93.021,75.142,60.79,891.632,346.064,1.718,78.302,23.717,4.037,111,0,Low
WAP7-1033,WAP7,CR,2011,86,196,132,85.984,3.314,2.53,92.667,75.1,60.12,899.122,309.6,1.662,74.362,23.425,4.238,110,0,Low
WAP7-1033,WAP7,CR,2011,87,196,134,87.389,3.391,1.879,89.543,76.544,63.841,878.685,344.943,1.732,70.828,23.664,3.815,109,0,Low
WAP7-1033,WAP7,CR,2011,88,196,136,87.131,3.741,1.822,93.072,78.035,63.423,894.022,331.519,1.733,74.65,24.093,4.093,108,0,Low
WAP7-1033,WAP7,CR,2011,89,196,138,86.573,3.357,3.009,92.911,83.991,60.747,885.249,330.699,1.68,67.124,23.667,4.013,107,0,Low
WAP7-1033,WAP7,CR,2011,90,196,140,87.32,3.42,2.23,93.182,77.594,62.241,906.965,314.215,1.684,73.599,23.629,4.072,106,0,Low
WAP7-1033,WAP7,CR,2011,91,196,142,80.077,3.388,2.26,92.439,78.64,60.461,901.761,331.922,1.585,72.808,23.661,3.777,105,0,Low
WAP7-1033,WAP7,CR,2011,92,196,144,84.145,3.36,2.543,90.433,76.691,61.866,893.001,325.566,1.71,75.47,23.163,3.441,104,0,Low
WAP7-1033,WAP7,CR,2011,93,196,146,87.646,3.312,1.971,94.169,80.273,59.493,874.626,321.309,1.722,69.626,24.409,3.917,103,0,Low
WAP7-1033,WAP7,CR,2011,94,196,148,88.449,3.206,2.079,90.74,77.345,61.516,896.604,344.608,1.616,62.215,23.3,4.254,102,0,Low
WAP7-1033,WAP7,CR,2011,95,196,150,85.44,3.303,2.358,93.083,75.146,58.995,907.059,334.657,1.571,69.457,23.706,4.411,101,0,Low
WAP7-1033,WAP7,CR,2011,96,196,152,84.253,3.135,2.673,91.181,76.881,61.578,904.28,319.582,1.878,80.433,23.33,3.884,100,0,Low
WAP7-1033,WAP7,CR,2011,97,196,154,84.493,3.089,2.192,94.647,77.633,67.346,879.48,332.943,1.492,75.32,23.319,3.892,99,0,Low
WAP7-1033,WAP7,CR,2011,98,196,156,82.814,3.131,2.248,93.971,72.255,61.942,894.878,334.769,1.667,79.93,23.81,4.043,98,0,Low
WAP7-1033,WAP7,CR,2011,99,196,158,84.016,3.259,2.392,91.564,80.101,59.272,918.29,313.968,1.691,69.132,23.553,3.925,97,0,Low
WAP7-1033,WAP7,CR,2011,100,196,160,87.558,3.236,1.872,94.875,71.234,65.61,879.688,335.453,1.645,78.236,23.739,4.149,96,0,Low
WAP7-1033,WAP7,CR,2011,101,196,162,86.75,3.452,2.142,90.304,78.639,64.399,876.518,323.501,1.69,80.516,23.817,3.845,95,0,Low
WAP7-1033,WAP7,CR,2011,102,196,164,87.082,3.31,2.279,91.202,80.449,59.095,883.804,320.603,1.564,79.177,24.001,4.263,94,0,Low
WAP7-1033,WAP7,CR,2011,103,196,166,87.389,3.368,1.804,91.356,76.419,63.393,873.79,320.869,1.658,72.761,24.08,4.08,93,0,Low
WAP7-1033,WAP7,CR,2011,104,196,168,85.421,2.963,2.117,89.787,76.594,61.555,887.865,328.714,1.617,83.665,22.716,3.757,92,0,Low
WAP7-1033,WAP7,CR,2011,105,196,170,87.68,3.194,2.454,93.295,80.877,62.359,899.157,330.539,1.717,68.591,23.619,4.371,91,0,Low
WAP7-1033,WAP7,CR,2011,106,196,172,83.189,3.311,2.419,94.552,84.775,60.862,895.863,332.958,1.752,73.298,23.853,4.37,90,0,Low
WAP7-1033,WAP7,CR,2011,107,196,174,87.538,3.079,2.188,91.88,75.636,61.833,890.962,314.293,1.75,71.535,23.456,4.332,89,0,Low
WAP7-1033,WAP7,CR,2011,108,196,176,83.941,2.996,2.129,92.861,78.12,59.69,882.983,329.726,1.674,76.523,23.835,4.166,88,0,Low
WAP7-1033,WAP7,CR,2011,109,196,178,85.656,3.276,2.374,92.846,80.173,61.583,893.435,331.442,1.69,71.623,23.771,4.073,87,0,Low
WAP7-1033,WAP7,CR,2011,110,196,180,86.198,3.173,1.949,92.883,77.04,62.043,880.165,321.807,1.828,77.302,23.449,4.142,86,0,Low
WAP7-1033,WAP7,CR,2011,111,196,0,83.219,3.376,2.483,92.421,79.568,61.65,923.971,319.286,1.719,73.262,23.417,3.901,85,0,Low
WAP7-1033,WAP7,CR,2011,112,196,2,86.438,2.848,2.027,88.552,76.882,61.106,868.554,330.368,1.687,66.992,23.256,3.836,84,0,Low
WAP7-1033,WAP7,CR,2011,113,196,4,87.324,3.276,2.635,93.161,71.558,62.569,864.583,334.433,1.523,79.502,23.674,3.813,83,0,Low
WAP7-1033,WAP7,CR,2011,114,196,6,80.355,3.326,1.921,92.441,74.205,61.81,887.754,338.723,1.576,70.462,23.845,4.286,82,0,Low
WAP7-1033,WAP7,CR,2011,115,196,8,87.147,3.457,2.396,90.467,76.97,60.624,859.932,342.63,1.645,63.568,23.586,4.564,81,0,Low
WAP7-1033,WAP7,CR,2011,116,196,10,88.391,3.22,2.207,93.787,81.21,61.173,925.829,314.753,1.721,71.492,23.543,3.971,80,0,Low
WAP7-1033,WAP7,CR,2011,117,196,12,90.291,3.183,2.776,94.367,78.643,62.843,899.582,315.595,1.67,68.644,23.043,3.956,79,0,Low
WAP7-1033,WAP7,CR,2011,118,196,14,89.816,3.273,2.646,88.77,76.056,62.24,879.075,334.625,1.677,72.98,22.982,3.755,78,0,Low
WAP7-1033,WAP7,CR,2011,119,196,16,83.438,3.025,2.824,94.912,75.989,62.661,891.188,318.902,1.665,67.149,23.224,3.917,77,0,Low
WAP7-1033,WAP7,CR,2011,120,196,18,88.582,3.049,1.904,92.662,78.274,59.821,906.178,330.973,1.551,72.061,23.145,4.227,76,0,Low
WAP7-1033,WAP7,CR,2011,121,196,20,86.165,3.341,2.078,91.983,77.867,62.869,875.765,332.465,1.74,69.998,24.009,4.077,75,0,Low
WAP7-1033,WAP7,CR,2011,122,196,22,88.54,3.163,2.554,89.874,82.984,62.341,888.539,326.041,1.541,67.534,24.239,3.984,74,0,Low
WAP7-1033,WAP7,CR,2011,123,196,24,85.787,3.263,2.254,92.756,81.904,60.654,853.088,335.835,1.851,78.096,23.264,3.862,73,0,Low
WAP7-1033,WAP7,CR,2011,124,196,26,85.071,3.471,2.447,90.77,80.239,65.015,913.218,342.759,1.604,68.121,23.305,3.711,72,0,Low
WAP7-1033,WAP7,CR,2011,125,196,28,90.06,3.249,2.365,90.488,81.112,60.343,855.203,326.626,1.688,75.679,22.846,3.943,71,0,Low
WAP7-1033,WAP7,CR,2011,126,196,30,84.219,3.133,3.0,92.125,82.612,65.68,907.558,345.986,1.354,74.562,24.086,4.125,70,0,Low
WAP7-1033,WAP7,CR,2011,127,196,32,87.867,3.097,2.564,93.567,77.89,67.013,869.776,331.989,1.623,72.904,24.188,4.168,69,0,Low
WAP7-1033,WAP7,CR,2011,128,196,34,89.989,3.241,2.686,90.326,77.56,62.599,947.641,331.302,1.738,71.073,23.328,3.962,68,0,Low
WAP7-1033,WAP7,CR,2011,129,196,36,85.86,3.114,2.408,90.34,73.696,64.626,888.768,315.124,1.636,70.201,23.103,3.805,67,0,Low
WAP7-1033,WAP7,CR,2011,130,196,38,91.678,3.238,2.78,92.295,81.13,63.911,877.563,309.425,1.746,63.621,23.783,4.214,66,0,Low
WAP7-1033,WAP7,CR,2011,131,196,40,84.494,3.332,2.426,89.868,79.699,62.677,886.237,336.093,1.691,74.474,24.203,4.199,65,0,Low
WAP7-1033,WAP7,CR,2011,132,196,42,86.248,3.153,2.515,92.276,78.178,65.843,878.794,330.463,1.509,69.898,24.157,4.165,64,0,Low
WAP7-1033,WAP7,CR,2011,133,196,44,86.46,3.364,2.662,92.972,74.544,62.381,880.821,328.571,1.656,69.605,22.802,4.279,63,0,Low
WAP7-1033,WAP7,CR,2011,134,196,46,85.773,3.218,2.171,91.374,77.573,67.347,899.73,336.643,1.504,74.194,23.5,4.128,62,0,Low
WAP7-1033,WAP7,CR,2011,135,196,48,82.536,3.275,2.316,92.107,73.973,65.224,888.64,339.16,1.724,74.688,22.693,3.982,61,0,Low
WAP7-1033,WAP7,CR,2011,136,196,50,87.16,3.163,2.852,92.692,79.605,62.063,906.257,346.239,1.593,67.961,23.786,3.797,60,0,Medium
WAP7-1033,WAP7,CR,2011,137,196,52,84.125,3.087,2.553,91.07,75.303,64.107,874.502,315.657,1.769,65.695,23.218,3.975,59,0,Medium
WAP7-1033,WAP7,CR,2011,138,196,54,84.752,3.012,2.427,90.161,76.664,61.985,882.16,341.533,1.731,73.358,23.694,3.694,58,0,Medium
WAP7-1033,WAP7,CR,2011,139,196,56,87.452,3.087,2.085,91.478,74.717,63.357,890.409,319.345,1.605,80.795,24.776,4.066,57,0,Medium
WAP7-1033,WAP7,CR,2011,140,196,58,90.957,3.264,2.875,90.719,78.53,58.898,889.818,315.228,1.691,70.082,23.348,3.771,56,0,Medium
WAP7-1033,WAP7,CR,2011,141,196,60,85.11,3.054,2.634,93.369,76.68,62.319,864.275,336.674,1.486,68.189,24.272,3.847,55,0,Medium
WAP7-1033,WAP7,CR,2011,142,196,62,89.973,3.156,3.06,93.569,79.748,62.403,889.361,356.607,1.691,63.454,23.224,3.846,54,0,Medium
WAP7-1033,WAP7,CR,2011,143,196,64,88.75,3.159,2.452,91.876,78.6,62.548,867.263,339.17,1.56,71.895,23.111,3.977,53,0,Medium
WAP7-1033,WAP7,CR,2011,144,196,66,85.343,3.225,2.838,93.255,75.488,64.282,899.053,336.248,1.604,68.823,23.201,3.914,52,0,Medium
WAP7-1033,WAP7,CR,2011,145,196,68,87.983,3.117,2.293,91.49,83.618,61.525,876.109,331.891,1.719,71.187,23.22,4.137,51,0,Medium
WAP7-1033,WAP7,CR,2011,146,196,70,88.027,3.019,2.2,89.55,75.83,63.4,860.324,323.889,1.577,68.969,23.323,3.818,50,0,Medium
WAP7-1033,WAP7,CR,2011,147,196,72,89.403,3.23,2.35,90.928,77.375,62.175,917.925,335.685,1.57,80.517,24.086,4.091,49,0,Medium
WAP7-1033,WAP7,CR,2011,148,196,74,85.998,3.217,2.99,94.546,81.056,63.792,895.191,342.003,1.454,69.138,23.156,3.928,48,0,Medium
WAP7-1033,WAP7,CR,2011,149,196,76,89.403,3.003,2.399,91.358,78.695,61.978,885.348,331.475,1.646,68.833,24.009,4.14,47,0,Medium
WAP7-1033,WAP7,CR,2011,150,196,78,85.795,3.145,2.633,94.242,82.129,61.527,871.52,329.281,1.595,75.011,23.452,4.405,46,0,Medium
WAP7-1033,WAP7,CR,2011,151,196,80,84.328,3.327,3.022,91.983,77.35,62.618,897.497,329.612,1.64,67.57,23.907,4.25,45,0,Medium
WAP7-1033,WAP7,CR,2011,152,196,82,84.743,2.985,2.424,92.577,78.451,64.615,890.906,337.492,1.581,63.089,23.563,3.78,44,0,Medium
WAP7-1033,WAP7,CR,2011,153,196,84,92.083,3.103,2.674,91.993,77.043,63.951,872.466,322.753,1.625,70.067,23.271,3.906,43,0,Medium
WAP7-1033,WAP7,CR,2011,154,196,86,88.414,2.724,2.774,93.454,76.615,62.433,916.514,324.652,1.502,57.855,23.64,4.073,42,0,Medium
WAP7-1033,WAP7,CR,2011,155,196,88,86.002,2.989,2.509,90.678,82.742,59.248,898.481,332.439,1.501,71.54,23.442,4.132,41,0,Medium
WAP7-1033,WAP7,CR,2011,156,196,90,85.105,3.117,2.88,88.55,77.641,62.617,892.516,325.312,1.599,69.427,23.256,3.931,40,0,Medium
WAP7-1033,WAP7,CR,2011,157,196,92,90.334,2.889,1.889,91.942,84.949,67.765,920.867,327.446,1.56,61.798,23.774,4.028,39,0,Medium
WAP7-1033,WAP7,CR,2011,158,196,94,93.066,3.046,2.821,94.214,76.281,61.478,890.417,324.591,1.677,68.365,22.832,3.814,38,0,Medium
WAP7-1033,WAP7,CR,2011,159,196,96,91.121,3.34,2.807,93.236,79.465,66.274,952.376,315.459,1.638,76.975,23.463,4.254,37,0,Medium
WAP7-1033,WAP7,CR,2011,160,196,98,83.367,3.094,3.017,91.182,77.587,65.803,880.256,324.29,1.617,81.362,24.031,3.953,36,0,Medium
WAP7-1033,WAP7,CR,2011,161,196,100,88.08,2.915,2.788,88.567,78.734,61.095,914.528,316.487,1.589,75.017,23.743,3.763,35,0,Medium
WAP7-1033,WAP7,CR,2011,162,196,102,86.646,3.125,2.932,90.07,76.824,64.383,900.185,341.511,1.498,71.139,23.832,4.075,34,0,Medium
WAP7-1033,WAP7,CR,2011,163,196,104,91.075,3.311,2.436,89.761,82.123,64.42,872.087,338.22,1.516,70.482,23.642,3.771,33,0,Medium
WAP7-1033,WAP7,CR,2011,164,196,106,83.151,3.312,2.484,92.593,82.366,68.261,860.828,332.224,1.59,72.805,23.374,4.316,32,0,Medium
WAP7-1033,WAP7,CR,2011,165,196,108,92.602,3.063,2.619,92.873,81.918,63.731,887.34,343.267,1.565,75.346,23.475,3.924,31,0,Medium
WAP7-1033,WAP7,CR,2011,166,196,110,103.425,2.246,5.053,83.277,90.576,73.562,827.39,359.091,1.021,65.282,22.327,3.537,30,1,High
WAP7-1033,WAP7,CR,2011,167,196,112,98.425,2.233,4.854,83.859,86.912,72.609,839.632,358.878,1.239,67.511,22.738,3.094,29,1,High
WAP7-1033,WAP7,CR,2011,168,196,114,105.593,2.476,5.152,85.998,84.452,75.814,871.34,362.347,1.088,80.621,22.3,2.673,28,1,High
WAP7-1033,WAP7,CR,2011,169,196,116,104.743,2.175,5.419,86.092,90.909,74.048,883.688,371.005,1.096,72.564,22.512,3.428,27,1,High
WAP7-1033,WAP7,CR,2011,170,196,118,104.024,2.218,5.421,85.186,90.628,75.604,839.522,356.309,1.129,67.011,21.665,2.936,26,1,High
WAP7-1033,WAP7,CR,2011,171,196,120,105.621,1.97,4.902,85.272,89.523,72.518,832.273,356.364,1.135,62.776,22.583,3.059,25,1,High
WAP7-1033,WAP7,CR,2011,172,196,122,104.967,2.137,5.249,84.071,89.864,71.351,832.017,367.299,1.154,83.242,22.045,2.897,24,1,High
WAP7-1033,WAP7,CR,2011,173,196,124,98.836,1.953,4.986,86.035,87.375,76.717,831.857,365.347,1.028,73.158,22.609,3.388,23,1,High
WAP7-1033,WAP7,CR,2011,174,196,126,105.798,2.17,5.084,84.704,86.277,73.856,839.608,363.844,1.184,60.652,21.959,3.044,22,1,High
WAP7-1033,WAP7,CR,2011,175,196,128,107.991,2.011,5.009,86.724,93.167,75.891,860.447,389.074,1.023,74.596,21.576,3.072,21,1,High
WAP7-1033,WAP7,CR,2011,176,196,130,108.503,1.812,5.473,85.14,89.425,74.478,830.05,365.696,0.918,87.235,22.233,3.046,20,1,High
WAP7-1033,WAP7,CR,2011,177,196,132,108.197,1.89,5.403,84.55,90.049,75.307,800.124,384.373,1.018,63.178,22.175,3.052,19,1,High
WAP7-1033,WAP7,CR,2011,178,196,134,106.453,1.888,5.483,83.718,96.81,72.869,849.232,394.315,1.044,78.064,21.633,2.916,18,1,High
WAP7-1033,WAP7,CR,2011,179,196,136,108.684,1.775,6.047,82.618,94.583,74.085,843.089,358.437,0.935,72.51,20.856,3.234,17,1,High
WAP7-1033,WAP7,CR,2011,180,196,138,112.476,1.915,6.112,82.383,90.843,81.242,822.282,377.895,0.946,68.902,21.42,2.668,16,1,High
WAP7-1033,WAP7,CR,2011,181,196,140,108.376,1.432,5.703,81.492,94.327,79.338,822.744,353.213,0.903,77.024,21.386,3.053,15,1,High
WAP7-1033,WAP7,CR,2011,182,196,142,111.109,1.724,6.441,80.689,94.901,80.682,814.856,380.344,0.719,68.717,21.454,2.936,14,1,High
WAP7-1033,WAP7,CR,2011,183,196,144,114.085,1.725,6.895,79.882,97.316,82.16,801.819,398.815,0.881,72.981,21.354,2.594,13,1,High
WAP7-1033,WAP7,CR,2011,184,196,146,116.032,1.668,6.763,79.837,95.884,81.145,843.932,390.111,0.899,72.091,20.733,2.455,12,1,High
WAP7-1033,WAP7,CR,2011,185,196,148,109.819,1.484,7.321,80.1,98.468,83.262,805.651,400.067,0.905,77.258,21.379,3.078,11,1,High
WAP7-1033,WAP7,CR,2011,186,196,150,117.089,1.778,7.124,81.439,97.64,80.023,830.767,398.958,0.911,74.083,20.888,2.758,10,1,Critical
WAP7-1033,WAP7,CR,2011,187,196,152,121.403,1.485,7.206,78.433,99.337,85.167,787.754,404.509,0.81,69.978,21.089,3.028,9,1,Critical
WAP7-1033,WAP7,CR,2011,188,196,154,122.404,1.335,7.884,77.485,98.731,87.232,783.528,395.489,0.774,76.056,20.773,2.554,8,1,Critical
WAP7-1033,WAP7,CR,2011,189,196,156,122.131,1.247,7.646,77.246,105.132,86.761,753.633,393.905,0.763,63.771,20.632,2.568,7,1,Critical
WAP7-1033,WAP7,CR,2011,190,196,158,121.87,1.2,7.338,76.055,101.404,89.22,778.754,410.77,0.576,69.289,19.719,2.108,6,1,Critical
WAP7-1033,WAP7,CR,2011,191,196,160,121.471,1.342,8.597,76.351,106.151,87.328,803.615,413.253,0.731,66.958,20.243,2.406,5,1,Critical
WAP7-1033,WAP7,CR,2011,192,196,162,122.284,1.071,8.54,77.23,104.743,91.669,795.044,426.191,0.553,71.302,19.418,2.556,4,1,Critical
WAP7-1033,WAP7,CR,2011,193,196,164,126.771,0.991,8.586,72.562,109.778,92.347,766.559,418.658,0.527,73.097,20.382,2.328,3,1,Critical
WAP7-1033,WAP7,CR,2011,194,196,166,131.261,0.862,9.0,72.293,109.186,94.689,800.487,418.995,0.5,74.466,20.186,2.268,2,1,Critical
WAP7-1033,WAP7,CR,2011,195,196,168,135.092,0.899,8.837,73.108,110.479,92.162,774.612,436.429,0.526,75.221,19.87,2.228,1,1,Critical
WAP7-1033,WAP7,CR,2011,196,196,170,135.76,0.654,9.0,73.504,110.854,98.525,749.501,433.952,0.5,75.571,20.282,2.357,0,1,Critical
WDP4B-1034,WDP4B,CR,2013,1,157,-6,83.15,3.692,1.602,91.804,76.239,62.299,885.518,316.001,1.81,80.516,24.117,4.025,156,0,Low
WDP4B-1034,WDP4B,CR,2013,2,157,-4,83.482,3.55,1.739,92.702,78.049,56.995,892.804,313.103,1.684,79.177,24.301,4.443,155,0,Low
WDP4B-1034,WDP4B,CR,2013,3,157,-2,83.789,3.608,1.264,92.856,74.019,61.293,882.79,313.369,1.778,72.761,24.38,4.26,154,0,Low
WDP4B-1034,WDP4B,CR,2013,4,157,0,81.821,3.203,1.577,91.287,74.194,59.455,896.865,321.214,1.737,83.665,23.016,3.937,153,0,Low
WDP4B-1034,WDP4B,CR,2013,5,157,2,84.08,3.434,1.914,94.795,78.477,60.259,908.157,323.039,1.837,68.591,23.919,4.551,152,0,Low
WDP4B-1034,WDP4B,CR,2013,6,157,4,79.589,3.551,1.879,96.052,82.375,58.762,904.863,325.458,1.872,73.298,24.153,4.55,151,0,Low
WDP4B-1034,WDP4B,CR,2013,7,157,6,83.938,3.319,1.648,93.38,73.236,59.733,899.962,306.793,1.87,71.535,23.756,4.512,150,0,Low
WDP4B-1034,WDP4B,CR,2013,8,157,8,80.341,3.236,1.589,94.361,75.72,57.59,891.983,322.226,1.794,76.523,24.135,4.346,149,0,Low
WDP4B-1034,WDP4B,CR,2013,9,157,10,82.056,3.516,1.834,94.346,77.773,59.483,902.435,323.942,1.81,71.623,24.071,4.253,148,0,Low
WDP4B-1034,WDP4B,CR,2013,10,157,12,82.598,3.413,1.409,94.383,74.64,59.943,889.165,314.307,1.948,77.302,23.749,4.322,147,0,Low
WDP4B-1034,WDP4B,CR,2013,11,157,14,79.619,3.616,1.943,93.921,77.168,59.55,932.971,311.786,1.839,73.262,23.717,4.081,146,0,Low
WDP4B-1034,WDP4B,CR,2013,12,157,16,82.838,3.088,1.487,90.052,74.482,59.006,877.554,322.868,1.807,66.992,23.556,4.016,145,0,Low
WDP4B-1034,WDP4B,CR,2013,13,157,18,83.724,3.516,2.095,94.661,69.158,60.469,873.583,326.933,1.643,79.502,23.974,3.993,144,0,Low
WDP4B-1034,WDP4B,CR,2013,14,157,20,76.755,3.566,1.381,93.941,71.805,59.71,896.754,331.223,1.696,70.462,24.145,4.466,143,0,Low
WDP4B-1034,WDP4B,CR,2013,15,157,22,83.547,3.697,1.856,91.967,74.57,58.524,868.932,335.13,1.765,63.568,23.886,4.744,142,0,Low
WDP4B-1034,WDP4B,CR,2013,16,157,24,84.791,3.46,1.667,95.287,78.81,59.073,934.829,307.253,1.841,71.492,23.843,4.151,141,0,Low
WDP4B-1034,WDP4B,CR,2013,17,157,26,86.691,3.423,2.236,95.867,76.243,60.743,908.582,308.095,1.79,68.644,23.343,4.136,140,0,Low
WDP4B-1034,WDP4B,CR,2013,18,157,28,86.216,3.513,2.106,90.27,73.656,60.14,888.075,327.125,1.797,72.98,23.282,3.935,139,0,Low
WDP4B-1034,WDP4B,CR,2013,19,157,30,79.838,3.265,2.284,96.412,73.589,60.561,900.188,311.402,1.785,67.149,23.524,4.097,138,0,Low
WDP4B-1034,WDP4B,CR,2013,20,157,32,84.982,3.289,1.364,94.162,75.874,57.721,915.178,323.473,1.671,72.061,23.445,4.407,137,0,Low
WDP4B-1034,WDP4B,CR,2013,21,157,34,82.565,3.581,1.538,93.483,75.467,60.769,884.765,324.965,1.86,69.998,24.309,4.257,136,0,Low
WDP4B-1034,WDP4B,CR,2013,22,157,36,84.94,3.403,2.014,91.374,80.584,60.241,897.539,318.541,1.661,67.534,24.539,4.164,135,0,Low
WDP4B-1034,WDP4B,CR,2013,23,157,38,82.187,3.503,1.714,94.256,79.504,58.554,862.088,328.335,1.971,78.096,23.564,4.042,134,0,Low
WDP4B-1034,WDP4B,CR,2013,24,157,40,81.471,3.711,1.907,92.27,77.839,62.915,922.218,335.259,1.724,68.121,23.605,3.891,133,0,Low
WDP4B-1034,WDP4B,CR,2013,25,157,42,86.46,3.489,1.825,91.988,78.712,58.243,864.203,319.126,1.808,75.679,23.146,4.123,132,0,Low
WDP4B-1034,WDP4B,CR,2013,26,157,44,80.619,3.373,2.46,93.625,80.212,63.58,916.558,338.486,1.474,74.562,24.386,4.305,131,0,Low
WDP4B-1034,WDP4B,CR,2013,27,157,46,84.267,3.337,2.024,95.067,75.49,64.913,878.776,324.489,1.743,72.904,24.488,4.348,130,0,Low
WDP4B-1034,WDP4B,CR,2013,28,157,48,86.389,3.481,2.146,91.826,75.16,60.499,956.641,323.802,1.858,71.073,23.628,4.142,129,0,Low
WDP4B-1034,WDP4B,CR,2013,29,157,50,82.26,3.354,1.868,91.84,71.296,62.526,897.768,307.624,1.756,70.201,23.403,3.985,128,0,Low
WDP4B-1034,WDP4B,CR,2013,30,157,52,88.078,3.478,2.24,93.795,78.73,61.811,886.563,301.925,1.866,63.621,24.083,4.394,127,0,Low
WDP4B-1034,WDP4B,CR,2013,31,157,54,80.894,3.572,1.886,91.368,77.299,60.577,895.237,328.593,1.811,74.474,24.503,4.379,126,0,Low
WDP4B-1034,WDP4B,CR,2013,32,157,56,82.648,3.393,1.975,93.776,75.778,63.743,887.794,322.963,1.629,69.898,24.457,4.345,125,0,Low
WDP4B-1034,WDP4B,CR,2013,33,157,58,82.86,3.604,2.122,94.472,72.144,60.281,889.821,321.071,1.776,69.605,23.102,4.459,124,0,Low
WDP4B-1034,WDP4B,CR,2013,34,157,60,82.173,3.458,1.631,92.874,75.173,65.247,908.73,329.143,1.624,74.194,23.8,4.308,123,0,Low
WDP4B-1034,WDP4B,CR,2013,35,157,62,78.936,3.515,1.776,93.607,71.573,63.124,897.64,331.66,1.844,74.688,22.993,4.162,122,0,Low
WDP4B-1034,WDP4B,CR,2013,36,157,64,83.56,3.403,2.312,94.192,77.205,59.963,915.257,338.739,1.713,67.961,24.086,3.977,121,0,Low
WDP4B-1034,WDP4B,CR,2013,37,157,66,80.525,3.327,2.013,92.57,72.903,62.007,883.502,308.157,1.889,65.695,23.518,4.155,120,0,Low
WDP4B-1034,WDP4B,CR,2013,38,157,68,81.152,3.252,1.887,91.661,74.264,59.885,891.16,334.033,1.851,73.358,23.994,3.874,119,0,Low
WDP4B-1034,WDP4B,CR,2013,39,157,70,83.852,3.327,1.545,92.978,72.317,61.257,899.409,311.845,1.725,80.795,25.076,4.246,118,0,Low
WDP4B-1034,WDP4B,CR,2013,40,157,72,87.357,3.504,2.335,92.219,76.13,56.798,898.818,307.728,1.811,70.082,23.648,3.951,117,0,Low
WDP4B-1034,WDP4B,CR,2013,41,157,74,81.51,3.294,2.094,94.869,74.28,60.219,873.275,329.174,1.606,68.189,24.572,4.027,116,0,Low
WDP4B-1034,WDP4B,CR,2013,42,157,76,86.373,3.396,2.52,95.069,77.348,60.303,898.361,349.107,1.811,63.454,23.524,4.026,115,0,Low
WDP4B-1034,WDP4B,CR,2013,43,157,78,85.15,3.399,1.912,93.376,76.2,60.448,876.263,331.67,1.68,71.895,23.411,4.157,114,0,Low
WDP4B-1034,WDP4B,CR,2013,44,157,80,81.743,3.465,2.298,94.755,73.088,62.182,908.053,328.748,1.724,68.823,23.501,4.094,113,0,Low
WDP4B-1034,WDP4B,CR,2013,45,157,82,84.383,3.357,1.753,92.99,81.218,59.425,885.109,324.391,1.839,71.187,23.52,4.317,112,0,Low
WDP4B-1034,WDP4B,CR,2013,46,157,84,84.427,3.259,1.66,91.05,73.43,61.3,869.324,316.389,1.697,68.969,23.623,3.998,111,0,Low
WDP4B-1034,WDP4B,CR,2013,47,157,86,85.803,3.47,1.81,92.428,74.975,60.075,926.925,328.185,1.69,80.517,24.386,4.271,110,0,Low
WDP4B-1034,WDP4B,CR,2013,48,157,88,82.398,3.457,2.45,96.046,78.656,61.692,904.191,334.503,1.574,69.138,23.456,4.108,109,0,Low
WDP4B-1034,WDP4B,CR,2013,49,157,90,85.803,3.243,1.859,92.858,76.295,59.878,894.348,323.975,1.766,68.833,24.309,4.32,108,0,Low
WDP4B-1034,WDP4B,CR,2013,50,157,92,82.195,3.385,2.093,95.742,79.729,59.427,880.52,321.781,1.715,75.011,23.752,4.585,107,0,Low
WDP4B-1034,WDP4B,CR,2013,51,157,94,80.728,3.567,2.482,93.483,74.95,60.518,906.497,322.112,1.76,67.57,24.207,4.43,106,0,Low
WDP4B-1034,WDP4B,CR,2013,52,157,96,81.143,3.225,1.884,94.077,76.051,62.515,899.906,329.992,1.701,63.089,23.863,3.96,105,0,Low
WDP4B-1034,WDP4B,CR,2013,53,157,98,88.483,3.343,2.134,93.493,74.643,61.851,881.466,315.253,1.745,70.067,23.571,4.086,104,0,Low
WDP4B-1034,WDP4B,CR,2013,54,157,100,84.814,2.964,2.234,94.954,74.215,60.333,925.514,317.152,1.622,57.855,23.94,4.253,103,0,Low
WDP4B-1034,WDP4B,CR,2013,55,157,102,82.402,3.229,1.969,92.178,80.342,57.148,907.481,324.939,1.621,71.54,23.742,4.312,102,0,Low
WDP4B-1034,WDP4B,CR,2013,56,157,104,81.505,3.357,2.34,90.05,75.241,60.517,901.516,317.812,1.719,69.427,23.556,4.111,101,0,Low
WDP4B-1034,WDP4B,CR,2013,57,157,106,86.734,3.129,1.349,93.442,82.549,65.665,929.867,319.946,1.68,61.798,24.074,4.208,100,0,Low
WDP4B-1034,WDP4B,CR,2013,58,157,108,89.466,3.286,2.281,95.714,73.881,59.378,899.417,317.091,1.797,68.365,23.132,3.994,99,0,Low
WDP4B-1034,WDP4B,CR,2013,59,157,110,87.521,3.58,2.267,94.736,77.065,64.174,961.376,307.959,1.758,76.975,23.763,4.434,98,0,Low
WDP4B-1034,WDP4B,CR,2013,60,157,112,79.767,3.334,2.477,92.682,75.187,63.703,889.256,316.79,1.737,81.362,24.331,4.133,97,0,Low
WDP4B-1034,WDP4B,CR,2013,61,157,114,84.48,3.155,2.248,90.067,76.334,58.995,923.528,308.987,1.709,75.017,24.043,3.943,96,0,Low
WDP4B-1034,WDP4B,CR,2013,62,157,116,83.046,3.365,2.392,91.57,74.424,62.283,909.185,334.011,1.618,71.139,24.132,4.255,95,0,Low
WDP4B-1034,WDP4B,CR,2013,63,157,118,87.475,3.551,1.896,91.261,79.723,62.32,881.087,330.72,1.636,70.482,23.942,3.951,94,0,Low
WDP4B-1034,WDP4B,CR,2013,64,157,120,79.551,3.552,1.944,94.093,79.966,66.161,869.828,324.724,1.71,72.805,23.674,4.496,93,0,Low
WDP4B-1034,WDP4B,CR,2013,65,157,122,89.002,3.303,2.079,94.373,79.518,61.631,896.34,335.767,1.685,75.346,23.775,4.104,92,0,Low
WDP4B-1034,WDP4B,CR,2013,66,157,124,85.881,3.416,2.422,90.587,78.88,63.328,871.25,322.541,1.606,65.282,23.789,4.414,91,0,Low
WDP4B-1034,WDP4B,CR,2013,67,157,126,80.763,3.41,2.205,91.217,75.138,62.302,883.791,322.086,1.828,67.511,24.21,3.976,90,0,Low
WDP4B-1034,WDP4B,CR,2013,68,157,128,87.748,3.662,2.475,93.432,72.555,65.384,915.976,325.181,1.681,80.621,23.788,3.562,89,0,Low
WDP4B-1034,WDP4B,CR,2013,69,157,130,86.647,3.374,2.704,93.627,78.845,63.447,928.978,333.33,1.695,72.564,24.02,4.326,88,0,Low
WDP4B-1034,WDP4B,CR,2013,70,157,132,85.61,3.431,2.659,92.85,78.352,64.783,885.644,317.992,1.735,67.011,23.199,3.844,87,0,Low
WDP4B-1034,WDP4B,CR,2013,71,157,134,86.824,3.201,2.082,93.091,76.991,61.428,879.406,317.272,1.751,62.776,24.149,3.979,86,0,Low
WDP4B-1034,WDP4B,CR,2013,72,157,136,85.719,3.388,2.362,92.071,77.032,59.943,880.337,327.299,1.779,83.242,23.649,3.832,85,0,Low
WDP4B-1034,WDP4B,CR,2013,73,157,138,79.071,3.227,2.022,94.243,74.198,64.942,881.543,324.305,1.665,73.158,24.256,4.338,84,0,Low
WDP4B-1034,WDP4B,CR,2013,74,157,140,85.449,3.47,2.032,93.147,72.711,61.666,890.836,321.628,1.834,60.652,23.655,4.012,83,0,Low
WDP4B-1034,WDP4B,CR,2013,75,157,142,86.991,3.339,1.859,95.429,79.167,63.236,913.397,345.549,1.687,74.596,23.326,4.059,82,0,Low
WDP4B-1034,WDP4B,CR,2013,76,157,144,86.786,3.171,2.216,94.133,74.947,61.31,884.899,320.729,1.597,87.235,24.043,4.054,81,0,Low
WDP4B-1034,WDP4B,CR,2013,77,157,146,85.696,3.282,2.028,93.858,75.048,61.576,857.05,337.831,1.714,63.178,24.051,4.083,80,0,Low
WDP4B-1034,WDP4B,CR,2013,78,157,148,83.101,3.317,1.981,93.368,81.242,58.527,908.412,346.065,1.759,78.064,23.579,3.972,79,0,Low
WDP4B-1034,WDP4B,CR,2013,79,157,150,84.415,3.242,2.407,92.636,78.403,59.083,904.701,308.346,1.669,72.51,22.879,4.316,78,0,Low
WDP4B-1034,WDP4B,CR,2013,80,157,152,87.223,3.424,2.324,92.797,74.007,65.531,886.504,325.829,1.701,68.902,23.524,3.779,77,0,Low
WDP4B-1034,WDP4B,CR,2013,81,157,154,82.072,2.985,1.757,92.327,76.791,62.869,889.754,299.038,1.679,77.024,23.578,4.193,76,0,Low
WDP4B-1034,WDP4B,CR,2013,82,157,156,83.687,3.325,2.328,91.973,76.62,63.407,884.831,323.927,1.519,68.717,23.739,4.108,75,0,Low
WDP4B-1034,WDP4B,CR,2013,83,157,158,85.479,3.375,2.604,91.64,78.246,64.029,874.938,340.023,1.706,72.981,23.738,3.799,74,0,Low
WDP4B-1034,WDP4B,CR,2013,84,157,160,86.176,3.37,2.285,92.097,75.98,62.109,920.372,328.811,1.751,72.091,23.221,3.695,73,0,Low
WDP4B-1034,WDP4B,CR,2013,85,157,162,78.646,3.242,2.645,92.888,77.686,63.273,885.59,336.126,1.784,77.258,23.977,4.356,72,0,Low
WDP4B-1034,WDP4B,CR,2013,86,157,164,84.531,3.593,2.24,94.782,75.935,59.031,914.383,332.241,1.818,74.083,23.602,4.075,71,0,Low
WDP4B-1034,WDP4B,CR,2013,87,157,166,87.395,3.36,2.105,92.358,76.665,63.124,875.224,334.884,1.748,69.978,23.923,4.385,70,0,Low
WDP4B-1034,WDP4B,CR,2013,88,157,168,86.879,3.273,2.556,92.018,75.048,64.088,875.03,322.822,1.743,76.056,23.733,3.954,69,0,Low
WDP4B-1034,WDP4B,CR,2013,89,157,170,85.022,3.251,2.08,92.414,80.392,62.469,849.345,318.063,1.765,63.771,23.724,4.013,68,0,Low
WDP4B-1034,WDP4B,CR,2013,90,157,172,83.11,3.272,1.524,91.885,75.564,63.73,878.854,331.62,1.612,69.289,22.949,3.598,67,0,Low
WDP4B-1034,WDP4B,CR,2013,91,157,174,80.994,3.485,2.525,92.869,79.166,60.591,908.28,330.662,1.803,66.958,23.616,3.944,66,0,Low
WDP4B-1034,WDP4B,CR,2013,92,157,176,80.023,3.287,2.201,94.463,76.569,63.636,904.453,340.024,1.661,71.302,22.939,4.143,65,0,Low
WDP4B-1034,WDP4B,CR,2013,93,157,178,82.659,3.284,1.969,90.537,80.37,62.97,880.889,328.783,1.674,73.097,24.058,3.966,64,0,Low
WDP4B-1034,WDP4B,CR,2013,94,157,180,85.232,3.234,2.766,91.036,78.5,63.918,919.915,325.279,1.603,74.466,24.022,3.96,63,0,Low
WDP4B-1034,WDP4B,CR,2013,95,157,0,87.078,3.352,1.635,92.646,78.47,59.949,899.318,338.737,1.753,75.221,23.871,3.974,62,0,Low
WDP4B-1034,WDP4B,CR,2013,96,157,2,85.696,3.191,2.379,93.864,77.478,64.821,879.661,332.152,1.53,75.571,24.454,4.16,61,0,Low
WDP4B-1034,WDP4B,CR,2013,97,157,4,80.826,3.231,2.987,93.368,79.694,61.444,872.308,322.343,1.8,73.083,23.681,4.04,60,0,Medium
WDP4B-1034,WDP4B,CR,2013,98,157,6,89.29,3.271,3.029,93.459,75.31,59.973,876.274,333.517,1.636,76.714,23.916,4.338,59,0,Medium
WDP4B-1034,WDP4B,CR,2013,99,157,8,85.777,2.856,2.086,91.327,74.639,61.011,869.645,342.345,1.839,72.649,23.678,4.209,58,0,Medium
WDP4B-1034,WDP4B,CR,2013,100,157,10,82.207,3.205,2.154,91.419,76.077,59.223,909.151,334.896,1.725,70.462,23.304,4.161,57,0,Medium
WDP4B-1034,WDP4B,CR,2013,101,157,12,92.52,3.389,2.072,95.794,72.877,65.271,919.521,323.63,1.758,72.621,23.346,3.919,56,0,Medium
WDP4B-1034,WDP4B,CR,2013,102,157,14,81.72,3.219,2.501,89.289,77.214,63.785,866.581,331.515,1.566,66.324,23.545,4.266,55,0,Medium
WDP4B-1034,WDP4B,CR,2013,103,157,16,87.281,3.274,2.394,91.803,78.59,65.639,896.133,341.342,1.637,70.687,23.445,4.09,54,0,Medium
WDP4B-1034,WDP4B,CR,2013,104,157,18,81.594,3.132,2.912,92.994,77.71,61.86,880.018,334.046,1.651,77.298,23.135,3.665,53,0,Medium
WDP4B-1034,WDP4B,CR,2013,105,157,20,86.883,3.457,2.513,92.982,76.724,56.239,888.22,334.717,1.555,72.424,23.398,3.703,52,0,Medium
WDP4B-1034,WDP4B,CR,2013,106,157,22,86.657,3.141,2.675,92.456,72.775,60.77,919.591,325.75,1.732,66.468,23.567,4.048,51,0,Medium
WDP4B-1034,WDP4B,CR,2013,107,157,24,83.853,3.456,2.88,91.545,80.751,66.015,884.136,343.721,1.75,78.974,22.757,3.931,50,0,Medium
WDP4B-1034,WDP4B,CR,2013,108,157,26,91.609,3.156,2.736,92.65,76.299,62.534,887.175,330.689,1.704,69.618,23.41,3.968,49,0,Medium
WDP4B-1034,WDP4B,CR,2013,109,157,28,95.287,3.274,1.978,90.664,78.338,62.456,881.22,325.797,1.751,79.004,23.925,4.118,48,0,Medium
WDP4B-1034,WDP4B,CR,2013,110,157,30,81.864,3.294,1.754,93.824,82.523,66.326,893.249,336.337,1.488,70.95,23.601,3.937,47,0,Medium
WDP4B-1034,WDP4B,CR,2013,111,157,32,91.003,3.353,2.468,93.021,75.171,64.533,907.502,330.446,1.739,72.162,23.746,4.033,46,0,Medium
WDP4B-1034,WDP4B,CR,2013,112,157,34,86.676,2.956,2.047,92.51,80.396,60.185,838.455,322.566,1.627,76.289,24.115,3.864,45,0,Medium
WDP4B-1034,WDP4B,CR,2013,113,157,36,88.247,3.403,2.496,91.739,74.241,59.9,888.153,323.707,1.664,66.563,22.933,3.966,44,0,Medium
WDP4B-1034,WDP4B,CR,2013,114,157,38,85.491,3.308,2.732,93.909,77.605,59.992,805.031,326.007,1.921,73.862,23.374,4.108,43,0,Medium
WDP4B-1034,WDP4B,CR,2013,115,157,40,88.144,3.222,2.62,92.486,77.572,61.264,898.169,341.745,1.691,71.305,23.937,3.915,42,0,Medium
WDP4B-1034,WDP4B,CR,2013,116,157,42,81.587,2.955,2.362,89.698,76.396,60.817,927.138,344.703,1.535,71.197,23.566,4.169,41,0,Medium
WDP4B-1034,WDP4B,CR,2013,117,157,44,86.111,3.116,2.418,93.863,75.411,63.5,881.562,340.619,1.699,72.921,23.463,3.947,40,0,Medium
WDP4B-1034,WDP4B,CR,2013,118,157,46,89.456,3.243,2.157,92.94,78.293,63.13,881.954,337.972,1.597,72.206,23.279,3.942,39,0,Medium
WDP4B-1034,WDP4B,CR,2013,119,157,48,83.765,2.661,2.237,91.837,76.818,64.524,913.461,336.551,1.519,61.305,23.591,3.758,38,0,Medium
WDP4B-1034,WDP4B,CR,2013,120,157,50,86.15,2.887,2.608,89.379,76.518,60.892,895.186,309.924,1.496,69.827,23.336,4.028,37,0,Medium
WDP4B-1034,WDP4B,CR,2013,121,157,52,86.555,3.277,2.239,96.201,79.147,63.595,904.332,317.528,1.648,71.646,24.013,3.832,36,0,Medium
WDP4B-1034,WDP4B,CR,2013,122,157,54,82.167,3.267,2.719,93.068,81.081,60.496,897.087,308.801,1.704,70.358,23.353,4.009,35,0,Medium
WDP4B-1034,WDP4B,CR,2013,123,157,56,86.96,3.185,2.399,90.665,74.288,61.743,919.388,325.971,1.618,69.395,23.686,4.243,34,0,Medium
WDP4B-1034,WDP4B,CR,2013,124,157,58,84.624,3.408,2.438,90.737,78.023,65.978,895.838,332.188,1.74,67.296,23.431,4.05,33,0,Medium
WDP4B-1034,WDP4B,CR,2013,125,157,60,83.115,3.131,3.082,90.513,78.771,61.949,898.311,316.784,1.622,73.169,23.42,4.25,32,0,Medium
WDP4B-1034,WDP4B,CR,2013,126,157,62,86.893,2.973,2.396,93.152,76.974,63.251,872.195,329.32,1.77,69.597,23.629,3.917,31,0,Medium
WDP4B-1034,WDP4B,CR,2013,127,157,64,100.415,2.597,4.245,87.473,84.216,69.065,870.139,353.554,1.399,64.836,22.334,3.991,30,1,High
WDP4B-1034,WDP4B,CR,2013,128,157,66,91.477,2.423,3.982,88.629,88.97,63.722,848.566,346.649,1.366,77.481,23.011,3.497,29,1,High
WDP4B-1034,WDP4B,CR,2013,129,157,68,103.296,2.33,4.271,85.929,83.581,68.838,877.133,359.501,1.186,72.973,22.929,3.341,28,1,High
WDP4B-1034,WDP4B,CR,2013,130,157,70,98.526,2.436,3.748,88.184,85.072,68.067,865.798,373.277,1.336,76.571,23.468,3.574,27,1,High
WDP4B-1034,WDP4B,CR,2013,131,157,72,94.603,2.598,3.648,85.927,87.774,67.406,827.642,334.4,1.188,64.734,22.378,3.09,26,1,High
WDP4B-1034,WDP4B,CR,2013,132,157,74,95.623,2.51,4.249,86.344,88.138,71.583,819.368,343.535,1.151,69.922,22.129,3.423,25,1,High
WDP4B-1034,WDP4B,CR,2013,133,157,76,101.288,2.302,4.558,86.451,83.257,70.747,844.933,360.136,1.258,73.623,21.789,3.251,24,1,High
WDP4B-1034,WDP4B,CR,2013,134,157,78,100.146,2.534,4.26,85.061,86.935,69.552,816.786,361.895,1.236,82.173,22.993,3.29,23,1,High
WDP4B-1034,WDP4B,CR,2013,135,157,80,95.889,2.582,4.485,88.351,86.082,67.901,866.692,363.043,1.197,72.203,21.527,3.011,22,1,High
WDP4B-1034,WDP4B,CR,2013,136,157,82,103.05,2.214,4.73,87.526,87.983,76.682,833.469,342.632,1.078,61.744,22.883,3.11,21,1,High
WDP4B-1034,WDP4B,CR,2013,137,157,84,105.325,2.183,4.886,87.587,87.728,70.934,882.986,362.852,1.147,67.263,22.987,3.667,20,1,High
WDP4B-1034,WDP4B,CR,2013,138,157,86,102.28,2.205,4.857,88.422,86.937,72.618,820.983,383.477,1.059,76.3,22.269,3.178,19,1,High
WDP4B-1034,WDP4B,CR,2013,139,157,88,101.844,2.19,5.037,83.648,88.507,71.28,838.844,363.641,1.148,69.218,21.936,3.284,18,1,High
WDP4B-1034,WDP4B,CR,2013,140,157,90,105.202,2.305,5.465,83.914,90.843,74.861,803.46,375.774,1.133,78.449,22.011,3.785,17,1,High
WDP4B-1034,WDP4B,CR,2013,141,157,92,107.183,2.248,5.523,84.173,90.676,72.286,848.534,358.103,1.111,71.703,22.18,3.235,16,1,High
WDP4B-1034,WDP4B,CR,2013,142,157,94,103.704,2.023,5.741,83.339,93.886,74.969,782.145,383.506,1.178,75.668,21.966,3.282,15,1,High
WDP4B-1034,WDP4B,CR,2013,143,157,96,104.12,2.128,5.722,85.972,94.801,75.178,824.211,373.542,1.11,75.864,21.413,3.029,14,1,High
WDP4B-1034,WDP4B,CR,2013,144,157,98,103.75,2.082,5.409,83.643,91.918,75.1,832.914,381.067,1.104,71.083,21.374,2.961,13,1,High
WDP4B-1034,WDP4B,CR,2013,145,157,100,109.031,2.116,6.19,81.453,95.784,75.93,790.43,371.457,0.975,72.041,21.151,3.01,12,1,High
WDP4B-1034,WDP4B,CR,2013,146,157,102,106.147,1.867,6.244,80.657,93.657,77.038,832.572,380.147,1.022,70.187,21.319,2.855,11,1,High
WDP4B-1034,WDP4B,CR,2013,147,157,104,112.515,1.883,6.441,78.929,91.499,77.651,859.043,401.642,0.978,73.355,21.703,3.248,10,1,Critical
WDP4B-1034,WDP4B,CR,2013,148,157,106,116.498,1.75,6.722,79.152,94.907,81.638,847.533,378.223,1.011,66.409,21.736,3.194,9,1,Critical
WDP4B-1034,WDP4B,CR,2013,149,157,108,113.404,1.566,6.577,80.93,96.808,85.775,851.364,373.702,0.916,60.526,21.292,3.004,8,1,Critical
WDP4B-1034,WDP4B,CR,2013,150,157,110,121.576,1.554,7.002,76.571,96.092,81.858,808.195,400.484,0.882,64.908,21.16,2.623,7,1,Critical
WDP4B-1034,WDP4B,CR,2013,151,157,112,120.891,1.346,7.668,82.828,103.346,84.661,808.244,403.146,0.761,70.586,20.688,2.826,6,1,Critical
WDP4B-1034,WDP4B,CR,2013,152,157,114,124.518,1.416,7.759,77.875,101.321,84.855,803.537,388.409,0.765,73.844,21.316,2.655,5,1,Critical
WDP4B-1034,WDP4B,CR,2013,153,157,116,122.418,1.308,7.967,80.474,104.763,89.752,761.059,400.371,0.639,74.28,20.553,2.857,4,1,Critical
WDP4B-1034,WDP4B,CR,2013,154,157,118,128.174,1.134,7.942,77.548,104.226,89.447,747.829,394.276,0.664,74.781,20.787,2.416,3,1,Critical
WDP4B-1034,WDP4B,CR,2013,155,157,120,125.21,1.207,8.019,75.344,108.235,90.466,732.21,394.793,0.72,81.753,20.369,2.444,2,1,Critical
WDP4B-1034,WDP4B,CR,2013,156,157,122,123.322,1.263,8.214,74.593,109.173,94.033,774.604,430.088,0.536,67.386,19.285,2.736,1,1,Critical
WDP4B-1034,WDP4B,CR,2013,157,157,124,132.273,1.027,9.0,72.738,108.02,95.573,800.514,439.306,0.585,70.766,20.563,2.66,0,1,Critical
WDP4B-1035,WDP4B,ER,2018,1,149,2,88.92,3.629,1.532,97.294,70.477,63.171,928.521,316.13,1.878,72.621,23.646,4.099,148,0,Low
WDP4B-1035,WDP4B,ER,2018,2,149,4,78.12,3.459,1.961,90.789,74.814,61.685,875.581,324.015,1.686,66.324,23.845,4.446,147,0,Low
WDP4B-1035,WDP4B,ER,2018,3,149,6,83.681,3.514,1.854,93.303,76.19,63.539,905.133,333.842,1.757,70.687,23.745,4.27,146,0,Low
WDP4B-1035,WDP4B,ER,2018,4,149,8,77.994,3.372,2.372,94.494,75.31,59.76,889.018,326.546,1.771,77.298,23.435,3.845,145,0,Low
WDP4B-1035,WDP4B,ER,2018,5,149,10,83.283,3.697,1.973,94.482,74.324,54.139,897.22,327.217,1.675,72.424,23.698,3.883,144,0,Low
WDP4B-1035,WDP4B,ER,2018,6,149,12,83.057,3.381,2.135,93.956,70.375,58.67,928.591,318.25,1.852,66.468,23.867,4.228,143,0,Low
WDP4B-1035,WDP4B,ER,2018,7,149,14,80.253,3.696,2.34,93.045,78.351,63.915,893.136,336.221,1.87,78.974,23.057,4.111,142,0,Low
WDP4B-1035,WDP4B,ER,2018,8,149,16,88.009,3.396,2.196,94.15,73.899,60.434,896.175,323.189,1.824,69.618,23.71,4.148,141,0,Low
WDP4B-1035,WDP4B,ER,2018,9,149,18,91.687,3.514,1.438,92.164,75.938,60.356,890.22,318.297,1.871,79.004,24.225,4.298,140,0,Low
WDP4B-1035,WDP4B,ER,2018,10,149,20,78.264,3.534,1.214,95.324,80.123,64.226,902.249,328.837,1.608,70.95,23.901,4.117,139,0,Low
WDP4B-1035,WDP4B,ER,2018,11,149,22,87.403,3.593,1.928,94.521,72.771,62.433,916.502,322.946,1.859,72.162,24.046,4.213,138,0,Low
WDP4B-1035,WDP4B,ER,2018,12,149,24,83.076,3.196,1.507,94.01,77.996,58.085,847.455,315.066,1.747,76.289,24.415,4.044,137,0,Low
WDP4B-1035,WDP4B,ER,2018,13,149,26,84.647,3.643,1.956,93.239,71.841,57.8,897.153,316.207,1.784,66.563,23.233,4.146,136,0,Low
WDP4B-1035,WDP4B,ER,2018,14,149,28,81.891,3.548,2.192,95.409,75.205,57.892,814.031,318.507,2.041,73.862,23.674,4.288,135,0,Low
WDP4B-1035,WDP4B,ER,2018,15,149,30,84.544,3.462,2.08,93.986,75.172,59.164,907.169,334.245,1.811,71.305,24.237,4.095,134,0,Low
WDP4B-1035,WDP4B,ER,2018,16,149,32,77.987,3.195,1.822,91.198,73.996,58.717,936.138,337.203,1.655,71.197,23.866,4.349,133,0,Low
WDP4B-1035,WDP4B,ER,2018,17,149,34,82.511,3.356,1.878,95.363,73.011,61.4,890.562,333.119,1.819,72.921,23.763,4.127,132,0,Low
WDP4B-1035,WDP4B,ER,2018,18,149,36,85.856,3.483,1.617,94.44,75.893,61.03,890.954,330.472,1.717,72.206,23.579,4.122,131,0,Low
WDP4B-1035,WDP4B,ER,2018,19,149,38,80.165,2.901,1.697,93.337,74.418,62.424,922.461,329.051,1.639,61.305,23.891,3.938,130,0,Low
WDP4B-1035,WDP4B,ER,2018,20,149,40,82.55,3.127,2.068,90.879,74.118,58.792,904.186,302.424,1.616,69.827,23.636,4.208,129,0,Low
WDP4B-1035,WDP4B,ER,2018,21,149,42,82.955,3.517,1.699,97.701,76.747,61.495,913.332,310.028,1.768,71.646,24.313,4.012,128,0,Low
WDP4B-1035,WDP4B,ER,2018,22,149,44,78.567,3.507,2.179,94.568,78.681,58.396,906.087,301.301,1.824,70.358,23.653,4.189,127,0,Low
WDP4B-1035,WDP4B,ER,2018,23,149,46,83.36,3.425,1.859,92.165,71.888,59.643,928.388,318.471,1.738,69.395,23.986,4.423,126,0,Low
WDP4B-1035,WDP4B,ER,2018,24,149,48,81.024,3.648,1.898,92.237,75.623,63.878,904.838,324.688,1.86,67.296,23.731,4.23,125,0,Low
WDP4B-1035,WDP4B,ER,2018,25,149,50,79.515,3.371,2.542,92.013,76.371,59.849,907.311,309.284,1.742,73.169,23.72,4.43,124,0,Low
WDP4B-1035,WDP4B,ER,2018,26,149,52,83.293,3.213,1.856,94.652,74.574,61.151,881.195,321.82,1.89,69.597,23.929,4.097,123,0,Low
WDP4B-1035,WDP4B,ER,2018,27,149,54,86.147,3.549,2.105,93.418,74.704,60.742,905.809,323.829,1.874,64.836,23.523,4.705,122,0,Low
WDP4B-1035,WDP4B,ER,2018,28,149,56,77.092,3.381,1.824,94.622,79.379,55.326,884.535,316.682,1.845,77.481,24.21,4.215,121,0,Low
WDP4B-1035,WDP4B,ER,2018,29,149,58,88.727,3.298,2.085,91.997,73.868,60.319,913.578,329.159,1.67,72.973,24.143,4.066,120,0,Low
WDP4B-1035,WDP4B,ER,2018,30,149,60,83.706,3.416,1.525,94.354,75.192,59.377,902.898,342.427,1.826,76.571,24.703,4.308,119,0,Low
WDP4B-1035,WDP4B,ER,2018,31,149,62,79.465,3.593,1.377,92.225,77.683,58.495,865.574,302.908,1.685,64.734,23.639,3.835,118,0,Low
WDP4B-1035,WDP4B,ER,2018,32,149,64,80.102,3.522,1.92,92.798,77.791,62.404,858.31,311.268,1.657,69.922,23.423,4.18,117,0,Low
WDP4B-1035,WDP4B,ER,2018,33,149,66,85.316,3.335,2.162,93.086,72.609,61.25,885.063,326.961,1.774,73.623,23.12,4.021,116,0,Low
WDP4B-1035,WDP4B,ER,2018,34,149,68,83.657,3.589,1.786,91.904,75.942,59.688,858.282,327.678,1.764,82.173,24.367,4.077,115,0,Low
WDP4B-1035,WDP4B,ER,2018,35,149,70,78.815,3.663,1.924,95.429,74.7,57.621,909.731,327.652,1.738,72.203,22.95,3.814,114,0,Low
WDP4B-1035,WDP4B,ER,2018,36,149,72,85.326,3.323,2.072,94.866,76.167,65.938,878.229,305.932,1.633,61.744,24.36,3.933,113,0,Low
WDP4B-1035,WDP4B,ER,2018,37,149,74,86.884,3.324,2.119,95.215,75.433,59.676,929.645,324.71,1.717,67.263,24.523,4.511,112,0,Low
WDP4B-1035,WDP4B,ER,2018,38,149,76,83.055,3.379,1.973,96.365,74.12,60.798,869.719,343.761,1.646,76.3,23.871,4.045,111,0,Low
WDP4B-1035,WDP4B,ER,2018,39,149,78,81.768,3.4,2.026,91.933,75.123,58.849,889.834,322.216,1.753,69.218,23.609,4.176,110,0,Low
WDP4B-1035,WDP4B,ER,2018,40,149,80,84.209,3.554,2.316,92.567,76.847,61.77,856.882,332.507,1.758,78.449,23.76,4.704,109,0,Low
WDP4B-1035,WDP4B,ER,2018,41,149,82,85.206,3.539,2.226,93.222,76.024,58.485,904.566,312.861,1.757,71.703,24.012,4.182,108,0,Low
WDP4B-1035,WDP4B,ER,2018,42,149,84,80.676,3.358,2.287,92.809,78.534,60.411,840.965,336.156,1.845,75.668,23.885,4.259,107,0,Low
WDP4B-1035,WDP4B,ER,2018,43,149,86,79.974,3.511,2.1,95.891,78.704,59.813,885.997,323.95,1.801,75.864,23.425,4.037,106,0,Low
WDP4B-1035,WDP4B,ER,2018,44,149,88,78.42,3.514,1.609,94.036,75.032,58.88,897.843,329.101,1.82,71.083,23.485,4.003,105,0,Low
WDP4B-1035,WDP4B,ER,2018,45,149,90,82.451,3.6,2.203,92.348,78.064,58.805,858.68,316.982,1.717,72.041,23.366,4.087,104,0,Low
WDP4B-1035,WDP4B,ER,2018,46,149,92,78.249,3.406,2.06,92.08,75.059,58.959,904.321,323.03,1.792,70.187,23.644,3.969,103,0,Low
WDP4B-1035,WDP4B,ER,2018,47,149,94,83.234,3.479,2.049,90.908,71.978,58.57,934.469,341.75,1.777,73.355,24.143,4.401,102,0,Low
WDP4B-1035,WDP4B,ER,2018,48,149,96,85.766,3.407,2.113,91.712,74.419,61.506,926.813,315.423,1.839,66.409,24.297,4.387,101,0,Low
WDP4B-1035,WDP4B,ER,2018,49,149,98,81.155,3.286,1.739,94.098,75.309,64.543,934.676,307.86,1.776,60.526,23.98,4.24,100,0,Low
WDP4B-1035,WDP4B,ER,2018,50,149,100,87.743,3.339,1.927,90.374,73.537,59.476,895.717,331.468,1.775,64.908,23.98,3.903,99,0,Low
WDP4B-1035,WDP4B,ER,2018,51,149,102,85.407,3.2,2.345,97.293,79.69,61.082,900.154,330.821,1.688,70.586,23.645,4.152,98,0,Low
WDP4B-1035,WDP4B,ER,2018,52,149,104,87.316,3.341,2.178,93.028,76.52,60.03,900.012,312.642,1.727,73.844,24.416,4.029,97,0,Low
WDP4B-1035,WDP4B,ER,2018,53,149,106,83.433,3.306,2.119,96.343,78.772,63.63,862.278,321.03,1.638,74.28,23.801,4.281,96,0,Low
WDP4B-1035,WDP4B,ER,2018,54,149,108,87.338,3.209,1.817,94.158,77.002,61.981,853.969,311.226,1.701,74.781,24.19,3.891,95,0,Low
WDP4B-1035,WDP4B,ER,2018,55,149,110,82.457,3.36,1.606,92.722,79.733,61.607,843.449,307.902,1.797,81.753,23.932,3.972,94,0,Low
WDP4B-1035,WDP4B,ER,2018,56,149,112,78.584,3.498,1.503,92.767,79.348,63.732,891.119,339.221,1.654,67.386,23.013,4.318,93,0,Low
WDP4B-1035,WDP4B,ER,2018,57,149,114,85.485,3.347,2.354,91.733,76.828,63.78,922.484,344.331,1.745,70.766,24.462,4.3,92,0,Low
WDP4B-1035,WDP4B,ER,2018,58,149,116,84.25,3.254,2.185,94.442,74.76,59.936,882.458,313.574,1.806,76.705,23.608,4.035,91,0,Low
WDP4B-1035,WDP4B,ER,2018,59,149,118,87.715,3.421,2.167,94.919,78.326,60.958,868.643,310.744,1.526,74.48,23.911,4.119,90,0,Low
WDP4B-1035,WDP4B,ER,2018,60,149,120,84.15,3.411,1.958,91.411,84.302,62.699,899.932,330.307,1.612,72.045,22.912,4.553,89,0,Low
WDP4B-1035,WDP4B,ER,2018,61,149,122,82.48,2.941,1.964,92.829,76.15,60.82,910.168,322.045,1.82,62.211,23.933,4.197,88,0,Low
WDP4B-1035,WDP4B,ER,2018,62,149,124,84.06,3.338,2.312,91.476,75.085,59.634,879.955,329.404,1.695,64.042,23.958,3.899,87,0,Low
WDP4B-1035,WDP4B,ER,2018,63,149,126,86.658,3.363,2.02,91.983,77.093,66.134,898.22,306.108,1.713,77.888,24.313,4.166,86,0,Low
WDP4B-1035,WDP4B,ER,2018,64,149,128,81.45,3.121,2.449,94.324,79.442,64.234,856.881,331.294,1.614,62.094,23.953,3.716,85,0,Low
WDP4B-1035,WDP4B,ER,2018,65,149,130,85.16,3.213,1.88,92.159,76.399,61.919,871.319,314.731,1.611,73.105,24.71,4.328,84,0,Low
WDP4B-1035,WDP4B,ER,2018,66,149,132,86.909,3.573,1.888,91.72,76.038,64.261,905.949,331.686,1.67,66.142,23.112,4.244,83,0,Low
WDP4B-1035,WDP4B,ER,2018,67,149,134,83.342,3.594,1.687,92.317,76.198,59.827,864.135,344.421,1.735,62.067,23.69,4.135,82,0,Low
WDP4B-1035,WDP4B,ER,2018,68,149,136,83.446,3.31,2.388,93.934,79.963,58.669,877.415,324.818,1.712,70.465,23.899,4.153,81,0,Low
WDP4B-1035,WDP4B,ER,2018,69,149,138,85.49,3.462,2.253,94.098,75.251,60.122,896.367,312.71,1.668,78.168,23.723,3.966,80,0,Low
WDP4B-1035,WDP4B,ER,2018,70,149,140,83.818,3.032,1.916,92.698,77.28,63.701,860.113,328.679,1.63,74.428,23.843,3.773,79,0,Low
WDP4B-1035,WDP4B,ER,2018,71,149,142,82.411,3.38,2.827,90.807,80.02,62.022,917.201,310.523,1.724,62.637,24.276,3.832,78,0,Low
WDP4B-1035,WDP4B,ER,2018,72,149,144,88.904,3.161,2.023,90.339,78.647,60.07,909.157,325.0,1.77,75.398,23.692,4.071,77,0,Low
WDP4B-1035,WDP4B,ER,2018,73,149,146,89.373,3.078,2.193,94.499,78.329,57.746,895.77,326.749,1.721,62.078,24.847,3.691,76,0,Low
WDP4B-1035,WDP4B,ER,2018,74,149,148,84.086,3.095,1.919,94.527,74.251,60.455,945.162,327.928,1.692,68.391,24.638,4.276,75,0,Low
WDP4B-1035,WDP4B,ER,2018,75,149,150,84.437,3.199,1.706,93.309,74.0,60.964,916.173,331.157,1.712,70.043,23.611,4.071,74,0,Low
WDP4B-1035,WDP4B,ER,2018,76,149,152,80.281,3.344,2.577,93.691,73.713,60.779,881.612,337.047,1.672,72.33,23.744,4.013,73,0,Low
WDP4B-1035,WDP4B,ER,2018,77,149,154,89.242,3.324,1.897,91.236,80.749,63.205,874.929,328.592,1.646,76.662,23.431,3.761,72,0,Low
WDP4B-1035,WDP4B,ER,2018,78,149,156,81.203,3.109,2.464,89.628,75.386,61.535,905.856,320.122,1.558,70.782,23.818,4.35,71,0,Low
WDP4B-1035,WDP4B,ER,2018,79,149,158,82.09,3.457,2.05,92.783,76.122,62.412,884.568,336.325,1.578,64.425,23.672,4.109,70,0,Low
WDP4B-1035,WDP4B,ER,2018,80,149,160,80.743,3.298,2.205,93.612,81.502,62.512,898.27,305.472,1.728,84.173,23.524,3.991,69,0,Low
WDP4B-1035,WDP4B,ER,2018,81,149,162,83.03,3.197,2.302,92.711,77.049,63.736,914.832,325.211,1.753,70.08,23.884,4.082,68,0,Low
WDP4B-1035,WDP4B,ER,2018,82,149,164,83.38,3.561,2.213,92.241,77.888,59.669,913.161,340.401,1.737,65.508,23.824,3.873,67,0,Low
WDP4B-1035,WDP4B,ER,2018,83,149,166,90.846,3.196,2.384,92.347,76.763,63.863,882.641,331.093,1.818,70.797,23.964,4.218,66,0,Low
WDP4B-1035,WDP4B,ER,2018,84,149,168,85.718,3.007,1.631,92.085,77.396,60.536,916.512,339.242,1.755,65.054,23.786,4.098,65,0,Low
WDP4B-1035,WDP4B,ER,2018,85,149,170,80.977,3.417,2.13,92.998,78.804,63.501,914.236,316.488,1.679,74.258,23.483,4.243,64,0,Low
WDP4B-1035,WDP4B,ER,2018,86,149,172,86.921,3.099,2.042,93.772,76.904,67.781,882.045,318.595,1.729,71.629,24.136,4.076,63,0,Low
WDP4B-1035,WDP4B,ER,2018,87,149,174,86.95,3.531,2.345,93.088,75.232,60.285,914.023,310.895,1.767,76.83,23.912,4.03,62,0,Low
WDP4B-1035,WDP4B,ER,2018,88,149,176,85.999,3.161,2.318,92.45,78.033,61.04,876.702,329.702,1.623,70.387,23.914,4.044,61,0,Low
WDP4B-1035,WDP4B,ER,2018,89,149,178,86.432,3.227,2.381,93.199,76.345,60.655,910.752,344.588,1.755,71.086,23.251,4.114,60,0,Medium
WDP4B-1035,WDP4B,ER,2018,90,149,180,88.357,3.004,1.996,93.112,76.292,63.286,873.788,324.272,1.562,74.413,23.511,4.603,59,0,Medium
WDP4B-1035,WDP4B,ER,2018,91,149,0,84.803,3.154,2.353,91.249,77.855,58.615,877.026,329.538,1.791,72.636,24.889,4.119,58,0,Medium
WDP4B-1035,WDP4B,ER,2018,92,149,2,87.79,3.403,2.152,91.911,78.239,63.943,897.055,332.286,1.78,71.5,23.47,4.241,57,0,Medium
WDP4B-1035,WDP4B,ER,2018,93,149,4,87.704,3.311,2.011,93.921,76.966,62.464,886.864,341.88,1.646,86.396,23.638,3.959,56,0,Medium
WDP4B-1035,WDP4B,ER,2018,94,149,6,86.093,3.099,2.357,92.461,77.45,64.007,887.763,306.85,1.577,65.034,23.063,4.043,55,0,Medium
WDP4B-1035,WDP4B,ER,2018,95,149,8,87.175,3.392,2.538,94.48,74.13,63.857,899.974,337.954,1.741,75.992,23.779,4.258,54,0,Medium
WDP4B-1035,WDP4B,ER,2018,96,149,10,86.976,3.081,2.429,92.118,80.845,62.662,888.773,330.051,1.644,70.793,23.645,4.32,53,0,Medium
WDP4B-1035,WDP4B,ER,2018,97,149,12,81.507,3.069,2.166,92.78,76.018,59.441,902.607,323.153,1.758,72.405,23.561,4.065,52,0,Medium
WDP4B-1035,WDP4B,ER,2018,98,149,14,90.683,3.034,2.615,92.537,82.601,66.053,894.814,332.326,1.821,74.98,23.646,3.996,51,0,Medium
WDP4B-1035,WDP4B,ER,2018,99,149,16,88.511,3.354,2.484,91.614,82.074,65.66,881.798,328.121,1.725,73.688,24.704,3.701,50,0,Medium
WDP4B-1035,WDP4B,ER,2018,100,149,18,86.662,3.152,2.131,90.362,78.707,60.111,882.483,351.594,1.585,75.003,24.575,4.231,49,0,Medium
WDP4B-1035,WDP4B,ER,2018,101,149,20,83.949,3.452,2.791,92.957,76.336,61.959,879.094,318.628,1.72,77.401,24.201,3.983,48,0,Medium
WDP4B-1035,WDP4B,ER,2018,102,149,22,87.057,3.222,2.679,91.189,81.32,64.647,876.889,328.082,1.626,70.266,23.971,3.936,47,0,Medium
WDP4B-1035,WDP4B,ER,2018,103,149,24,83.089,3.047,2.57,94.556,76.517,64.085,893.771,331.773,1.644,69.758,23.006,4.361,46,0,Medium
WDP4B-1035,WDP4B,ER,2018,104,149,26,85.905,3.593,2.739,93.191,78.278,58.114,878.477,338.175,1.535,75.164,23.616,4.4,45,0,Medium
WDP4B-1035,WDP4B,ER,2018,105,149,28,86.055,3.128,2.339,92.57,80.439,65.142,894.158,332.623,1.822,69.295,23.629,4.009,44,0,Medium
WDP4B-1035,WDP4B,ER,2018,106,149,30,85.174,3.326,2.639,89.85,75.049,61.653,861.199,339.506,1.639,75.786,23.877,4.296,43,0,Medium
WDP4B-1035,WDP4B,ER,2018,107,149,32,89.173,3.302,1.986,91.859,76.691,63.661,875.079,322.759,1.811,74.243,23.88,4.002,42,0,Medium
WDP4B-1035,WDP4B,ER,2018,108,149,34,82.292,3.13,2.461,91.194,79.402,62.297,926.751,314.838,1.617,74.946,23.654,4.069,41,0,Medium
WDP4B-1035,WDP4B,ER,2018,109,149,36,79.702,3.334,2.396,92.431,75.997,60.6,915.158,329.596,1.746,71.783,24.055,3.991,40,0,Medium
WDP4B-1035,WDP4B,ER,2018,110,149,38,86.425,3.219,2.346,92.485,76.302,61.652,880.856,322.743,1.657,72.303,23.762,4.279,39,0,Medium
WDP4B-1035,WDP4B,ER,2018,111,149,40,87.833,3.123,2.298,93.739,79.504,63.012,884.424,313.263,1.814,69.327,23.184,4.034,38,0,Medium
WDP4B-1035,WDP4B,ER,2018,112,149,42,83.594,3.075,2.673,92.021,77.281,63.328,887.215,325.732,1.594,76.685,23.844,3.965,37,0,Medium
WDP4B-1035,WDP4B,ER,2018,113,149,44,89.797,3.403,2.521,90.55,75.331,59.305,870.884,331.014,1.715,75.94,24.251,4.149,36,0,Medium
WDP4B-1035,WDP4B,ER,2018,114,149,46,86.189,3.444,2.509,94.852,74.705,62.529,865.131,341.553,1.624,77.104,23.95,4.168,35,0,Medium
WDP4B-1035,WDP4B,ER,2018,115,149,48,87.328,3.208,2.513,92.558,78.885,60.294,911.44,330.684,1.694,71.952,23.709,3.816,34,0,Medium
WDP4B-1035,WDP4B,ER,2018,116,149,50,90.386,3.247,1.93,90.788,78.966,60.642,864.047,338.86,1.725,76.638,23.103,3.561,33,0,Medium
WDP4B-1035,WDP4B,ER,2018,117,149,52,90.852,3.323,2.78,92.268,75.488,59.154,901.519,334.479,1.64,66.581,23.949,3.705,32,0,Medium
WDP4B-1035,WDP4B,ER,2018,118,149,54,88.269,2.997,2.686,90.09,76.968,62.324,879.488,332.709,1.563,79.507,23.163,3.514,31,0,Medium
WDP4B-1035,WDP4B,ER,2018,119,149,56,92.774,2.427,3.729,85.147,89.359,68.338,852.722,337.85,1.351,72.716,22.568,3.157,30,1,High
WDP4B-1035,WDP4B,ER,2018,120,149,58,97.481,2.546,3.576,87.961,85.4,69.304,878.259,359.707,1.321,74.879,22.724,3.455,29,1,High
WDP4B-1035,WDP4B,ER,2018,121,149,60,93.111,2.579,4.26,86.938,86.988,66.952,891.225,346.66,1.18,67.555,22.674,3.63,28,1,High
WDP4B-1035,WDP4B,ER,2018,122,149,62,93.438,2.559,3.784,89.547,87.233,68.762,880.11,331.092,1.316,68.726,23.008,3.658,27,1,High
WDP4B-1035,WDP4B,ER,2018,123,149,64,94.828,2.301,4.131,87.68,82.364,70.551,861.126,356.115,1.132,75.721,22.43,3.479,26,1,High
WDP4B-1035,WDP4B,ER,2018,124,149,66,102.002,2.435,4.249,86.585,83.046,72.585,849.486,357.208,1.241,67.929,22.905,3.727,25,1,High
WDP4B-1035,WDP4B,ER,2018,125,149,68,95.556,2.563,4.514,86.223,82.278,68.952,859.983,359.697,1.215,66.836,22.472,3.684,24,1,High
WDP4B-1035,WDP4B,ER,2018,126,149,70,97.47,2.205,4.228,87.102,84.167,70.164,868.183,357.246,1.382,63.954,22.488,3.748,23,1,High
WDP4B-1035,WDP4B,ER,2018,127,149,72,103.377,2.192,4.27,86.844,83.753,70.564,830.465,348.767,1.229,72.541,22.876,3.232,22,1,High
WDP4B-1035,WDP4B,ER,2018,128,149,74,104.662,2.314,4.081,86.81,84.155,68.9,826.655,336.891,1.246,80.122,22.181,3.436,21,1,High
WDP4B-1035,WDP4B,ER,2018,129,149,76,98.339,2.413,4.686,89.211,91.05,71.878,856.349,374.938,1.156,59.907,22.612,3.422,20,1,High
WDP4B-1035,WDP4B,ER,2018,130,149,78,98.15,2.414,4.556,84.397,89.292,71.731,845.606,371.512,1.233,63.973,22.018,3.407,19,1,High
WDP4B-1035,WDP4B,ER,2018,131,149,80,104.945,2.398,4.61,87.892,90.614,76.999,866.491,350.236,1.191,70.208,22.443,3.194,18,1,High
WDP4B-1035,WDP4B,ER,2018,132,149,82,108.721,2.253,5.157,85.579,90.584,72.548,836.647,372.06,1.1,78.694,22.254,3.317,17,1,High
WDP4B-1035,WDP4B,ER,2018,133,149,84,107.538,2.066,5.211,82.102,93.454,72.952,840.341,356.186,1.184,78.573,21.925,3.239,16,1,High
WDP4B-1035,WDP4B,ER,2018,134,149,86,106.98,2.32,5.238,82.643,96.047,71.122,829.227,349.405,0.994,71.108,22.471,2.965,15,1,High
WDP4B-1035,WDP4B,ER,2018,135,149,88,107.203,2.306,5.578,83.789,90.14,74.322,855.244,369.501,1.172,65.821,21.34,2.954,14,1,High
WDP4B-1035,WDP4B,ER,2018,136,149,90,109.527,2.014,5.165,82.758,94.881,76.82,869.523,355.767,1.095,82.147,22.321,3.222,13,1,High
WDP4B-1035,WDP4B,ER,2018,137,149,92,108.567,1.891,5.748,80.693,94.569,76.18,834.974,361.014,1.01,71.469,21.618,2.943,12,1,High
WDP4B-1035,WDP4B,ER,2018,138,149,94,111.06,1.876,6.093,82.321,98.026,77.922,872.265,380.659,1.117,69.097,22.126,3.159,11,1,High
WDP4B-1035,WDP4B,ER,2018,139,149,96,116.999,1.843,5.753,82.069,94.544,81.132,810.757,388.284,0.938,65.953,20.616,3.026,10,1,Critical
WDP4B-1035,WDP4B,ER,2018,140,149,98,115.785,1.583,6.759,80.439,100.2,78.266,791.835,386.431,0.845,75.223,21.011,2.959,9,1,Critical
WDP4B-1035,WDP4B,ER,2018,141,149,100,117.308,1.85,6.454,80.589,102.534,77.446,803.291,392.301,0.926,73.573,21.816,2.883,8,1,Critical
WDP4B-1035,WDP4B,ER,2018,142,149,102,114.116,1.703,7.07,79.014,98.474,80.089,807.82,377.465,0.789,64.87,21.223,3.095,7,1,Critical
WDP4B-1035,WDP4B,ER,2018,143,149,104,119.158,1.564,7.482,77.937,99.174,81.348,830.359,416.843,0.846,67.442,20.909,2.606,6,1,Critical
WDP4B-1035,WDP4B,ER,2018,144,149,106,119.663,1.695,7.464,78.708,98.535,85.54,780.651,416.865,0.737,77.123,20.784,2.778,5,1,Critical
WDP4B-1035,WDP4B,ER,2018,145,149,108,120.115,1.458,7.443,77.368,103.445,90.977,811.546,405.276,0.768,75.104,20.696,2.699,4,1,Critical
WDP4B-1035,WDP4B,ER,2018,146,149,110,123.938,1.368,8.46,76.436,107.412,85.183,793.771,414.092,0.648,64.864,20.524,2.715,3,1,Critical
WDP4B-1035,WDP4B,ER,2018,147,149,112,132.16,1.269,7.939,76.33,107.069,92.737,808.148,404.933,0.763,76.758,20.713,2.678,2,1,Critical
WDP4B-1035,WDP4B,ER,2018,148,149,114,123.125,1.011,8.681,74.017,104.685,89.984,778.89,423.289,0.5,64.035,19.915,2.434,1,1,Critical
WDP4B-1035,WDP4B,ER,2018,149,149,116,129.153,1.187,9.0,72.833,114.779,90.003,826.67,423.649,0.615,71.77,19.68,2.291,0,1,Critical
WAP5-1036,WAP5,WR,2010,1,142,-4,80.349,3.692,2.251,94.457,73.936,59.859,888.094,311.128,1.84,77.401,24.501,4.163,141,0,Low
WAP5-1036,WAP5,WR,2010,2,142,-2,83.457,3.462,2.139,92.689,78.92,62.547,885.889,320.582,1.746,70.266,24.271,4.116,140,0,Low
WAP5-1036,WAP5,WR,2010,3,142,0,79.489,3.287,2.03,96.056,74.117,61.985,902.771,324.273,1.764,69.758,23.306,4.541,139,0,Low
WAP5-1036,WAP5,WR,2010,4,142,2,82.305,3.833,2.199,94.691,75.878,56.014,887.477,330.675,1.655,75.164,23.916,4.58,138,0,Low
WAP5-1036,WAP5,WR,2010,5,142,4,82.455,3.368,1.799,94.07,78.039,63.042,903.158,325.123,1.942,69.295,23.929,4.189,137,0,Low
WAP5-1036,WAP5,WR,2010,6,142,6,81.574,3.566,2.099,91.35,72.649,59.553,870.199,332.006,1.759,75.786,24.177,4.476,136,0,Low
WAP5-1036,WAP5,WR,2010,7,142,8,85.573,3.542,1.446,93.359,74.291,61.561,884.079,315.259,1.931,74.243,24.18,4.182,135,0,Low
WAP5-1036,WAP5,WR,2010,8,142,10,78.692,3.37,1.921,92.694,77.002,60.197,935.751,307.338,1.737,74.946,23.954,4.249,134,0,Low
WAP5-1036,WAP5,WR,2010,9,142,12,76.102,3.574,1.856,93.931,73.597,58.5,924.158,322.096,1.866,71.783,24.355,4.171,133,0,Low
WAP5-1036,WAP5,WR,2010,10,142,14,82.825,3.459,1.806,93.985,73.902,59.552,889.856,315.243,1.777,72.303,24.062,4.459,132,0,Low
WAP5-1036,WAP5,WR,2010,11,142,16,84.233,3.363,1.758,95.239,77.104,60.912,893.424,305.763,1.934,69.327,23.484,4.214,131,0,Low
WAP5-1036,WAP5,WR,2010,12,142,18,79.994,3.315,2.133,93.521,74.881,61.228,896.215,318.232,1.714,76.685,24.144,4.145,130,0,Low
WAP5-1036,WAP5,WR,2010,13,142,20,86.197,3.643,1.981,92.05,72.931,57.205,879.884,323.514,1.835,75.94,24.551,4.329,129,0,Low
WAP5-1036,WAP5,WR,2010,14,142,22,82.589,3.684,1.969,96.352,72.305,60.429,874.131,334.053,1.744,77.104,24.25,4.348,128,0,Low
WAP5-1036,WAP5,WR,2010,15,142,24,83.728,3.448,1.973,94.058,76.485,58.194,920.44,323.184,1.814,71.952,24.009,3.996,127,0,Low
WAP5-1036,WAP5,WR,2010,16,142,26,86.786,3.487,1.39,92.288,76.566,58.542,873.047,331.36,1.845,76.638,23.403,3.741,126,0,Low
WAP5-1036,WAP5,WR,2010,17,142,28,87.252,3.563,2.24,93.768,73.088,57.054,910.519,326.979,1.76,66.581,24.249,3.885,125,0,Low
WAP5-1036,WAP5,WR,2010,18,142,30,84.669,3.237,2.146,91.59,74.568,60.224,888.488,325.209,1.683,79.507,23.463,3.694,124,0,Low
WAP5-1036,WAP5,WR,2010,19,142,32,79.178,3.333,1.689,90.812,80.295,60.407,886.712,309.525,1.804,72.716,23.701,3.837,123,0,Low
WAP5-1036,WAP5,WR,2010,20,142,34,83.768,3.459,1.519,93.675,76.258,61.3,912.548,331.14,1.777,74.879,23.867,4.14,122,0,Low
WAP5-1036,WAP5,WR,2010,21,142,36,79.214,3.502,2.176,92.726,77.723,58.826,925.99,317.718,1.642,67.555,23.832,4.321,121,0,Low
WAP5-1036,WAP5,WR,2010,22,142,38,79.29,3.494,1.662,95.437,77.801,60.464,915.53,301.642,1.783,68.726,24.187,4.359,120,0,Low
WAP5-1036,WAP5,WR,2010,23,142,40,80.363,3.251,1.961,93.698,72.72,62.033,897.379,326.024,1.607,75.721,23.635,4.189,119,0,Low
WAP5-1036,WAP5,WR,2010,24,142,42,87.152,3.403,2.022,92.759,73.147,63.798,886.748,326.341,1.724,67.929,24.142,4.45,118,0,Low
WAP5-1036,WAP5,WR,2010,25,142,44,80.256,3.551,2.219,92.578,72.078,59.847,898.433,327.922,1.709,66.836,23.747,4.421,117,0,Low
WAP5-1036,WAP5,WR,2010,26,142,46,81.652,3.216,1.855,93.665,73.622,60.692,907.998,324.429,1.888,63.954,23.807,4.5,116,0,Low
WAP5-1036,WAP5,WR,2010,27,142,48,86.975,3.229,1.81,93.643,72.818,60.677,871.824,314.775,1.747,72.541,24.243,4.002,115,0,Low
WAP5-1036,WAP5,WR,2010,28,142,50,87.61,3.379,1.523,93.87,72.787,58.548,869.735,301.591,1.778,80.122,23.602,4.226,114,0,Low
WAP5-1036,WAP5,WR,2010,29,142,52,80.57,3.509,2.021,96.56,79.204,61.013,901.328,338.197,1.704,59.907,24.093,4.233,113,0,Low
WAP5-1036,WAP5,WR,2010,30,142,54,79.597,3.543,1.773,92.06,76.923,60.303,892.662,333.196,1.798,63.973,23.564,4.24,112,0,Low
WAP5-1036,WAP5,WR,2010,31,142,56,85.541,3.564,1.699,95.897,77.678,64.96,915.801,310.211,1.773,70.208,24.06,4.052,111,0,Low
WAP5-1036,WAP5,WR,2010,32,142,58,88.399,3.457,2.109,93.952,77.037,59.849,888.389,330.193,1.702,78.694,23.947,4.201,110,0,Low
WAP5-1036,WAP5,WR,2010,33,142,60,86.232,3.312,2.015,90.871,79.251,59.544,894.693,312.344,1.808,78.573,23.7,4.152,109,0,Low
WAP5-1036,WAP5,WR,2010,34,142,62,84.624,3.61,1.884,91.833,81.143,56.956,886.367,303.455,1.64,71.108,24.334,3.907,108,0,Low
WAP5-1036,WAP5,WR,2010,35,142,64,83.73,3.643,2.057,93.428,74.491,59.349,915.349,321.309,1.841,65.821,23.296,3.928,107,0,Low
WAP5-1036,WAP5,WR,2010,36,142,66,84.87,3.401,1.466,92.871,78.443,60.992,932.772,305.201,1.788,82.147,24.376,4.23,106,0,Low
WAP5-1036,WAP5,WR,2010,37,142,68,82.659,3.33,1.862,91.308,77.297,59.447,901.544,307.939,1.729,71.469,23.777,3.987,105,0,Low
WAP5-1036,WAP5,WR,2010,38,142,70,83.835,3.37,2.009,93.464,79.875,60.236,942.334,324.943,1.864,69.097,24.395,4.24,104,0,Low
WAP5-1036,WAP5,WR,2010,39,142,72,88.389,3.395,1.461,93.768,75.471,62.443,884.502,329.793,1.714,65.953,23.0,4.145,103,0,Low
WAP5-1036,WAP5,WR,2010,40,142,74,85.725,3.195,2.25,92.719,80.16,58.526,869.435,325.031,1.651,75.223,23.516,4.119,102,0,Low
WAP5-1036,WAP5,WR,2010,41,142,76,85.73,3.525,1.717,93.477,81.482,56.606,884.923,327.859,1.764,73.573,24.447,4.086,101,0,Low
WAP5-1036,WAP5,WR,2010,42,142,78,80.955,3.444,2.096,92.537,76.367,58.1,893.662,309.848,1.659,64.87,23.986,4.342,100,0,Low
WAP5-1036,WAP5,WR,2010,43,142,80,84.346,3.372,2.26,92.122,75.966,58.161,920.589,345.918,1.75,67.442,23.81,3.899,99,0,Low
WAP5-1036,WAP5,WR,2010,44,142,82,83.134,3.575,1.984,93.581,74.183,61.106,875.447,342.499,1.677,77.123,23.828,4.119,98,0,Low
WAP5-1036,WAP5,WR,2010,45,142,84,81.801,3.411,1.696,92.956,77.903,65.247,911.085,327.335,1.745,75.104,23.889,4.088,97,0,Low
WAP5-1036,WAP5,WR,2010,46,142,86,83.774,3.397,2.436,92.766,80.636,58.109,898.231,332.442,1.663,64.864,23.871,4.156,96,0,Low
WAP5-1036,WAP5,WR,2010,47,142,88,90.079,3.377,1.627,93.429,79.015,64.27,917.707,319.441,1.817,76.758,24.22,4.173,95,0,Low
WAP5-1036,WAP5,WR,2010,48,142,90,79.06,3.201,2.071,91.911,75.308,60.074,893.726,333.822,1.592,64.035,23.587,3.984,94,0,Low
WAP5-1036,WAP5,WR,2010,49,142,92,83.037,3.462,2.096,91.548,84.035,58.602,946.96,330.074,1.752,71.77,23.523,3.897,93,0,Low
WAP5-1036,WAP5,WR,2010,50,142,94,86.809,3.318,2.235,90.926,76.099,59.63,920.863,341.197,1.718,70.069,23.773,4.197,92,0,Low
WAP5-1036,WAP5,WR,2010,51,142,96,85.072,3.059,2.179,93.268,73.749,61.437,867.623,321.851,1.573,71.31,24.014,4.128,91,0,Low
WAP5-1036,WAP5,WR,2010,52,142,98,87.655,3.599,1.981,91.171,78.51,61.319,907.911,316.918,1.768,75.887,24.074,3.823,90,0,Low
WAP5-1036,WAP5,WR,2010,53,142,100,82.741,3.501,1.821,93.468,77.566,59.181,889.694,331.006,1.593,73.655,23.478,4.091,89,0,Low
WAP5-1036,WAP5,WR,2010,54,142,102,80.769,3.493,1.737,92.484,78.072,61.983,855.187,326.182,1.623,75.881,24.019,4.177,88,0,Low
WAP5-1036,WAP5,WR,2010,55,142,104,84.275,3.409,2.35,94.639,74.397,63.232,897.144,328.681,1.759,68.591,23.664,4.13,87,0,Low
WAP5-1036,WAP5,WR,2010,56,142,106,79.929,3.069,2.493,94.165,76.613,58.796,887.456,320.562,1.677,79.955,24.283,3.94,86,0,Low
WAP5-1036,WAP5,WR,2010,57,142,108,82.913,3.217,1.931,94.059,75.8,60.937,857.141,325.201,1.864,68.662,23.8,3.865,85,0,Low
WAP5-1036,WAP5,WR,2010,58,142,110,81.515,3.426,2.346,92.715,77.734,62.072,851.193,322.183,1.534,67.716,24.036,4.197,84,0,Low
WAP5-1036,WAP5,WR,2010,59,142,112,85.564,3.213,1.958,93.313,74.171,61.098,877.715,324.008,1.797,68.499,23.235,4.185,83,0,Low
WAP5-1036,WAP5,WR,2010,60,142,114,80.109,3.326,2.359,93.389,74.285,61.194,914.197,322.555,1.735,68.21,24.836,4.248,82,0,Low
WAP5-1036,WAP5,WR,2010,61,142,116,86.819,3.51,2.308,91.492,77.882,62.461,902.992,329.214,1.793,67.001,24.009,4.132,81,0,Low
WAP5-1036,WAP5,WR,2010,62,142,118,84.045,3.07,1.818,91.05,78.895,63.95,927.815,316.989,1.858,72.888,23.191,4.338,80,0,Low
WAP5-1036,WAP5,WR,2010,63,142,120,84.926,3.299,1.938,93.95,74.246,60.691,896.079,333.328,1.709,78.145,23.161,4.118,79,0,Low
WAP5-1036,WAP5,WR,2010,64,142,122,83.676,3.307,2.806,93.048,78.051,61.39,939.807,321.939,1.585,77.732,23.577,3.991,78,0,Low
WAP5-1036,WAP5,WR,2010,65,142,124,86.217,3.402,2.008,90.081,76.134,59.875,914.108,342.153,1.807,64.155,23.461,4.108,77,0,Low
WAP5-1036,WAP5,WR,2010,66,142,126,79.631,3.088,2.377,94.144,78.836,57.665,870.299,315.036,1.753,71.304,23.454,4.285,76,0,Low
WAP5-1036,WAP5,WR,2010,67,142,128,84.739,3.173,2.603,92.245,79.234,63.406,860.162,324.783,1.635,69.453,23.201,4.202,75,0,Low
WAP5-1036,WAP5,WR,2010,68,142,130,89.645,3.358,2.12,94.371,77.814,62.011,899.152,323.802,1.656,83.565,23.632,3.804,74,0,Low
WAP5-1036,WAP5,WR,2010,69,142,132,88.618,3.442,2.168,93.987,80.177,60.965,906.056,320.995,1.688,69.514,23.895,3.74,73,0,Low
WAP5-1036,WAP5,WR,2010,70,142,134,81.59,3.305,2.417,92.573,75.273,59.541,887.062,325.542,1.71,64.649,23.499,4.019,72,0,Low
WAP5-1036,WAP5,WR,2010,71,142,136,85.62,3.218,2.004,94.226,72.474,64.056,872.607,326.546,1.72,71.128,23.637,4.105,71,0,Low
WAP5-1036,WAP5,WR,2010,72,142,138,81.49,3.286,2.584,94.668,74.423,61.921,891.003,335.821,1.708,69.911,23.443,3.901,70,0,Low
WAP5-1036,WAP5,WR,2010,73,142,140,78.546,3.479,1.967,95.816,79.221,61.109,895.8,316.45,1.64,74.776,24.109,4.038,69,0,Low
WAP5-1036,WAP5,WR,2010,74,142,142,80.022,3.415,1.651,91.796,74.538,62.75,900.817,340.644,1.638,73.81,23.9,3.914,68,0,Low
WAP5-1036,WAP5,WR,2010,75,142,144,92.847,3.379,2.199,92.995,72.622,58.101,901.302,332.337,1.708,69.058,23.685,4.361,67,0,Low
WAP5-1036,WAP5,WR,2010,76,142,146,83.368,3.586,2.337,91.783,76.422,63.868,888.199,329.2,1.707,71.729,23.997,4.138,66,0,Low
WAP5-1036,WAP5,WR,2010,77,142,148,86.208,3.556,2.547,94.478,76.821,59.739,882.132,352.862,1.795,67.64,23.988,3.91,65,0,Low
WAP5-1036,WAP5,WR,2010,78,142,150,86.535,3.462,2.407,90.569,77.341,58.884,864.808,324.984,1.665,77.27,24.258,4.378,64,0,Low
WAP5-1036,WAP5,WR,2010,79,142,152,89.478,3.213,2.022,93.468,81.481,62.574,894.093,326.742,1.668,68.202,23.565,3.849,63,0,Low
WAP5-1036,WAP5,WR,2010,80,142,154,87.048,3.323,2.334,94.157,73.171,60.438,883.206,328.959,1.721,58.039,24.1,4.372,62,0,Low
WAP5-1036,WAP5,WR,2010,81,142,156,86.811,3.437,2.049,93.17,76.335,61.282,873.179,331.521,1.732,73.447,23.626,4.135,61,0,Low
WAP5-1036,WAP5,WR,2010,82,142,158,88.255,3.459,1.137,95.076,81.609,62.93,928.346,327.171,1.696,67.407,23.683,4.327,60,0,Medium
WAP5-1036,WAP5,WR,2010,83,142,160,80.582,3.184,1.984,92.684,80.688,66.551,881.116,336.776,1.712,70.487,23.549,4.099,59,0,Medium
WAP5-1036,WAP5,WR,2010,84,142,162,87.506,3.351,2.606,92.426,81.93,62.619,901.443,306.278,1.745,76.142,23.004,4.046,58,0,Medium
WAP5-1036,WAP5,WR,2010,85,142,164,92.086,3.452,1.7,91.612,79.233,59.483,886.257,305.789,1.743,68.201,23.921,4.024,57,0,Medium
WAP5-1036,WAP5,WR,2010,86,142,166,82.17,3.397,2.174,93.875,77.8,60.16,882.802,336.951,1.693,75.372,24.078,4.068,56,0,Medium
WAP5-1036,WAP5,WR,2010,87,142,168,82.964,3.506,2.048,94.999,78.119,62.829,885.251,330.389,1.724,69.631,23.633,4.03,55,0,Medium
WAP5-1036,WAP5,WR,2010,88,142,170,85.936,3.194,2.291,92.599,77.913,62.033,902.557,312.583,1.72,73.404,24.292,4.24,54,0,Medium
WAP5-1036,WAP5,WR,2010,89,142,172,80.941,3.333,2.341,90.935,78.398,63.451,920.444,323.796,1.624,76.689,23.666,4.346,53,0,Medium
WAP5-1036,WAP5,WR,2010,90,142,174,85.757,3.503,2.012,90.647,77.62,58.418,900.601,332.544,1.648,69.503,24.522,4.087,52,0,Medium
WAP5-1036,WAP5,WR,2010,91,142,176,92.312,3.32,2.176,93.695,75.767,61.462,877.313,335.942,1.754,73.553,24.116,4.013,51,0,Medium
WAP5-1036,WAP5,WR,2010,92,142,178,87.534,3.258,2.469,91.596,78.301,64.505,885.821,334.794,1.72,78.789,23.481,4.027,50,0,Medium
WAP5-1036,WAP5,WR,2010,93,142,180,85.498,3.067,2.067,94.433,75.469,59.428,891.39,343.98,1.725,69.524,23.169,4.378,49,0,Medium
WAP5-1036,WAP5,WR,2010,94,142,0,86.771,3.352,2.385,93.171,70.342,66.07,886.778,332.26,1.671,73.15,23.884,4.158,48,0,Medium
WAP5-1036,WAP5,WR,2010,95,142,2,84.049,3.257,1.791,92.039,80.475,62.029,906.543,322.362,1.698,79.238,23.956,3.962,47,0,Medium
WAP5-1036,WAP5,WR,2010,96,142,4,81.994,3.388,2.498,93.553,74.739,59.724,949.716,325.819,1.669,75.813,23.951,4.08,46,0,Medium
WAP5-1036,WAP5,WR,2010,97,142,6,85.438,3.355,2.286,91.165,77.2,63.365,884.527,324.011,1.71,66.935,23.798,4.059,45,0,Medium
WAP5-1036,WAP5,WR,2010,98,142,8,85.237,3.168,2.587,92.829,75.103,64.346,893.955,333.968,1.645,75.595,23.724,3.718,44,0,Medium
WAP5-1036,WAP5,WR,2010,99,142,10,83.817,3.335,2.294,89.714,77.662,63.725,898.154,317.362,1.652,67.561,23.554,3.995,43,0,Medium
WAP5-1036,WAP5,WR,2010,100,142,12,87.709,3.271,2.503,92.62,79.388,63.601,957.099,333.438,1.711,68.386,23.734,3.922,42,0,Medium
WAP5-1036,WAP5,WR,2010,101,142,14,82.813,3.061,2.669,90.81,72.552,62.246,875.682,320.883,1.73,69.181,23.747,3.76,41,0,Medium
WAP5-1036,WAP5,WR,2010,102,142,16,88.955,3.465,2.294,90.529,72.135,64.072,873.481,318.628,1.62,74.259,24.212,4.129,40,0,Medium
WAP5-1036,WAP5,WR,2010,103,142,18,86.914,3.217,2.563,90.332,74.547,60.422,871.637,325.893,1.714,67.867,23.854,4.267,39,0,Medium
WAP5-1036,WAP5,WR,2010,104,142,20,87.061,2.91,2.79,93.594,78.396,60.889,912.018,336.206,1.793,76.328,22.948,3.761,38,0,Medium
WAP5-1036,WAP5,WR,2010,105,142,22,83.357,3.121,1.911,91.221,68.597,61.27,913.34,317.262,1.758,67.024,24.275,3.83,37,0,Medium
WAP5-1036,WAP5,WR,2010,106,142,24,89.365,3.043,2.654,91.755,77.818,60.718,870.828,344.252,1.58,74.785,23.639,4.032,36,0,Medium
WAP5-1036,WAP5,WR,2010,107,142,26,87.02,3.143,2.392,92.036,78.992,63.309,887.874,329.787,1.73,71.1,23.119,3.804,35,0,Medium
WAP5-1036,WAP5,WR,2010,108,142,28,83.801,3.033,2.728,91.064,77.293,67.391,922.643,306.958,1.722,68.356,23.462,4.008,34,0,Medium
WAP5-1036,WAP5,WR,2010,109,142,30,80.385,3.156,2.115,93.068,79.789,59.319,901.101,334.01,1.543,68.921,23.842,4.1,33,0,Medium
WAP5-1036,WAP5,WR,2010,110,142,32,88.387,3.322,2.548,93.749,75.938,65.685,883.444,310.291,1.713,70.869,23.936,4.171,32,0,Medium
WAP5-1036,WAP5,WR,2010,111,142,34,87.856,3.087,2.848,94.224,78.96,59.267,915.805,326.085,1.724,76.368,23.294,4.37,31,0,Medium
WAP5-1036,WAP5,WR,2010,112,142,36,97.859,2.37,4.313,87.263,85.724,67.984,883.393,362.977,1.469,70.756,22.931,3.223,30,1,High
WAP5-1036,WAP5,WR,2010,113,142,38,98.18,2.306,3.861,87.585,86.029,70.547,862.115,350.84,1.419,70.058,22.042,3.934,29,1,High
WAP5-1036,WAP5,WR,2010,114,142,40,94.908,2.449,4.238,87.906,86.226,68.369,837.567,346.311,1.321,76.963,22.884,3.297,28,1,High
WAP5-1036,WAP5,WR,2010,115,142,42,101.539,2.49,3.66,88.243,82.282,68.878,853.702,347.699,1.336,68.226,22.146,3.532,27,1,High
WAP5-1036,WAP5,WR,2010,116,142,44,96.171,2.712,3.887,86.83,83.167,69.712,849.234,347.574,1.28,80.085,22.228,3.409,26,1,High
WAP5-1036,WAP5,WR,2010,117,142,46,94.926,2.394,4.039,89.456,82.435,71.111,883.39,351.394,1.502,69.492,22.953,3.532,25,1,High
WAP5-1036,WAP5,WR,2010,118,142,48,92.561,2.563,4.058,88.251,85.633,68.135,874.105,365.441,1.175,70.837,22.727,3.665,24,1,High
WAP5-1036,WAP5,WR,2010,119,142,50,100.847,2.39,4.128,87.629,84.372,68.193,832.908,345.285,1.39,70.978,22.483,3.601,23,1,High
WAP5-1036,WAP5,WR,2010,120,142,52,98.559,2.524,4.406,86.804,86.004,69.902,903.045,357.669,1.286,77.818,23.21,3.54,22,1,High
WAP5-1036,WAP5,WR,2010,121,142,54,94.116,2.379,4.025,86.974,87.347,71.357,855.524,341.045,1.34,73.904,23.105,3.403,21,1,High
WAP5-1036,WAP5,WR,2010,122,142,56,97.412,2.089,4.872,85.037,85.737,70.136,864.812,361.92,1.177,72.834,21.719,3.401,20,1,High
WAP5-1036,WAP5,WR,2010,123,142,58,105.003,2.04,4.651,87.565,92.194,70.781,878.796,351.01,1.382,74.211,22.898,3.419,19,1,High
WAP5-1036,WAP5,WR,2010,124,142,60,101.956,2.068,5.24,84.892,87.613,70.4,854.673,348.921,1.198,63.634,22.536,3.278,18,1,High
WAP5-1036,WAP5,WR,2010,125,142,62,103.101,2.198,5.225,86.093,87.977,74.857,852.199,356.112,1.18,68.822,22.148,3.068,17,1,High
WAP5-1036,WAP5,WR,2010,126,142,64,103.956,2.079,5.636,86.92,91.916,72.295,839.15,355.147,1.103,72.309,21.987,3.025,16,1,High
WAP5-1036,WAP5,WR,2010,127,142,66,102.316,2.045,5.129,85.114,86.667,74.634,857.774,363.059,1.164,70.877,21.597,3.448,15,1,High
WAP5-1036,WAP5,WR,2010,128,142,68,99.445,2.241,5.938,83.916,90.123,71.818,851.775,377.487,1.131,62.92,21.778,3.103,14,1,High
WAP5-1036,WAP5,WR,2010,129,142,70,104.473,2.028,5.55,83.639,89.92,76.252,833.608,364.103,1.102,69.037,21.491,3.06,13,1,High
WAP5-1036,WAP5,WR,2010,130,142,72,113.015,2.141,5.089,84.454,90.567,76.721,814.139,362.181,0.878,60.966,22.605,3.124,12,1,High
WAP5-1036,WAP5,WR,2010,131,142,74,114.307,1.797,5.734,81.42,88.643,77.244,822.929,370.243,1.007,73.471,21.603,3.314,11,1,High
WAP5-1036,WAP5,WR,2010,132,142,76,110.523,1.759,5.763,85.011,95.113,78.408,806.899,377.174,0.925,71.067,21.206,3.179,10,1,Critical
WAP5-1036,WAP5,WR,2010,133,142,78,111.802,2.195,6.218,76.997,93.817,77.779,807.652,392.859,0.944,79.331,21.116,3.168,9,1,Critical
WAP5-1036,WAP5,WR,2010,134,142,80,113.944,2.005,6.571,80.306,98.701,84.186,813.613,387.821,0.934,69.81,21.034,2.843,8,1,Critical
WAP5-1036,WAP5,WR,2010,135,142,82,117.473,1.806,6.982,82.184,96.948,79.059,813.586,388.834,0.846,74.709,21.509,2.685,7,1,Critical
WAP5-1036,WAP5,WR,2010,136,142,84,118.608,1.58,7.324,81.07,102.528,85.895,805.347,410.772,0.937,66.436,21.129,3.047,6,1,Critical
WAP5-1036,WAP5,WR,2010,137,142,86,119.891,1.461,7.129,76.895,100.65,86.181,826.558,366.431,0.845,71.83,20.974,2.961,5,1,Critical
WAP5-1036,WAP5,WR,2010,138,142,88,123.509,1.415,8.139,77.73,101.322,87.632,823.899,405.156,0.712,67.056,20.531,2.869,4,1,Critical
WAP5-1036,WAP5,WR,2010,139,142,90,121.227,1.514,7.889,77.221,104.955,85.46,760.74,407.796,0.744,76.934,20.557,3.01,3,1,Critical
WAP5-1036,WAP5,WR,2010,140,142,92,132.316,1.23,7.997,74.597,104.291,89.973,818.412,416.478,0.751,66.433,20.353,3.156,2,1,Critical
WAP5-1036,WAP5,WR,2010,141,142,94,127.104,1.163,8.678,78.446,107.006,91.011,797.252,414.25,0.631,63.497,20.767,2.741,1,1,Critical
WAP5-1036,WAP5,WR,2010,142,142,96,124.562,1.308,9.0,74.954,111.457,93.204,791.59,409.223,0.629,74.632,19.874,2.571,0,1,Critical
WDP4B-1037,WDP4B,WR,2010,1,110,-12,79.213,3.301,2.129,92.31,70.152,60.146,884.682,313.383,1.85,69.181,24.047,3.94,109,0,Low
WDP4B-1037,WDP4B,WR,2010,2,110,-10,85.355,3.705,1.754,92.029,69.735,61.972,882.481,311.128,1.74,74.259,24.512,4.309,108,0,Low
WDP4B-1037,WDP4B,WR,2010,3,110,-8,83.314,3.457,2.023,91.832,72.147,58.322,880.637,318.393,1.834,67.867,24.154,4.447,107,0,Low
WDP4B-1037,WDP4B,WR,2010,4,110,-6,83.461,3.15,2.25,95.094,75.996,58.789,921.018,328.706,1.913,76.328,23.248,3.941,106,0,Low
WDP4B-1037,WDP4B,WR,2010,5,110,-4,79.757,3.361,1.371,92.721,66.197,59.17,922.34,309.762,1.878,67.024,24.575,4.01,105,0,Low
WDP4B-1037,WDP4B,WR,2010,6,110,-2,85.765,3.283,2.114,93.255,75.418,58.618,879.828,336.752,1.7,74.785,23.939,4.212,104,0,Low
WDP4B-1037,WDP4B,WR,2010,7,110,0,83.42,3.383,1.852,93.536,76.592,61.209,896.874,322.287,1.85,71.1,23.419,3.984,103,0,Low
WDP4B-1037,WDP4B,WR,2010,8,110,2,80.201,3.273,2.188,92.564,74.893,65.291,931.643,299.458,1.842,68.356,23.762,4.188,102,0,Low
WDP4B-1037,WDP4B,WR,2010,9,110,4,76.785,3.396,1.575,94.568,77.389,57.219,910.101,326.51,1.663,68.921,24.142,4.28,101,0,Low
WDP4B-1037,WDP4B,WR,2010,10,110,6,84.787,3.562,2.008,95.249,73.538,63.585,892.444,302.791,1.833,70.869,24.236,4.351,100,0,Low
WDP4B-1037,WDP4B,WR,2010,11,110,8,84.256,3.327,2.308,95.724,76.56,57.167,924.805,318.585,1.844,76.368,23.594,4.55,99,0,Low
WDP4B-1037,WDP4B,WR,2010,12,110,10,84.851,3.237,2.361,92.683,77.052,60.396,915.913,335.877,1.903,70.756,24.015,3.874,98,0,Low
WDP4B-1037,WDP4B,WR,2010,13,110,12,85.055,3.18,1.892,93.053,77.279,62.885,894.934,323.498,1.856,70.058,23.136,4.589,97,0,Low
WDP4B-1037,WDP4B,WR,2010,14,110,14,81.598,3.333,2.242,93.449,77.353,60.585,870.863,318.594,1.763,76.963,23.993,3.959,96,0,Low
WDP4B-1037,WDP4B,WR,2010,15,110,16,87.979,3.386,1.626,93.888,73.242,60.923,887.652,319.474,1.784,68.226,23.276,4.203,95,0,Low
WDP4B-1037,WDP4B,WR,2010,16,110,18,82.294,3.623,1.805,92.603,73.916,61.536,884.016,318.707,1.736,80.085,23.384,4.09,94,0,Low
WDP4B-1037,WDP4B,WR,2010,17,110,20,80.664,3.322,1.9,95.384,72.928,62.667,919.182,321.752,1.966,69.492,24.141,4.226,93,0,Low
WDP4B-1037,WDP4B,WR,2010,18,110,22,77.849,3.512,1.852,94.361,75.825,59.373,911.085,334.891,1.649,70.837,23.953,4.372,92,0,Low
WDP4B-1037,WDP4B,WR,2010,19,110,24,85.617,3.362,1.844,93.947,74.219,59.064,871.254,313.693,1.876,70.978,23.752,4.325,91,0,Low
WDP4B-1037,WDP4B,WR,2010,20,110,26,82.746,3.521,2.034,93.358,75.462,60.358,942.934,324.902,1.784,77.818,24.528,4.281,90,0,Low
WDP4B-1037,WDP4B,WR,2010,21,110,28,77.652,3.404,1.555,93.789,76.371,61.348,897.134,306.97,1.853,73.904,24.477,4.164,89,0,Low
WDP4B-1037,WDP4B,WR,2010,22,110,30,80.231,3.146,2.294,92.14,74.283,59.614,908.32,326.403,1.706,72.834,23.151,4.182,88,0,Low
WDP4B-1037,WDP4B,WR,2010,23,110,32,87.038,3.13,1.956,94.983,80.217,59.696,924.381,313.919,1.927,74.211,24.395,4.224,87,0,Low
WDP4B-1037,WDP4B,WR,2010,24,110,34,83.14,3.194,2.418,92.652,75.069,58.704,902.513,310.121,1.761,63.634,24.104,4.107,86,0,Low
WDP4B-1037,WDP4B,WR,2010,25,110,36,83.368,3.364,2.265,94.221,74.821,62.501,902.471,315.47,1.763,68.822,23.793,3.924,85,0,Low
WDP4B-1037,WDP4B,WR,2010,26,110,38,83.239,3.286,2.528,95.444,78.104,59.23,892.032,312.53,1.707,72.309,23.713,3.908,84,0,Low
WDP4B-1037,WDP4B,WR,2010,27,110,40,80.548,3.297,1.864,94.059,72.155,60.811,913.444,318.334,1.789,70.877,23.411,4.362,83,0,Low
WDP4B-1037,WDP4B,WR,2010,28,110,42,76.559,3.539,2.505,93.309,74.866,57.188,910.411,330.521,1.78,62.92,23.685,4.048,82,0,Low
WDP4B-1037,WDP4B,WR,2010,29,110,44,80.403,3.375,1.939,93.508,73.874,60.767,895.387,314.761,1.776,69.037,23.497,4.038,81,0,Low
WDP4B-1037,WDP4B,WR,2010,30,110,46,87.695,3.541,1.291,94.824,73.687,60.331,879.239,310.331,1.578,60.966,24.715,4.138,80,0,Low
WDP4B-1037,WDP4B,WR,2010,31,110,48,87.669,3.252,1.739,92.318,70.885,59.9,891.528,315.752,1.735,73.471,23.823,4.366,79,0,Low
WDP4B-1037,WDP4B,WR,2010,32,110,50,82.502,3.271,1.559,96.464,76.432,60.062,879.174,319.907,1.682,71.067,23.542,4.269,78,0,Low
WDP4B-1037,WDP4B,WR,2010,33,110,52,82.33,3.768,1.797,89.032,74.169,58.382,883.782,332.684,1.73,79.331,23.572,4.299,77,0,Low
WDP4B-1037,WDP4B,WR,2010,34,110,54,82.955,3.641,1.923,92.949,78.042,63.689,893.775,324.604,1.752,69.81,23.616,4.016,76,0,Low
WDP4B-1037,WDP4B,WR,2010,35,110,56,84.9,3.508,2.096,95.462,75.232,57.413,897.958,322.443,1.697,74.709,24.223,3.902,75,0,Low
WDP4B-1037,WDP4B,WR,2010,36,110,58,84.384,3.349,2.19,95.01,79.712,63.051,894.107,341.072,1.821,66.436,23.981,4.31,74,0,Low
WDP4B-1037,WDP4B,WR,2010,37,110,60,83.95,3.302,1.738,91.523,76.689,62.091,919.884,293.289,1.765,71.83,23.969,4.272,73,0,Low
WDP4B-1037,WDP4B,WR,2010,38,110,62,85.783,3.329,2.48,93.074,76.172,62.246,921.968,328.439,1.669,67.056,23.674,4.229,72,0,Low
WDP4B-1037,WDP4B,WR,2010,39,110,64,81.651,3.504,1.953,93.306,78.571,58.729,863.73,327.371,1.739,76.934,23.855,4.422,71,0,Low
WDP4B-1037,WDP4B,WR,2010,40,110,66,90.823,3.3,1.773,91.45,76.628,61.849,926.501,332.211,1.786,66.433,23.81,4.621,70,0,Low
WDP4B-1037,WDP4B,WR,2010,41,110,68,83.626,3.314,2.156,96.094,78.022,61.444,910.617,326.009,1.706,63.497,24.39,4.261,69,0,Low
WDP4B-1037,WDP4B,WR,2010,42,110,70,79.034,3.543,2.248,93.424,81.105,62.146,910.41,316.873,1.747,74.632,23.668,4.148,68,0,Low
WDP4B-1037,WDP4B,WR,2010,43,110,72,75.781,3.479,2.157,92.442,78.654,60.321,877.527,320.428,1.79,74.045,24.071,3.95,67,0,Low
WDP4B-1037,WDP4B,WR,2010,44,110,74,84.354,3.523,2.446,93.65,73.917,57.876,904.756,328.908,1.62,73.895,24.268,4.227,66,0,Low
WDP4B-1037,WDP4B,WR,2010,45,110,76,86.27,3.527,2.219,93.572,71.573,60.839,917.917,314.139,1.801,67.366,24.021,4.275,65,0,Low
WDP4B-1037,WDP4B,WR,2010,46,110,78,85.592,3.525,2.04,91.226,77.801,61.953,907.178,325.381,1.726,65.07,23.038,4.096,64,0,Low
WDP4B-1037,WDP4B,WR,2010,47,110,80,87.644,3.129,1.805,93.278,79.613,61.759,927.721,320.267,1.63,74.587,23.958,3.907,63,0,Low
WDP4B-1037,WDP4B,WR,2010,48,110,82,85.268,3.17,1.591,93.276,72.141,63.125,896.11,316.022,1.843,77.334,23.841,4.156,62,0,Low
WDP4B-1037,WDP4B,WR,2010,49,110,84,83.263,3.047,2.198,94.217,77.117,60.402,912.873,313.625,1.791,66.143,23.845,4.028,61,0,Low
WDP4B-1037,WDP4B,WR,2010,50,110,86,80.271,3.304,1.576,91.083,76.003,61.911,897.096,323.915,2.004,68.863,24.412,4.224,60,0,Medium
WDP4B-1037,WDP4B,WR,2010,51,110,88,84.621,3.47,2.32,93.837,77.194,58.287,900.319,316.005,1.718,83.077,24.373,4.344,59,0,Medium
WDP4B-1037,WDP4B,WR,2010,52,110,90,88.303,3.469,2.484,94.225,74.606,59.297,909.68,322.846,1.733,74.677,22.918,4.251,58,0,Medium
WDP4B-1037,WDP4B,WR,2010,53,110,92,83.196,3.413,1.949,91.901,75.262,59.629,871.626,331.222,1.685,63.946,24.113,4.276,57,0,Medium
WDP4B-1037,WDP4B,WR,2010,54,110,94,84.09,3.269,1.715,94.914,73.571,60.188,874.646,316.908,1.726,67.367,23.647,4.015,56,0,Medium
WDP4B-1037,WDP4B,WR,2010,55,110,96,82.402,3.638,1.818,93.565,71.555,62.726,947.529,315.346,1.747,76.752,23.681,4.17,55,0,Medium
WDP4B-1037,WDP4B,WR,2010,56,110,98,83.6,3.344,2.14,94.572,78.388,57.65,872.119,327.774,1.67,65.199,23.418,4.462,54,0,Medium
WDP4B-1037,WDP4B,WR,2010,57,110,100,82.448,3.453,2.644,92.819,77.302,58.389,923.591,335.848,1.77,67.839,23.757,3.943,53,0,Medium
WDP4B-1037,WDP4B,WR,2010,58,110,102,87.851,3.734,2.445,92.641,80.366,63.342,890.497,322.452,1.674,71.944,23.923,3.933,52,0,Medium
WDP4B-1037,WDP4B,WR,2010,59,110,104,84.267,3.235,1.815,95.957,78.154,63.009,882.985,332.266,1.805,72.877,23.806,3.91,51,0,Medium
WDP4B-1037,WDP4B,WR,2010,60,110,106,81.928,3.699,2.084,91.723,71.986,58.453,860.575,339.256,1.749,75.4,24.142,4.058,50,0,Medium
WDP4B-1037,WDP4B,WR,2010,61,110,108,84.662,3.198,2.074,90.709,81.589,63.515,880.418,295.43,1.782,72.197,23.656,4.003,49,0,Medium
WDP4B-1037,WDP4B,WR,2010,62,110,110,84.846,3.433,1.861,93.176,80.649,59.409,888.617,341.119,1.71,75.136,23.356,3.822,48,0,Medium
WDP4B-1037,WDP4B,WR,2010,63,110,112,86.319,3.172,2.12,92.556,74.797,59.903,860.576,313.184,1.724,76.219,23.649,3.867,47,0,Medium
WDP4B-1037,WDP4B,WR,2010,64,110,114,83.215,3.381,1.765,93.041,75.868,63.552,881.684,316.557,1.747,68.938,23.894,4.009,46,0,Medium
WDP4B-1037,WDP4B,WR,2010,65,110,116,84.32,3.325,2.305,91.175,79.504,61.491,925.085,322.613,1.77,81.144,24.336,4.249,45,0,Medium
WDP4B-1037,WDP4B,WR,2010,66,110,118,80.15,3.22,1.99,92.091,77.883,66.631,893.887,308.133,1.783,72.976,24.118,4.006,44,0,Medium
WDP4B-1037,WDP4B,WR,2010,67,110,120,84.789,3.5,2.596,91.518,73.782,63.209,888.018,326.801,1.712,76.192,23.353,4.423,43,0,Medium
WDP4B-1037,WDP4B,WR,2010,68,110,122,80.966,3.368,1.883,93.676,78.012,61.451,895.028,337.632,1.661,72.922,24.29,4.132,42,0,Medium
WDP4B-1037,WDP4B,WR,2010,69,110,124,83.329,3.43,2.362,91.844,78.101,62.059,885.537,316.369,1.712,66.269,23.347,4.511,41,0,Medium
WDP4B-1037,WDP4B,WR,2010,70,110,126,83.057,3.341,2.441,93.345,74.073,62.5,928.503,321.784,1.736,72.573,23.462,4.092,40,0,Medium
WDP4B-1037,WDP4B,WR,2010,71,110,128,83.144,3.611,2.388,91.572,75.251,62.339,916.608,319.777,1.709,77.245,24.129,4.024,39,0,Medium
WDP4B-1037,WDP4B,WR,2010,72,110,130,83.87,3.267,1.918,92.358,78.251,61.167,913.14,333.208,1.648,73.473,24.241,4.026,38,0,Medium
WDP4B-1037,WDP4B,WR,2010,73,110,132,88.18,3.351,2.374,93.839,75.37,63.772,920.944,323.27,1.812,71.211,23.513,4.552,37,0,Medium
WDP4B-1037,WDP4B,WR,2010,74,110,134,83.224,3.371,2.037,95.719,79.6,63.192,913.25,307.583,1.62,68.359,23.626,4.177,36,0,Medium
WDP4B-1037,WDP4B,WR,2010,75,110,136,90.101,3.202,2.025,91.504,79.061,57.671,894.824,323.602,1.731,69.614,24.189,3.994,35,0,Medium
WDP4B-1037,WDP4B,WR,2010,76,110,138,80.665,3.384,1.564,92.597,78.519,57.589,891.17,330.561,1.72,72.979,25.139,4.039,34,0,Medium
WDP4B-1037,WDP4B,WR,2010,77,110,140,82.94,3.393,2.414,93.273,79.271,62.367,892.995,333.561,1.782,72.214,24.503,4.257,33,0,Medium
WDP4B-1037,WDP4B,WR,2010,78,110,142,88.608,3.149,1.64,92.646,78.557,62.091,867.685,319.372,1.832,82.322,23.671,4.108,32,0,Medium
WDP4B-1037,WDP4B,WR,2010,79,110,144,87.08,3.356,2.539,95.125,72.907,59.227,896.243,330.752,1.703,75.259,23.858,4.021,31,0,Medium
WDP4B-1037,WDP4B,WR,2010,80,110,146,85.133,2.775,3.375,89.552,80.241,63.435,840.039,340.289,1.471,74.853,22.836,3.466,30,1,High
WDP4B-1037,WDP4B,WR,2010,81,110,148,94.376,3.122,3.63,89.051,78.103,62.892,906.137,363.218,1.466,75.353,22.732,3.342,29,1,High
WDP4B-1037,WDP4B,WR,2010,82,110,150,94.131,3.077,3.247,92.239,79.19,63.414,894.759,339.078,1.364,61.112,22.366,3.818,28,1,High
WDP4B-1037,WDP4B,WR,2010,83,110,152,92.64,2.834,3.937,88.452,79.312,67.248,901.193,341.632,1.488,66.802,22.72,3.388,27,1,High
WDP4B-1037,WDP4B,WR,2010,84,110,154,91.405,2.88,3.559,88.34,83.493,66.579,907.928,330.996,1.504,69.986,23.232,4.122,26,1,High
WDP4B-1037,WDP4B,WR,2010,85,110,156,93.482,3.058,3.006,88.483,85.852,68.982,882.738,343.375,1.559,68.963,22.731,3.808,25,1,High
WDP4B-1037,WDP4B,WR,2010,86,110,158,93.285,2.722,3.556,89.06,86.414,65.328,870.31,346.241,1.403,76.766,22.494,3.803,24,1,High
WDP4B-1037,WDP4B,WR,2010,87,110,160,94.946,2.908,3.272,89.978,84.576,69.65,875.307,357.941,1.409,72.003,23.652,3.364,23,1,High
WDP4B-1037,WDP4B,WR,2010,88,110,162,92.115,2.701,4.064,90.094,86.633,67.442,862.951,352.417,1.358,68.977,23.165,3.524,22,1,High
WDP4B-1037,WDP4B,WR,2010,89,110,164,92.922,2.77,3.614,87.973,84.698,68.81,890.314,330.986,1.543,72.834,22.408,3.578,21,1,High
WDP4B-1037,WDP4B,WR,2010,90,110,166,92.998,2.694,4.176,86.695,85.311,70.136,853.698,349.46,1.241,69.989,22.654,3.667,20,1,High
WDP4B-1037,WDP4B,WR,2010,91,110,168,97.013,2.535,4.257,85.249,80.46,71.753,864.145,347.496,1.394,68.028,22.505,3.48,19,1,High
WDP4B-1037,WDP4B,WR,2010,92,110,170,103.776,2.5,4.478,88.658,85.747,68.617,813.755,355.511,1.355,65.672,22.546,3.626,18,1,High
WDP4B-1037,WDP4B,WR,2010,93,110,172,98.707,2.453,4.084,87.695,84.909,68.578,870.163,366.596,1.376,73.104,22.27,3.186,17,1,High
WDP4B-1037,WDP4B,WR,2010,94,110,174,98.551,2.271,4.592,87.982,88.242,70.86,864.401,352.891,1.345,69.055,22.093,3.447,16,1,High
WDP4B-1037,WDP4B,WR,2010,95,110,176,101.361,2.583,5.014,86.973,88.309,73.831,879.49,345.267,1.154,71.747,22.025,3.085,15,1,High
WDP4B-1037,WDP4B,WR,2010,96,110,178,105.177,2.238,4.854,85.403,87.848,74.993,857.205,367.55,1.176,70.977,22.345,3.53,14,1,High
WDP4B-1037,WDP4B,WR,2010,97,110,180,107.78,2.234,5.101,82.529,86.205,75.234,839.139,344.688,1.237,75.228,22.742,3.45,13,1,High
WDP4B-1037,WDP4B,WR,2010,98,110,0,104.709,2.331,4.737,82.7,91.829,71.117,859.624,363.57,1.18,66.921,22.034,3.248,12,1,High
WDP4B-1037,WDP4B,WR,2010,99,110,2,113.75,2.324,4.787,80.804,94.121,76.553,824.091,392.624,1.214,66.8,22.243,3.367,11,1,High
WDP4B-1037,WDP4B,WR,2010,100,110,4,108.965,2.513,5.332,81.333,89.305,77.348,828.864,375.293,1.045,64.047,21.703,3.122,10,1,Critical
WDP4B-1037,WDP4B,WR,2010,101,110,6,107.093,2.078,6.064,82.639,89.02,76.856,847.41,358.812,1.177,69.393,22.052,3.236,9,1,Critical
WDP4B-1037,WDP4B,WR,2010,102,110,8,106.518,1.808,6.237,82.793,91.153,75.96,827.542,393.713,1.135,76.228,21.864,2.898,8,1,Critical
WDP4B-1037,WDP4B,WR,2010,103,110,10,112.179,2.012,6.638,80.863,94.445,83.494,817.556,380.904,0.868,78.309,21.333,3.166,7,1,Critical
WDP4B-1037,WDP4B,WR,2010,104,110,12,114.458,1.636,6.298,80.598,94.766,78.26,780.633,376.72,1.127,71.024,21.492,3.235,6,1,Critical
WDP4B-1037,WDP4B,WR,2010,105,110,14,118.656,1.507,6.346,77.868,96.17,85.012,789.558,387.152,1.002,62.315,21.594,3.04,5,1,Critical
WDP4B-1037,WDP4B,WR,2010,106,110,16,114.115,1.67,7.052,80.902,96.115,82.879,835.126,386.752,0.989,79.574,21.321,2.861,4,1,Critical
WDP4B-1037,WDP4B,WR,2010,107,110,18,122.073,1.624,7.025,75.422,97.052,85.993,818.246,396.163,0.865,73.266,20.37,3.112,3,1,Critical
WDP4B-1037,WDP4B,WR,2010,108,110,20,124.235,1.57,7.541,78.496,99.108,87.198,821.096,413.149,0.889,70.91,21.203,2.779,2,1,Critical
WDP4B-1037,WDP4B,WR,2010,109,110,22,125.155,1.424,7.697,78.455,103.664,82.534,783.655,417.119,0.82,81.68,20.607,2.94,1,1,Critical
WDP4B-1037,WDP4B,WR,2010,110,110,24,122.622,1.388,8.16,77.148,104.743,89.737,748.681,403.606,0.778,80.421,20.763,2.4,0,1,Critical
WAP5-1038,WAP5,NR,2017,1,90,-2,80.309,3.471,2.046,93.554,71.164,59.027,916.82,304.237,1.874,69.393,24.284,4.232,89,0,Low
WAP5-1038,WAP5,NR,2017,2,90,0,78.217,3.265,1.992,94.316,72.286,57.031,900.984,336.097,1.863,76.228,24.222,3.937,88,0,Low
WAP5-1038,WAP5,NR,2017,3,90,2,82.294,3.535,2.156,93.022,74.521,63.416,895.208,320.112,1.629,78.309,23.823,4.249,87,0,Low
WAP5-1038,WAP5,NR,2017,4,90,4,82.922,3.226,1.568,93.418,73.742,56.984,862.673,312.62,1.922,71.024,24.12,4.364,86,0,Low
WAP5-1038,WAP5,NR,2017,5,90,6,85.403,3.168,1.358,91.376,74.001,62.489,876.163,319.611,1.832,62.315,24.365,4.217,85,0,Low
WAP5-1038,WAP5,NR,2017,6,90,8,79.078,3.405,1.796,95.125,72.757,59.06,926.475,315.635,1.856,79.574,24.24,4.088,84,0,Low
WAP5-1038,WAP5,NR,2017,7,90,10,85.185,3.435,1.492,90.387,72.46,60.83,914.516,321.338,1.771,73.266,23.444,4.39,83,0,Low
WAP5-1038,WAP5,NR,2017,8,90,12,85.43,3.46,1.72,94.229,73.238,60.641,922.465,334.482,1.834,70.91,24.437,4.109,82,0,Low
WAP5-1038,WAP5,NR,2017,9,90,14,84.366,3.396,1.579,94.984,76.471,54.535,890.301,334.477,1.806,81.68,24.007,4.325,81,0,Low
WAP5-1038,WAP5,NR,2017,10,90,16,79.782,3.444,1.734,94.498,76.183,60.247,860.781,316.856,1.806,80.421,24.333,3.842,80,0,Low
WAP5-1038,WAP5,NR,2017,11,90,18,84.489,3.442,1.245,93.341,75.769,60.63,904.337,331.645,1.858,65.934,23.999,4.133,79,0,Low
WAP5-1038,WAP5,NR,2017,12,90,20,79.38,3.586,1.618,95.261,72.623,59.625,953.551,327.158,1.78,70.698,24.007,4.138,78,0,Low
WAP5-1038,WAP5,NR,2017,13,90,22,87.049,3.369,2.1,91.367,77.055,59.406,876.051,334.268,1.653,68.839,24.147,4.409,77,0,Low
WAP5-1038,WAP5,NR,2017,14,90,24,79.275,3.319,1.583,93.617,78.364,62.86,897.428,308.936,1.752,69.584,24.402,4.588,76,0,Low
WAP5-1038,WAP5,NR,2017,15,90,26,80.376,3.569,2.154,91.767,76.191,60.165,905.544,318.84,1.856,75.106,23.873,4.0,75,0,Low
WAP5-1038,WAP5,NR,2017,16,90,28,86.249,3.314,1.262,95.736,76.424,56.968,898.159,309.973,1.765,73.931,24.25,4.152,74,0,Low
WAP5-1038,WAP5,NR,2017,17,90,30,87.892,3.323,1.859,92.183,73.053,64.973,871.623,329.707,1.724,63.677,24.217,4.477,73,0,Low
WAP5-1038,WAP5,NR,2017,18,90,32,83.603,3.449,1.563,92.799,73.954,62.131,890.602,332.916,1.752,67.21,23.805,4.313,72,0,Low
WAP5-1038,WAP5,NR,2017,19,90,34,82.191,3.684,1.938,94.67,79.428,59.322,898.801,329.123,1.757,64.517,23.808,4.499,71,0,Low
WAP5-1038,WAP5,NR,2017,20,90,36,83.032,3.659,2.615,94.861,74.953,58.1,885.189,314.054,1.755,75.068,24.379,4.194,70,0,Low
WAP5-1038,WAP5,NR,2017,21,90,38,83.435,3.388,2.131,91.814,79.301,58.772,885.324,310.987,1.867,66.525,24.226,3.997,69,0,Low
WAP5-1038,WAP5,NR,2017,22,90,40,86.132,3.753,1.968,92.754,72.606,56.268,907.844,330.744,1.723,70.013,23.965,4.117,68,0,Low
WAP5-1038,WAP5,NR,2017,23,90,42,85.042,3.283,2.032,93.99,74.119,60.785,928.932,332.344,1.732,68.281,23.312,3.842,67,0,Low
WAP5-1038,WAP5,NR,2017,24,90,44,83.244,3.274,2.26,94.149,78.398,60.353,921.599,331.789,1.723,77.355,23.906,4.314,66,0,Low
WAP5-1038,WAP5,NR,2017,25,90,46,84.014,3.588,1.897,93.209,80.196,61.409,876.312,304.675,1.767,75.938,24.265,4.24,65,0,Low
WAP5-1038,WAP5,NR,2017,26,90,48,86.002,3.562,1.596,93.968,73.767,62.262,928.298,325.572,1.82,72.818,23.902,4.231,64,0,Low
WAP5-1038,WAP5,NR,2017,27,90,50,81.133,3.494,2.296,94.662,71.405,59.114,876.28,333.85,1.703,68.924,23.894,4.214,63,0,Low
WAP5-1038,WAP5,NR,2017,28,90,52,88.945,3.401,2.221,93.658,73.737,58.138,902.905,315.747,1.743,75.841,24.001,4.152,62,0,Low
WAP5-1038,WAP5,NR,2017,29,90,54,87.642,3.452,1.919,94.683,77.704,60.061,910.171,339.436,1.702,76.261,24.219,4.103,61,0,Low
WAP5-1038,WAP5,NR,2017,30,90,56,85.509,3.394,1.843,93.291,75.013,63.868,918.869,322.92,1.775,75.756,24.019,3.804,60,0,Medium
WAP5-1038,WAP5,NR,2017,31,90,58,83.092,3.715,1.686,93.535,72.032,59.127,875.312,337.799,1.867,63.871,23.908,4.176,59,0,Medium
WAP5-1038,WAP5,NR,2017,32,90,60,77.909,3.479,1.909,93.748,79.007,57.609,867.702,304.769,1.812,71.074,24.059,4.366,58,0,Medium
WAP5-1038,WAP5,NR,2017,33,90,62,82.794,3.555,1.335,94.259,76.215,57.508,923.046,330.832,1.822,73.635,23.96,4.265,57,0,Medium
WAP5-1038,WAP5,NR,2017,34,90,64,83.362,3.177,2.1,94.197,76.554,61.204,908.451,329.951,1.708,65.597,24.339,3.994,56,0,Medium
WAP5-1038,WAP5,NR,2017,35,90,66,82.646,3.165,2.059,94.072,78.828,60.975,882.173,324.029,1.826,74.704,24.066,4.183,55,0,Medium
WAP5-1038,WAP5,NR,2017,36,90,68,83.767,3.328,1.821,94.398,71.884,63.838,873.258,320.645,1.801,76.272,24.121,3.992,54,0,Medium
WAP5-1038,WAP5,NR,2017,37,90,70,87.824,3.199,2.46,91.232,76.849,61.692,878.163,309.95,1.691,75.66,24.31,3.989,53,0,Medium
WAP5-1038,WAP5,NR,2017,38,90,72,82.217,3.386,1.231,94.125,81.881,58.684,921.868,331.257,1.7,60.948,24.26,3.787,52,0,Medium
WAP5-1038,WAP5,NR,2017,39,90,74,78.921,3.424,2.369,91.846,78.163,61.084,886.726,321.501,1.786,71.401,23.96,3.859,51,0,Medium
WAP5-1038,WAP5,NR,2017,40,90,76,89.943,3.675,1.637,94.596,78.211,61.195,867.534,346.192,1.62,69.492,24.008,3.646,50,0,Medium
WAP5-1038,WAP5,NR,2017,41,90,78,79.006,3.451,1.491,93.407,78.547,62.279,914.582,317.117,1.596,72.276,23.331,3.969,49,0,Medium
WAP5-1038,WAP5,NR,2017,42,90,80,84.267,3.288,1.962,93.567,79.067,63.647,896.528,309.508,1.762,74.401,23.771,4.212,48,0,Medium
WAP5-1038,WAP5,NR,2017,43,90,82,79.804,3.308,1.848,95.435,75.536,61.416,904.445,333.401,1.677,77.236,23.42,3.953,47,0,Medium
WAP5-1038,WAP5,NR,2017,44,90,84,78.275,3.052,2.226,93.892,70.897,61.061,867.547,317.441,1.949,76.638,23.548,4.028,46,0,Medium
WAP5-1038,WAP5,NR,2017,45,90,86,82.729,3.466,2.173,91.993,76.8,66.24,887.832,338.94,1.849,70.949,23.783,4.163,45,0,Medium
WAP5-1038,WAP5,NR,2017,46,90,88,85.498,3.659,2.005,93.818,77.042,63.9,902.806,315.766,1.871,81.138,23.162,4.125,44,0,Medium
WAP5-1038,WAP5,NR,2017,47,90,90,85.242,3.319,2.207,93.209,75.815,57.009,891.677,321.844,1.71,75.139,23.857,4.027,43,0,Medium
WAP5-1038,WAP5,NR,2017,48,90,92,86.2,3.417,2.11,92.957,77.584,61.891,911.621,334.186,1.592,71.744,24.045,3.779,42,0,Medium
WAP5-1038,WAP5,NR,2017,49,90,94,83.585,3.446,2.476,92.664,73.692,60.92,899.631,311.627,1.7,77.82,23.78,4.298,41,0,Medium
WAP5-1038,WAP5,NR,2017,50,90,96,83.102,3.46,2.391,93.964,70.453,59.862,917.716,311.111,1.811,80.675,23.804,4.098,40,0,Medium
WAP5-1038,WAP5,NR,2017,51,90,98,81.342,3.573,2.299,91.884,80.552,62.164,910.915,321.135,1.767,74.735,23.565,4.021,39,0,Medium
WAP5-1038,WAP5,NR,2017,52,90,100,84.115,3.441,1.921,93.576,78.798,58.136,880.576,313.679,1.63,76.689,23.984,4.114,38,0,Medium
WAP5-1038,WAP5,NR,2017,53,90,102,82.664,3.145,1.417,92.519,82.139,62.305,886.274,323.806,1.73,60.637,24.323,4.22,37,0,Medium
WAP5-1038,WAP5,NR,2017,54,90,104,83.553,3.212,1.827,92.468,77.938,63.883,881.796,319.673,1.722,80.871,23.193,3.988,36,0,Medium
WAP5-1038,WAP5,NR,2017,55,90,106,82.951,3.711,2.06,90.97,77.644,59.899,902.572,309.211,1.76,78.61,23.97,4.134,35,0,Medium
WAP5-1038,WAP5,NR,2017,56,90,108,75.829,3.321,2.162,93.575,76.463,58.795,911.928,350.302,1.64,69.912,23.731,3.957,34,0,Medium
WAP5-1038,WAP5,NR,2017,57,90,110,80.97,3.406,1.686,95.484,78.337,63.46,907.347,336.529,1.658,69.762,23.231,4.114,33,0,Medium
WAP5-1038,WAP5,NR,2017,58,90,112,87.067,3.673,1.921,93.054,78.751,58.028,907.548,314.559,1.734,67.519,23.293,3.822,32,0,Medium
WAP5-1038,WAP5,NR,2017,59,90,114,83.622,3.618,1.836,94.544,76.378,63.707,871.582,324.736,1.804,75.04,24.43,4.193,31,0,Medium
WAP5-1038,WAP5,NR,2017,60,90,116,90.459,3.008,2.947,92.936,80.906,64.804,893.286,342.823,1.633,72.19,23.446,3.845,30,1,High
WAP5-1038,WAP5,NR,2017,61,90,118,96.068,2.804,2.463,90.027,82.153,59.871,906.269,317.6,1.469,62.334,23.27,4.048,29,1,High
WAP5-1038,WAP5,NR,2017,62,90,120,94.836,3.093,2.613,91.94,80.934,64.468,899.576,325.024,1.564,69.148,23.778,4.011,28,1,High
WAP5-1038,WAP5,NR,2017,63,90,122,91.509,2.957,3.113,90.618,85.622,66.904,887.575,332.81,1.469,70.742,22.82,3.841,27,1,High
WAP5-1038,WAP5,NR,2017,64,90,124,85.172,3.164,2.686,90.206,78.981,67.447,859.694,334.679,1.505,71.26,22.565,4.077,26,1,High
WAP5-1038,WAP5,NR,2017,65,90,126,93.404,2.847,2.862,90.505,80.198,63.125,889.089,332.088,1.428,66.582,23.765,3.527,25,1,High
WAP5-1038,WAP5,NR,2017,66,90,128,92.45,3.088,3.087,90.709,83.837,62.407,890.217,359.786,1.516,75.467,23.909,3.477,24,1,High
WAP5-1038,WAP5,NR,2017,67,90,130,93.673,3.177,3.176,91.281,85.44,68.096,827.256,354.867,1.487,72.621,23.399,3.607,23,1,High
WAP5-1038,WAP5,NR,2017,68,90,132,90.253,2.992,4.146,88.434,77.08,67.026,870.548,317.273,1.521,72.704,23.706,3.952,22,1,High
WAP5-1038,WAP5,NR,2017,69,90,134,96.266,2.949,3.072,88.712,84.628,66.248,862.408,343.128,1.455,67.136,22.821,3.696,21,1,High
WAP5-1038,WAP5,NR,2017,70,90,136,86.345,2.894,3.722,89.335,78.275,73.398,854.899,353.962,1.525,70.204,22.822,3.784,20,1,High
WAP5-1038,WAP5,NR,2017,71,90,138,99.349,2.715,3.865,91.297,81.016,65.551,901.595,369.801,1.581,75.815,22.985,3.944,19,1,High
WAP5-1038,WAP5,NR,2017,72,90,140,97.082,2.586,3.813,88.213,86.387,67.911,863.003,347.23,1.513,74.57,22.79,3.978,18,1,High
WAP5-1038,WAP5,NR,2017,73,90,142,99.188,2.661,3.378,84.539,84.614,68.356,831.663,349.318,1.405,73.315,22.526,3.792,17,1,High
WAP5-1038,WAP5,NR,2017,74,90,144,99.285,2.554,4.139,88.336,78.381,67.825,831.501,361.594,1.321,73.868,22.116,3.419,16,1,High
WAP5-1038,WAP5,NR,2017,75,90,146,98.913,2.574,4.8,87.173,82.69,67.936,874.878,338.24,1.349,73.319,23.005,3.604,15,1,High
WAP5-1038,WAP5,NR,2017,76,90,148,100.299,2.743,4.536,87.287,86.538,70.079,845.862,361.976,1.407,74.553,22.94,3.7,14,1,High
WAP5-1038,WAP5,NR,2017,77,90,150,101.385,2.556,4.794,85.231,87.447,71.878,836.778,347.482,1.225,71.598,21.455,3.553,13,1,High
WAP5-1038,WAP5,NR,2017,78,90,152,96.359,2.561,4.666,85.977,96.942,73.485,855.797,360.854,1.287,77.376,21.945,3.408,12,1,High
WAP5-1038,WAP5,NR,2017,79,90,154,108.281,2.531,5.045,85.932,86.538,72.554,834.332,354.99,1.234,67.59,21.666,2.977,11,1,High
WAP5-1038,WAP5,NR,2017,80,90,156,107.207,2.046,5.703,86.913,88.118,74.997,798.554,375.81,1.317,73.606,21.982,3.137,10,1,Critical
WAP5-1038,WAP5,NR,2017,81,90,158,104.675,2.28,5.342,83.989,91.212,77.925,879.896,358.503,1.144,65.237,21.679,3.447,9,1,Critical
WAP5-1038,WAP5,NR,2017,82,90,160,104.803,2.465,5.726,85.343,94.181,80.914,831.062,375.196,1.234,75.587,21.551,3.163,8,1,Critical
WAP5-1038,WAP5,NR,2017,83,90,162,113.958,2.173,6.225,82.187,94.033,80.538,824.461,382.699,1.215,82.565,21.63,3.353,7,1,Critical
WAP5-1038,WAP5,NR,2017,84,90,164,109.461,1.99,6.024,82.572,92.734,78.226,791.923,387.102,1.115,69.402,21.785,3.071,6,1,Critical
WAP5-1038,WAP5,NR,2017,85,90,166,114.781,2.068,6.44,81.563,94.995,81.539,788.891,397.376,1.13,68.406,21.121,3.299,5,1,Critical
WAP5-1038,WAP5,NR,2017,86,90,168,108.406,1.942,6.716,80.347,91.941,81.539,776.039,397.021,0.942,71.388,21.364,2.894,4,1,Critical
WAP5-1038,WAP5,NR,2017,87,90,170,115.42,2.084,6.384,80.651,98.623,87.27,785.782,403.939,0.913,75.949,20.837,2.651,3,1,Critical
WAP5-1038,WAP5,NR,2017,88,90,172,116.091,1.781,7.43,80.551,101.641,84.466,813.428,381.877,0.944,71.397,20.78,2.493,2,1,Critical
WAP5-1038,WAP5,NR,2017,89,90,174,119.558,1.64,7.354,77.112,104.18,85.502,806.1,389.532,0.928,73.86,20.435,3.14,1,1,Critical
WAP5-1038,WAP5,NR,2017,90,90,176,127.062,1.564,7.244,76.622,100.767,92.277,778.766,379.751,0.853,74.645,20.717,2.605,0,1,Critical
WAP5-1039,WAP5,ER,2020,1,96,-28,83.711,3.526,2.275,92.214,75.34,62.209,903.121,328.779,1.881,65.2,24.863,4.392,95,0,Low
WAP5-1039,WAP5,ER,2020,2,96,-26,82.552,3.399,1.264,92.222,75.591,56.467,868.62,322.953,1.832,64.615,24.43,4.334,94,0,Low
WAP5-1039,WAP5,ER,2020,3,96,-24,85.849,3.598,1.922,93.617,75.275,62.818,929.577,318.924,1.687,68.132,24.463,4.129,93,0,Low
WAP5-1039,WAP5,ER,2020,4,96,-22,82.737,3.524,1.699,91.451,74.427,58.7,961.099,309.906,1.839,68.937,23.502,3.946,92,0,Low
WAP5-1039,WAP5,ER,2020,5,96,-20,82.252,3.559,1.458,94.933,75.878,61.682,863.946,320.37,1.767,68.844,23.239,4.219,91,0,Low
WAP5-1039,WAP5,ER,2020,6,96,-18,85.058,3.341,2.616,92.661,80.676,59.258,912.403,325.415,1.787,75.158,24.031,4.414,90,0,Low
WAP5-1039,WAP5,ER,2020,7,96,-16,85.068,3.466,1.971,93.237,79.899,61.212,904.457,314.379,1.862,73.414,24.22,4.309,89,0,Low
WAP5-1039,WAP5,ER,2020,8,96,-14,73.677,3.131,1.503,93.218,74.008,60.03,920.349,311.809,1.838,74.494,24.72,4.376,88,0,Low
WAP5-1039,WAP5,ER,2020,9,96,-12,89.498,3.265,2.012,93.724,73.643,58.378,874.418,315.648,1.843,76.55,22.952,3.879,87,0,Low
WAP5-1039,WAP5,ER,2020,10,96,-10,83.388,3.542,1.279,94.675,74.627,61.324,906.573,313.481,1.889,75.706,23.91,4.109,86,0,Low
WAP5-1039,WAP5,ER,2020,11,96,-8,81.239,3.398,1.773,95.682,76.772,60.685,906.094,322.217,1.78,73.31,24.18,4.122,85,0,Low
WAP5-1039,WAP5,ER,2020,12,96,-6,81.041,3.374,2.257,94.969,74.933,63.11,869.549,316.847,1.746,74.124,23.835,4.36,84,0,Low
WAP5-1039,WAP5,ER,2020,13,96,-4,84.206,3.647,2.137,96.179,76.174,62.065,901.377,323.646,1.835,74.296,23.462,3.921,83,0,Low
WAP5-1039,WAP5,ER,2020,14,96,-2,79.474,3.831,1.607,93.506,76.361,62.949,894.824,315.048,1.609,68.816,23.9,4.29,82,0,Low
WAP5-1039,WAP5,ER,2020,15,96,0,85.343,3.385,1.959,91.873,76.278,60.467,898.875,330.212,1.888,66.084,23.151,4.251,81,0,Low
WAP5-1039,WAP5,ER,2020,16,96,2,91.63,3.42,2.495,90.554,70.557,61.619,921.729,334.939,1.829,70.218,23.281,4.23,80,0,Low
WAP5-1039,WAP5,ER,2020,17,96,4,83.326,3.518,1.839,92.711,81.7,59.967,922.29,319.635,1.72,72.657,23.852,4.195,79,0,Low
WAP5-1039,WAP5,ER,2020,18,96,6,81.217,3.325,2.236,90.928,69.853,62.372,865.243,333.724,1.791,70.411,24.281,3.901,78,0,Low
WAP5-1039,WAP5,ER,2020,19,96,8,78.388,3.385,2.386,94.147,76.474,60.028,879.943,319.22,1.9,72.976,23.69,4.128,77,0,Low
WAP5-1039,WAP5,ER,2020,20,96,10,79.2,3.383,1.889,94.972,72.263,60.689,859.668,304.409,1.652,73.749,23.481,4.281,76,0,Low
WAP5-1039,WAP5,ER,2020,21,96,12,75.49,3.457,2.09,94.886,73.024,59.011,902.729,332.24,1.932,66.204,24.495,3.903,75,0,Low
WAP5-1039,WAP5,ER,2020,22,96,14,83.685,3.357,2.054,93.062,72.551,58.166,898.426,332.42,1.762,70.335,24.048,4.148,74,0,Low
WAP5-1039,WAP5,ER,2020,23,96,16,82.36,3.351,1.913,95.277,74.105,61.375,917.74,324.909,1.803,70.968,24.528,3.988,73,0,Low
WAP5-1039,WAP5,ER,2020,24,96,18,80.421,3.355,2.515,93.035,68.733,60.254,885.647,309.848,1.777,71.859,23.837,4.052,72,0,Low
WAP5-1039,WAP5,ER,2020,25,96,20,83.683,3.464,1.592,92.673,73.763,65.717,934.65,323.047,1.845,61.225,23.834,4.067,71,0,Low
WAP5-1039,WAP5,ER,2020,26,96,22,84.1,3.368,2.027,95.735,77.213,60.177,872.644,321.278,1.767,71.199,24.448,4.109,70,0,Low
WAP5-1039,WAP5,ER,2020,27,96,24,82.975,3.639,1.855,90.739,74.937,59.774,952.587,325.362,1.656,65.767,24.791,4.204,69,0,Low
WAP5-1039,WAP5,ER,2020,28,96,26,83.532,3.374,1.534,92.285,78.412,62.181,900.166,319.881,1.787,67.049,24.145,4.436,68,0,Low
WAP5-1039,WAP5,ER,2020,29,96,28,90.287,3.56,1.917,92.213,77.345,57.096,924.785,329.265,1.871,72.664,23.602,4.083,67,0,Low
WAP5-1039,WAP5,ER,2020,30,96,30,87.656,3.382,1.981,91.831,72.988,56.943,865.071,327.285,1.708,71.0,23.96,4.206,66,0,Low
WAP5-1039,WAP5,ER,2020,31,96,32,82.373,3.497,1.507,93.028,72.088,63.073,910.437,332.951,1.623,72.845,24.065,4.523,65,0,Low
WAP5-1039,WAP5,ER,2020,32,96,34,87.785,3.507,2.24,92.573,79.776,58.526,857.7,329.032,1.718,75.001,23.223,3.974,64,0,Low
WAP5-1039,WAP5,ER,2020,33,96,36,78.103,3.503,2.506,93.81,78.436,60.033,926.78,338.339,1.742,73.824,23.665,4.121,63,0,Low
WAP5-1039,WAP5,ER,2020,34,96,38,84.023,3.652,2.141,93.856,76.731,59.951,902.699,324.491,1.838,68.227,25.033,4.56,62,0,Low
WAP5-1039,WAP5,ER,2020,35,96,40,89.089,3.372,1.857,92.699,73.899,62.766,888.96,313.437,1.686,68.77,24.327,3.909,61,0,Low
WAP5-1039,WAP5,ER,2020,36,96,42,78.591,3.434,1.699,95.458,75.746,65.62,915.678,326.805,1.909,70.897,23.519,4.478,60,0,Medium
WAP5-1039,WAP5,ER,2020,37,96,44,86.535,3.242,2.017,93.354,78.796,60.385,894.563,331.712,1.814,64.882,23.731,4.152,59,0,Medium
WAP5-1039,WAP5,ER,2020,38,96,46,83.498,3.348,2.051,92.238,78.144,60.485,888.487,318.083,1.828,77.116,23.337,4.237,58,0,Medium
WAP5-1039,WAP5,ER,2020,39,96,48,86.963,3.186,1.654,92.47,79.178,62.742,938.758,317.132,1.817,75.138,23.512,3.783,57,0,Medium
WAP5-1039,WAP5,ER,2020,40,96,50,74.54,3.542,1.871,90.75,75.918,64.039,905.709,314.624,1.767,73.948,23.721,4.198,56,0,Medium
WAP5-1039,WAP5,ER,2020,41,96,52,81.974,3.495,2.255,94.073,79.306,60.645,924.39,330.877,1.808,77.217,23.789,4.019,55,0,Medium
WAP5-1039,WAP5,ER,2020,42,96,54,80.388,3.146,2.283,92.495,77.677,58.402,908.642,334.883,1.811,79.232,24.133,4.054,54,0,Medium
WAP5-1039,WAP5,ER,2020,43,96,56,83.379,3.416,1.98,91.207,76.061,63.439,903.254,330.77,1.727,67.876,23.568,4.139,53,0,Medium
WAP5-1039,WAP5,ER,2020,44,96,58,87.157,3.124,2.131,91.501,75.421,62.013,885.446,330.414,1.723,73.235,24.667,4.055,52,0,Medium
WAP5-1039,WAP5,ER,2020,45,96,60,86.829,3.559,2.148,93.061,77.454,59.063,872.406,318.1,1.729,77.001,23.893,4.077,51,0,Medium
WAP5-1039,WAP5,ER,2020,46,96,62,84.636,3.492,1.696,94.515,76.124,63.033,889.768,328.358,1.778,64.233,23.515,3.934,50,0,Medium
WAP5-1039,WAP5,ER,2020,47,96,64,85.14,3.488,1.992,93.67,77.223,58.204,885.24,323.881,1.695,68.253,23.503,4.468,49,0,Medium
WAP5-1039,WAP5,ER,2020,48,96,66,84.527,3.201,2.262,94.802,77.432,58.46,900.67,322.554,1.692,72.938,24.069,4.403,48,0,Medium
WAP5-1039,WAP5,ER,2020,49,96,68,85.381,3.431,2.63,93.507,76.519,63.001,873.71,328.648,1.643,64.873,24.253,3.688,47,0,Medium
WAP5-1039,WAP5,ER,2020,50,96,70,84.385,3.255,2.043,95.923,79.118,63.171,848.698,319.314,1.76,73.079,23.655,4.108,46,0,Medium
WAP5-1039,WAP5,ER,2020,51,96,72,79.919,3.056,1.527,94.552,80.691,57.732,891.29,320.178,1.79,70.039,23.605,4.046,45,0,Medium
WAP5-1039,WAP5,ER,2020,52,96,74,84.628,3.452,2.273,94.069,79.015,59.305,853.433,330.027,1.738,75.964,23.319,3.879,44,0,Medium
WAP5-1039,WAP5,ER,2020,53,96,76,78.199,3.461,2.079,92.832,74.009,61.959,880.002,313.775,1.639,66.996,23.611,3.984,43,0,Medium
WAP5-1039,WAP5,ER,2020,54,96,78,82.792,3.477,2.69,91.555,75.575,59.563,876.854,323.57,1.727,76.412,24.123,3.723,42,0,Medium
WAP5-1039,WAP5,ER,2020,55,96,80,78.855,3.487,1.907,91.984,76.869,62.835,890.097,323.621,1.662,82.135,23.985,4.068,41,0,Medium
WAP5-1039,WAP5,ER,2020,56,96,82,83.56,3.165,2.373,93.728,79.581,61.93,890.227,327.23,1.7,71.706,24.281,4.492,40,0,Medium
WAP5-1039,WAP5,ER,2020,57,96,84,85.346,3.284,2.149,93.105,77.534,64.272,882.206,326.814,1.819,78.598,23.468,3.959,39,0,Medium
WAP5-1039,WAP5,ER,2020,58,96,86,82.974,3.648,2.82,91.8,77.871,59.259,892.383,334.749,1.715,72.412,23.899,3.892,38,0,Medium
WAP5-1039,WAP5,ER,2020,59,96,88,79.889,3.185,1.851,92.594,79.079,58.893,888.841,305.11,1.79,68.765,23.797,4.294,37,0,Medium
WAP5-1039,WAP5,ER,2020,60,96,90,88.53,3.327,2.247,90.721,82.457,59.815,892.423,345.812,1.712,73.133,24.198,3.909,36,0,Medium
WAP5-1039,WAP5,ER,2020,61,96,92,84.104,3.339,1.42,93.733,75.131,61.939,903.63,332.468,1.641,68.709,23.749,4.102,35,0,Medium
WAP5-1039,WAP5,ER,2020,62,96,94,87.252,3.565,2.442,92.128,74.992,62.131,897.045,330.284,1.738,75.289,24.17,4.341,34,0,Medium
WAP5-1039,WAP5,ER,2020,63,96,96,86.309,3.292,2.173,94.394,80.416,60.117,941.556,329.386,1.734,77.059,24.067,4.109,33,0,Medium
WAP5-1039,WAP5,ER,2020,64,96,98,83.704,3.312,2.228,91.585,75.075,59.869,885.438,324.641,1.665,83.554,24.225,4.406,32,0,Medium
WAP5-1039,WAP5,ER,2020,65,96,100,83.442,3.309,2.136,94.318,82.819,60.677,909.137,308.476,1.73,67.445,23.878,3.883,31,0,Medium
WAP5-1039,WAP5,ER,2020,66,96,102,85.993,2.966,3.046,89.158,79.499,64.453,875.26,345.467,1.583,74.678,23.012,3.636,30,1,High
WAP5-1039,WAP5,ER,2020,67,96,104,91.314,2.817,2.586,92.971,78.94,67.125,907.782,348.943,1.423,68.462,23.141,3.641,29,1,High
WAP5-1039,WAP5,ER,2020,68,96,106,91.86,2.837,2.816,88.865,79.966,63.539,903.778,355.122,1.464,69.188,24.116,3.772,28,1,High
WAP5-1039,WAP5,ER,2020,69,96,108,95.162,2.679,3.01,92.173,82.37,66.729,886.78,346.28,1.328,71.482,23.379,3.807,27,1,High
WAP5-1039,WAP5,ER,2020,70,96,110,89.811,2.827,3.777,92.283,79.311,67.818,846.099,333.086,1.547,67.792,23.226,3.815,26,1,High
WAP5-1039,WAP5,ER,2020,71,96,112,94.068,2.915,3.242,92.273,85.164,66.022,903.494,337.313,1.498,73.007,23.562,3.7,25,1,High
WAP5-1039,WAP5,ER,2020,72,96,114,86.507,2.992,3.555,91.563,83.723,64.418,880.637,321.354,1.522,67.53,23.133,3.976,24,1,High
WAP5-1039,WAP5,ER,2020,73,96,116,91.692,2.624,3.14,88.318,83.303,64.387,898.688,337.701,1.499,68.773,22.459,3.551,23,1,High
WAP5-1039,WAP5,ER,2020,74,96,118,98.267,2.881,3.19,91.003,80.448,67.288,888.116,347.875,1.349,71.837,22.248,3.764,22,1,High
WAP5-1039,WAP5,ER,2020,75,96,120,95.713,2.651,3.285,88.536,81.269,66.765,907.952,337.858,1.497,72.284,23.315,3.518,21,1,High
WAP5-1039,WAP5,ER,2020,76,96,122,93.368,2.369,4.046,89.03,83.586,66.609,859.026,335.154,1.331,68.115,23.632,2.94,20,1,High
WAP5-1039,WAP5,ER,2020,77,96,124,97.322,2.819,3.802,89.364,83.158,66.446,871.909,359.968,1.489,74.521,22.566,3.696,19,1,High
WAP5-1039,WAP5,ER,2020,78,96,126,93.902,2.621,3.591,88.808,85.594,67.978,856.411,347.049,1.457,69.206,23.397,3.481,18,1,High
WAP5-1039,WAP5,ER,2020,79,96,128,93.923,2.505,3.911,89.483,84.463,71.419,863.255,360.456,1.396,74.474,22.648,3.571,17,1,High
WAP5-1039,WAP5,ER,2020,80,96,130,94.47,2.471,4.405,87.626,92.217,72.222,896.349,354.155,1.256,76.488,22.407,3.498,16,1,High
WAP5-1039,WAP5,ER,2020,81,96,132,97.365,2.683,4.808,87.006,86.519,70.647,853.378,336.287,1.15,76.204,22.354,3.607,15,1,High
WAP5-1039,WAP5,ER,2020,82,96,134,102.695,2.484,4.662,87.44,91.578,71.85,840.788,362.207,1.371,80.024,22.109,3.525,14,1,High
WAP5-1039,WAP5,ER,2020,83,96,136,103.069,2.546,4.821,83.293,85.541,72.664,854.252,367.712,1.359,74.01,22.088,3.126,13,1,High
WAP5-1039,WAP5,ER,2020,84,96,138,101.033,2.585,4.463,83.723,89.034,75.674,818.97,356.692,1.148,79.098,22.701,3.193,12,1,High
WAP5-1039,WAP5,ER,2020,85,96,140,101.224,2.183,5.057,83.465,91.436,77.582,840.875,365.239,1.18,78.287,22.766,3.385,11,1,High
WAP5-1039,WAP5,ER,2020,86,96,142,105.609,2.294,5.267,84.818,89.352,76.623,823.549,370.662,1.179,80.163,21.755,3.258,10,1,Critical
WAP5-1039,WAP5,ER,2020,87,96,144,100.736,2.165,5.841,85.432,92.04,78.472,843.871,366.677,1.161,69.198,22.651,3.209,9,1,Critical
WAP5-1039,WAP5,ER,2020,88,96,146,108.623,2.18,5.934,83.396,94.141,79.648,820.082,383.847,1.178,70.777,21.988,3.106,8,1,Critical
WAP5-1039,WAP5,ER,2020,89,96,148,113.531,2.132,5.901,83.332,92.41,81.983,849.664,377.953,1.132,73.527,21.981,3.24,7,1,Critical
WAP5-1039,WAP5,ER,2020,90,96,150,106.497,1.968,6.831,82.992,95.327,80.53,831.663,383.491,1.125,80.237,21.042,3.479,6,1,Critical
WAP5-1039,WAP5,ER,2020,91,96,152,116.927,1.734,6.785,79.411,98.289,82.354,811.856,378.581,1.063,63.835,21.488,2.745,5,1,Critical
WAP5-1039,WAP5,ER,2020,92,96,154,118.183,1.917,6.992,81.392,96.982,84.289,841.557,371.524,0.981,71.759,21.215,2.925,4,1,Critical
WAP5-1039,WAP5,ER,2020,93,96,156,116.072,1.819,6.894,79.506,98.758,85.446,783.476,409.171,1.022,71.229,21.414,3.098,3,1,Critical
WAP5-1039,WAP5,ER,2020,94,96,158,122.01,1.725,8.026,76.714,101.509,89.079,811.278,404.651,0.799,67.802,21.363,3.244,2,1,Critical
WAP5-1039,WAP5,ER,2020,95,96,160,123.839,1.746,7.986,78.582,103.343,88.919,784.621,413.602,0.848,70.327,20.518,3.279,1,1,Critical
WAP5-1039,WAP5,ER,2020,96,96,162,121.96,1.562,8.519,77.053,105.333,86.282,793.639,403.591,0.859,86.061,20.738,2.74,0,1,Critical
WAP5-1040,WAP5,ER,2018,1,113,-36,81.102,3.44,1.644,90.954,74.232,63.076,870.676,329.17,1.774,74.086,23.957,4.139,112,0,Low
WAP5-1040,WAP5,ER,2018,2,113,-34,84.766,3.513,1.566,93.767,75.588,63.642,908.413,317.54,1.732,81.522,24.609,4.454,111,0,Low
WAP5-1040,WAP5,ER,2018,3,113,-32,81.814,3.397,1.872,93.623,74.617,62.345,878.773,298.757,1.851,71.277,24.657,4.367,110,0,Low
WAP5-1040,WAP5,ER,2018,4,113,-30,88.383,3.467,1.849,96.134,72.637,59.026,906.856,314.273,1.808,69.169,24.551,4.099,109,0,Low
WAP5-1040,WAP5,ER,2018,5,113,-28,82.287,3.644,1.66,93.754,73.582,63.242,913.231,300.984,1.837,82.175,24.731,3.804,108,0,Low
WAP5-1040,WAP5,ER,2018,6,113,-26,82.894,3.731,1.871,96.993,79.766,59.746,946.613,344.709,1.727,68.821,24.431,4.544,107,0,Low
WAP5-1040,WAP5,ER,2018,7,113,-24,75.729,3.472,1.849,94.067,75.21,59.599,904.32,308.263,1.679,72.226,23.537,4.252,106,0,Low
WAP5-1040,WAP5,ER,2018,8,113,-22,80.429,3.362,1.5,92.196,73.431,61.711,897.666,323.552,1.712,67.683,24.465,4.139,105,0,Low
WAP5-1040,WAP5,ER,2018,9,113,-20,82.331,3.579,2.386,90.923,75.984,58.831,926.097,341.11,1.784,71.622,24.044,4.462,104,0,Low
WAP5-1040,WAP5,ER,2018,10,113,-18,79.507,3.492,1.615,93.205,69.823,59.047,875.963,306.161,1.753,53.291,23.216,4.003,103,0,Low
WAP5-1040,WAP5,ER,2018,11,113,-16,80.54,3.392,1.375,94.347,73.977,63.205,874.558,341.956,1.693,66.826,23.615,4.036,102,0,Low
WAP5-1040,WAP5,ER,2018,12,113,-14,89.841,3.527,1.888,95.66,78.207,61.471,870.058,321.676,1.699,75.387,23.86,4.071,101,0,Low
WAP5-1040,WAP5,ER,2018,13,113,-12,87.389,3.416,1.313,92.621,73.104,60.017,918.7,318.83,1.858,73.743,23.943,4.197,100,0,Low
WAP5-1040,WAP5,ER,2018,14,113,-10,84.871,3.456,1.995,93.039,74.74,55.491,904.486,316.212,1.804,80.276,24.012,4.406,99,0,Low
WAP5-1040,WAP5,ER,2018,15,113,-8,82.843,3.47,2.392,94.823,76.7,57.458,907.958,319.689,1.957,63.216,23.557,4.522,98,0,Low
WAP5-1040,WAP5,ER,2018,16,113,-6,82.339,3.551,1.721,95.765,73.878,61.365,909.713,325.883,1.744,61.49,23.687,4.187,97,0,Low
WAP5-1040,WAP5,ER,2018,17,113,-4,91.99,3.352,2.174,94.688,73.321,59.892,888.644,324.664,1.713,67.188,24.105,4.184,96,0,Low
WAP5-1040,WAP5,ER,2018,18,113,-2,84.443,3.17,2.236,95.436,76.14,60.507,904.641,332.399,1.878,67.628,23.641,4.165,95,0,Low
WAP5-1040,WAP5,ER,2018,19,113,0,81.787,3.573,1.869,94.569,73.763,61.126,901.839,314.213,1.75,77.732,23.995,4.449,94,0,Low
WAP5-1040,WAP5,ER,2018,20,113,2,85.934,3.574,1.696,93.576,79.808,64.42,890.505,308.966,1.905,68.714,23.975,4.106,93,0,Low
WAP5-1040,WAP5,ER,2018,21,113,4,83.617,3.367,1.991,95.169,72.967,59.506,934.564,315.676,1.809,69.466,24.725,4.095,92,0,Low
WAP5-1040,WAP5,ER,2018,22,113,6,85.456,3.657,1.609,96.59,80.709,57.481,908.201,313.7,1.929,70.274,23.64,4.121,91,0,Low
WAP5-1040,WAP5,ER,2018,23,113,8,77.045,3.523,1.912,95.107,74.549,62.691,877.039,339.46,1.793,69.718,23.601,4.07,90,0,Low
WAP5-1040,WAP5,ER,2018,24,113,10,85.935,3.627,1.937,94.555,75.407,56.337,917.936,305.336,1.691,67.538,23.965,4.202,89,0,Low
WAP5-1040,WAP5,ER,2018,25,113,12,82.651,3.797,1.199,92.919,72.466,60.234,894.407,329.005,1.719,78.724,23.823,4.04,88,0,Low
WAP5-1040,WAP5,ER,2018,26,113,14,84.016,3.467,1.39,93.389,73.001,61.331,875.787,327.119,1.657,80.422,23.938,4.301,87,0,Low
WAP5-1040,WAP5,ER,2018,27,113,16,88.893,3.533,2.078,94.509,78.163,60.678,915.219,318.523,1.761,73.819,24.574,4.508,86,0,Low
WAP5-1040,WAP5,ER,2018,28,113,18,86.829,3.406,2.005,97.842,76.811,60.747,904.227,328.051,1.638,77.43,24.064,4.191,85,0,Low
WAP5-1040,WAP5,ER,2018,29,113,20,81.358,3.265,1.5,94.793,72.651,63.594,912.622,308.597,1.683,68.563,24.247,4.288,84,0,Low
WAP5-1040,WAP5,ER,2018,30,113,22,80.659,3.536,2.001,93.64,79.618,60.107,963.374,316.893,1.872,81.053,23.592,4.088,83,0,Low
WAP5-1040,WAP5,ER,2018,31,113,24,87.048,3.385,1.259,93.23,77.48,59.976,889.547,318.374,1.791,78.199,24.16,4.248,82,0,Low
WAP5-1040,WAP5,ER,2018,32,113,26,85.419,3.43,2.094,92.998,71.657,62.972,874.93,312.826,1.888,77.073,23.227,4.228,81,0,Low
WAP5-1040,WAP5,ER,2018,33,113,28,84.995,3.55,1.705,93.789,76.298,57.601,920.077,326.746,1.863,73.497,23.634,4.253,80,0,Low
WAP5-1040,WAP5,ER,2018,34,113,30,86.214,3.321,2.036,93.844,75.26,64.407,886.745,314.761,1.599,69.711,24.291,3.904,79,0,Low
WAP5-1040,WAP5,ER,2018,35,113,32,85.744,3.268,2.19,92.346,73.541,60.271,875.949,312.898,1.673,72.625,23.412,4.193,78,0,Low
WAP5-1040,WAP5,ER,2018,36,113,34,84.005,3.369,1.504,93.477,72.46,59.379,888.202,314.906,1.816,83.143,25.048,3.985,77,0,Low
WAP5-1040,WAP5,ER,2018,37,113,36,80.134,3.367,2.056,95.118,76.05,60.991,869.404,325.849,1.742,70.961,23.956,4.177,76,0,Low
WAP5-1040,WAP5,ER,2018,38,113,38,85.099,3.377,1.629,91.173,77.287,60.602,929.616,325.859,1.796,72.395,24.253,3.977,75,0,Low
WAP5-1040,WAP5,ER,2018,39,113,40,81.608,3.651,1.851,93.043,73.944,59.303,874.025,334.775,1.794,75.741,23.675,3.708,74,0,Low
WAP5-1040,WAP5,ER,2018,40,113,42,79.594,3.094,1.696,94.279,75.945,61.005,877.892,322.491,1.661,88.983,23.87,3.997,73,0,Low
WAP5-1040,WAP5,ER,2018,41,113,44,89.05,3.323,1.827,93.088,74.734,60.479,891.967,323.361,1.61,72.373,23.709,4.073,72,0,Low
WAP5-1040,WAP5,ER,2018,42,113,46,82.667,3.613,2.016,93.408,74.631,62.898,868.775,313.309,1.692,63.126,24.334,4.185,71,0,Low
WAP5-1040,WAP5,ER,2018,43,113,48,85.405,3.432,2.342,93.142,79.408,63.305,903.302,328.385,1.851,75.352,24.205,4.18,70,0,Low
WAP5-1040,WAP5,ER,2018,44,113,50,83.072,3.358,2.117,95.742,75.253,61.596,932.48,318.965,1.846,80.182,23.876,4.008,69,0,Low
WAP5-1040,WAP5,ER,2018,45,113,52,79.451,3.249,2.508,92.404,75.16,62.973,915.229,323.442,1.787,71.449,23.76,4.029,68,0,Low
WAP5-1040,WAP5,ER,2018,46,113,54,86.693,3.499,2.036,92.644,73.813,60.125,875.942,322.531,1.723,66.919,24.25,3.96,67,0,Low
WAP5-1040,WAP5,ER,2018,47,113,56,86.889,3.642,2.245,96.455,82.185,57.078,895.373,337.891,1.793,69.473,23.809,4.287,66,0,Low
WAP5-1040,WAP5,ER,2018,48,113,58,80.554,3.52,2.039,90.047,74.494,59.449,880.261,321.24,1.836,70.425,23.806,4.03,65,0,Low
WAP5-1040,WAP5,ER,2018,49,113,60,79.81,3.457,2.389,93.612,78.082,62.17,893.805,315.056,1.733,59.446,23.966,3.998,64,0,Low
WAP5-1040,WAP5,ER,2018,50,113,62,89.879,3.263,2.382,92.159,79.41,67.031,867.256,337.662,1.814,75.97,24.015,4.076,63,0,Low
WAP5-1040,WAP5,ER,2018,51,113,64,84.713,3.281,1.875,96.236,80.277,60.376,894.207,318.96,1.743,82.305,23.192,4.376,62,0,Low
WAP5-1040,WAP5,ER,2018,52,113,66,84.0,3.453,2.631,92.808,72.922,63.241,884.12,331.277,1.758,76.275,23.985,4.184,61,0,Low
WAP5-1040,WAP5,ER,2018,53,113,68,83.25,3.134,2.259,93.491,74.033,62.38,903.274,332.741,1.774,68.964,23.298,4.277,60,0,Medium
WAP5-1040,WAP5,ER,2018,54,113,70,81.323,3.45,2.254,91.226,75.46,60.09,887.483,333.71,1.813,77.47,24.339,4.38,59,0,Medium
WAP5-1040,WAP5,ER,2018,55,113,72,79.336,3.255,1.722,94.881,75.017,63.199,871.572,317.892,1.67,73.823,23.862,4.252,58,0,Medium
WAP5-1040,WAP5,ER,2018,56,113,74,81.548,3.499,2.075,92.629,76.13,62.977,864.113,329.271,1.762,73.107,24.207,3.842,57,0,Medium
WAP5-1040,WAP5,ER,2018,57,113,76,87.746,3.501,2.686,92.275,73.245,63.126,876.466,323.838,1.734,63.409,23.595,3.883,56,0,Medium
WAP5-1040,WAP5,ER,2018,58,113,78,80.721,3.208,1.791,93.307,82.268,63.793,896.782,336.184,1.86,78.484,23.423,3.884,55,0,Medium
WAP5-1040,WAP5,ER,2018,59,113,80,80.668,3.324,2.396,93.144,79.746,62.863,884.073,331.346,1.761,70.622,23.559,4.336,54,0,Medium
WAP5-1040,WAP5,ER,2018,60,113,82,84.399,3.247,1.678,89.566,78.763,61.447,914.107,329.802,1.572,68.554,24.271,3.82,53,0,Medium
WAP5-1040,WAP5,ER,2018,61,113,84,80.385,3.498,2.102,95.228,75.721,59.557,873.429,322.609,1.632,71.478,24.074,3.881,52,0,Medium
WAP5-1040,WAP5,ER,2018,62,113,86,85.228,3.315,2.194,94.147,80.739,64.811,894.259,331.8,1.593,66.145,23.719,4.11,51,0,Medium
WAP5-1040,WAP5,ER,2018,63,113,88,87.814,3.363,1.724,93.068,80.521,57.074,901.815,325.32,1.647,72.045,24.434,4.321,50,0,Medium
WAP5-1040,WAP5,ER,2018,64,113,90,86.153,3.109,2.16,93.541,80.167,59.999,877.378,322.196,1.782,72.444,24.147,4.227,49,0,Medium
WAP5-1040,WAP5,ER,2018,65,113,92,81.898,3.254,2.922,90.033,73.517,62.714,889.913,321.715,1.732,73.772,24.229,4.312,48,0,Medium
WAP5-1040,WAP5,ER,2018,66,113,94,84.674,3.495,1.835,93.335,75.369,59.672,910.602,326.083,1.731,65.626,24.038,3.754,47,0,Medium
WAP5-1040,WAP5,ER,2018,67,113,96,89.066,3.71,2.045,93.592,75.406,64.292,877.588,327.851,1.866,67.426,23.443,4.225,46,0,Medium
WAP5-1040,WAP5,ER,2018,68,113,98,85.865,3.417,2.655,95.038,79.864,63.538,868.246,333.746,1.699,74.323,24.143,4.145,45,0,Medium
WAP5-1040,WAP5,ER,2018,69,113,100,88.34,3.298,2.082,92.028,78.277,59.891,913.283,325.925,1.594,72.097,24.878,3.909,44,0,Medium
WAP5-1040,WAP5,ER,2018,70,113,102,83.743,3.28,1.64,96.781,78.159,63.795,922.438,330.765,1.619,73.902,23.434,4.112,43,0,Medium
WAP5-1040,WAP5,ER,2018,71,113,104,81.931,3.197,2.593,96.032,76.981,63.593,926.056,317.548,1.787,72.381,24.303,4.001,42,0,Medium
WAP5-1040,WAP5,ER,2018,72,113,106,85.368,3.532,2.411,90.678,75.973,64.059,896.666,330.658,1.602,67.648,24.558,4.052,41,0,Medium
WAP5-1040,WAP5,ER,2018,73,113,108,85.937,3.285,2.295,90.668,76.907,63.705,910.15,338.276,1.59,68.108,23.888,4.026,40,0,Medium
WAP5-1040,WAP5,ER,2018,74,113,110,86.754,3.424,2.358,92.833,76.382,60.687,867.975,341.519,1.743,69.014,24.159,3.825,39,0,Medium
WAP5-1040,WAP5,ER,2018,75,113,112,85.617,3.252,2.014,93.092,77.18,64.424,881.841,324.231,1.74,71.314,24.249,3.736,38,0,Medium
WAP5-1040,WAP5,ER,2018,76,113,114,85.726,3.216,2.138,93.082,76.482,57.895,890.4,326.129,1.54,69.466,23.13,4.016,37,0,Medium
WAP5-1040,WAP5,ER,2018,77,113,116,85.37,3.232,1.815,91.751,75.0,62.455,893.339,327.597,1.801,82.184,23.799,4.287,36,0,Medium
WAP5-1040,WAP5,ER,2018,78,113,118,87.391,3.077,2.226,92.113,81.74,57.012,868.474,330.027,1.649,72.979,23.439,3.936,35,0,Medium
WAP5-1040,WAP5,ER,2018,79,113,120,87.114,3.359,2.385,90.591,75.936,63.003,904.98,317.224,1.599,73.233,23.761,3.869,34,0,Medium
WAP5-1040,WAP5,ER,2018,80,113,122,88.967,3.284,2.104,93.968,73.97,61.544,884.385,325.937,1.582,82.414,24.162,4.239,33,0,Medium
WAP5-1040,WAP5,ER,2018,81,113,124,79.551,3.375,2.325,93.543,74.303,62.38,891.353,336.464,1.698,75.488,23.611,4.354,32,0,Medium
WAP5-1040,WAP5,ER,2018,82,113,126,89.5,3.437,3.048,94.384,77.204,59.571,880.621,331.175,1.622,76.946,23.364,4.415,31,0,Medium
WAP5-1040,WAP5,ER,2018,83,113,128,86.826,2.74,3.651,90.965,81.384,64.69,892.348,324.964,1.466,71.553,22.975,3.386,30,1,High
WAP5-1040,WAP5,ER,2018,84,113,130,95.746,3.265,2.794,91.06,76.917,67.649,909.194,351.334,1.362,66.69,23.134,3.949,29,1,High
WAP5-1040,WAP5,ER,2018,85,113,132,95.651,2.637,3.111,90.919,85.181,68.707,869.198,344.279,1.323,65.162,22.725,3.809,28,1,High
WAP5-1040,WAP5,ER,2018,86,113,134,88.699,3.081,2.9,89.46,82.203,68.409,867.099,330.643,1.369,75.163,23.404,3.723,27,1,High
WAP5-1040,WAP5,ER,2018,87,113,136,97.535,2.7,3.416,90.178,83.419,68.102,889.849,347.469,1.504,70.393,22.879,3.93,26,1,High
WAP5-1040,WAP5,ER,2018,88,113,138,89.843,2.861,4.076,87.358,80.534,69.141,834.852,331.892,1.409,71.511,23.47,3.282,25,1,High
WAP5-1040,WAP5,ER,2018,89,113,140,95.41,2.571,3.725,87.464,81.957,67.817,896.106,343.528,1.54,67.306,23.031,3.934,24,1,High
WAP5-1040,WAP5,ER,2018,90,113,142,94.646,2.408,3.585,89.463,83.483,65.486,849.771,340.064,1.543,71.712,22.897,3.262,23,1,High
WAP5-1040,WAP5,ER,2018,91,113,144,94.474,2.835,4.135,89.416,83.763,66.634,879.73,353.672,1.479,64.409,22.765,3.395,22,1,High
WAP5-1040,WAP5,ER,2018,92,113,146,96.916,2.741,3.657,89.966,84.626,66.69,901.811,332.679,1.366,66.082,22.78,3.576,21,1,High
WAP5-1040,WAP5,ER,2018,93,113,148,96.63,2.466,4.538,85.628,80.488,67.459,879.702,350.102,1.362,75.775,23.019,3.56,20,1,High
WAP5-1040,WAP5,ER,2018,94,113,150,100.223,2.174,3.742,88.351,83.907,70.873,856.984,363.81,1.385,67.343,21.929,3.584,19,1,High
WAP5-1040,WAP5,ER,2018,95,113,152,100.988,2.492,4.883,84.395,88.27,70.133,817.684,372.871,1.49,63.817,22.433,3.048,18,1,High
WAP5-1040,WAP5,ER,2018,96,113,154,93.952,2.571,4.539,88.505,88.793,71.681,850.851,359.487,1.425,70.425,22.856,3.214,17,1,High
WAP5-1040,WAP5,ER,2018,97,113,156,97.375,2.485,4.427,86.955,84.31,70.406,833.655,352.752,1.214,76.193,22.878,3.457,16,1,High
WAP5-1040,WAP5,ER,2018,98,113,158,101.231,2.348,4.848,86.004,84.392,75.098,848.986,365.435,1.287,67.651,22.833,3.447,15,1,High
WAP5-1040,WAP5,ER,2018,99,113,160,102.126,2.192,4.634,83.85,85.554,73.023,833.603,349.295,1.214,67.735,22.562,3.138,14,1,High
WAP5-1040,WAP5,ER,2018,100,113,162,104.811,2.154,5.381,86.221,86.4,73.903,836.658,382.87,1.159,69.155,21.762,3.46,13,1,High
WAP5-1040,WAP5,ER,2018,101,113,164,103.739,2.174,5.249,85.11,92.386,74.34,837.326,388.814,1.208,71.668,21.687,3.35,12,1,High
WAP5-1040,WAP5,ER,2018,102,113,166,110.6,2.387,5.26,86.042,92.787,72.982,804.959,378.184,1.219,75.779,21.506,3.12,11,1,High
WAP5-1040,WAP5,ER,2018,103,113,168,106.057,2.336,4.948,82.214,97.897,76.61,868.955,375.5,0.993,76.898,21.599,3.237,10,1,Critical
WAP5-1040,WAP5,ER,2018,104,113,170,108.566,2.059,6.171,84.641,93.394,79.373,856.298,376.142,1.073,76.854,21.337,3.425,9,1,Critical
WAP5-1040,WAP5,ER,2018,105,113,172,108.91,1.897,6.336,80.358,95.528,80.59,846.568,365.823,0.933,72.32,21.639,2.916,8,1,Critical
WAP5-1040,WAP5,ER,2018,106,113,174,107.596,1.681,6.226,82.245,99.404,80.864,839.564,386.819,1.053,78.387,21.443,3.146,7,1,Critical
WAP5-1040,WAP5,ER,2018,107,113,176,111.651,1.771,6.542,79.383,97.137,83.935,814.383,399.974,0.952,69.371,20.997,2.94,6,1,Critical
WAP5-1040,WAP5,ER,2018,108,113,178,118.478,1.725,6.006,81.472,100.904,81.321,813.575,377.431,0.923,69.185,21.706,2.976,5,1,Critical
WAP5-1040,WAP5,ER,2018,109,113,180,117.445,1.855,6.62,79.768,94.808,80.865,804.346,375.78,0.976,72.696,20.979,2.894,4,1,Critical
WAP5-1040,WAP5,ER,2018,110,113,0,119.293,1.823,7.484,78.686,103.259,85.134,778.116,388.841,0.784,74.281,20.454,3.149,3,1,Critical
WAP5-1040,WAP5,ER,2018,111,113,2,122.931,1.399,7.41,79.364,104.906,86.833,757.288,399.577,0.862,71.553,20.431,3.075,2,1,Critical
WAP5-1040,WAP5,ER,2018,112,113,4,121.556,1.358,8.051,74.969,105.089,87.75,813.084,380.951,0.821,63.909,20.055,3.069,1,1,Critical
WAP5-1040,WAP5,ER,2018,113,113,6,124.449,1.409,8.547,73.153,101.924,90.97,796.667,409.464,0.753,68.523,19.929,2.612,0,1,Critical
WAG9-1041,WAG9,ER,2018,1,198,-10,80.855,3.411,1.816,94.465,77.13,59.371,896.336,342.039,1.827,71.668,23.594,4.242,197,0,Low
WAG9-1041,WAG9,ER,2018,2,198,-8,86.399,3.68,1.63,95.925,76.653,57.06,867.468,328.767,1.865,75.779,23.523,4.049,196,0,Low
WAG9-1041,WAG9,ER,2018,3,198,-6,80.472,3.686,1.11,92.653,80.841,59.685,935.141,323.309,1.668,76.898,23.731,4.205,195,0,Low
WAG9-1041,WAG9,ER,2018,4,198,-4,81.53,3.469,2.116,95.661,75.37,61.397,926.338,321.042,1.779,76.854,23.59,4.434,194,0,Low
WAG9-1041,WAG9,ER,2018,5,198,-2,80.357,3.37,2.053,91.986,76.493,61.514,920.64,307.681,1.669,72.32,24.018,3.967,193,0,Low
WAG9-1041,WAG9,ER,2018,6,198,0,77.458,3.22,1.706,94.508,79.312,60.639,917.846,325.503,1.822,78.387,23.954,4.242,192,0,Low
WAG9-1041,WAG9,ER,2018,7,198,2,79.863,3.378,1.774,92.308,75.945,62.512,897.053,335.349,1.755,69.371,23.646,4.082,191,0,Low
WAG9-1041,WAG9,ER,2018,8,198,4,84.972,3.404,0.98,95.085,78.567,58.651,900.81,309.364,1.762,69.185,24.498,4.165,190,0,Low
WAG9-1041,WAG9,ER,2018,9,198,6,82.156,3.607,1.327,94.097,71.281,56.899,896.324,304.138,1.852,72.696,23.92,4.133,189,0,Low
WAG9-1041,WAG9,ER,2018,10,198,8,82.153,3.651,1.913,93.756,78.499,59.824,875.016,313.491,1.698,74.281,23.549,4.439,188,0,Low
WAG9-1041,WAG9,ER,2018,11,198,10,83.874,3.306,1.552,95.202,78.867,60.129,859.286,320.385,1.816,71.553,23.686,4.418,187,0,Low
WAG9-1041,WAG9,ER,2018,12,198,12,80.514,3.346,1.894,91.602,77.728,59.604,920.36,297.785,1.815,63.909,23.475,4.467,186,0,Low
WAG9-1041,WAG9,ER,2018,13,198,14,81.357,3.482,2.083,90.608,73.196,61.333,909.397,322.189,1.789,68.523,23.52,4.067,185,0,Low
WAG9-1041,WAG9,ER,2018,14,198,16,84.962,3.464,1.551,94.342,73.502,58.024,937.084,328.63,1.903,76.78,23.633,4.201,184,0,Low
WAG9-1041,WAG9,ER,2018,15,198,18,84.736,3.255,1.379,93.594,75.339,57.699,926.938,337.02,1.815,65.496,23.829,3.928,183,0,Low
WAG9-1041,WAG9,ER,2018,16,198,20,80.433,3.476,2.071,94.931,74.793,59.963,905.106,332.119,1.677,74.641,23.904,4.333,182,0,Low
WAG9-1041,WAG9,ER,2018,17,198,22,83.601,3.641,1.943,92.609,78.851,61.187,919.218,312.92,1.871,77.246,23.538,4.039,181,0,Low
WAG9-1041,WAG9,ER,2018,18,198,24,82.826,3.541,2.052,94.968,76.009,65.158,891.003,323.501,1.739,69.643,23.807,3.72,180,0,Low
WAG9-1041,WAG9,ER,2018,19,198,26,87.174,3.551,1.423,90.654,73.982,62.932,876.434,328.489,1.8,69.072,23.647,4.237,179,0,Low
WAG9-1041,WAG9,ER,2018,20,198,28,86.066,3.142,2.062,94.275,74.331,60.27,910.553,314.131,1.861,64.342,24.023,3.738,178,0,Low
WAG9-1041,WAG9,ER,2018,21,198,30,80.01,3.49,1.805,90.974,73.594,60.035,904.348,306.083,1.736,70.87,24.384,4.09,177,0,Low
WAG9-1041,WAG9,ER,2018,22,198,32,83.384,3.381,1.552,94.147,76.243,61.105,882.475,321.592,1.882,66.559,24.009,4.296,176,0,Low
WAG9-1041,WAG9,ER,2018,23,198,34,79.96,3.389,1.841,92.598,77.234,60.225,896.91,329.25,1.675,73.294,23.8,4.129,175,0,Low
WAG9-1041,WAG9,ER,2018,24,198,36,83.588,3.429,2.078,93.759,71.557,60.455,923.955,307.064,1.836,82.016,23.712,4.239,174,0,Low
WAG9-1041,WAG9,ER,2018,25,198,38,84.067,3.494,2.418,93.615,75.432,60.966,889.418,320.519,1.704,59.589,23.785,4.229,173,0,Low
WAG9-1041,WAG9,ER,2018,26,198,40,84.899,3.374,2.088,96.631,76.038,62.384,881.954,314.978,1.711,66.766,24.306,4.282,172,0,Low
WAG9-1041,WAG9,ER,2018,27,198,42,88.923,3.499,2.288,96.311,77.764,59.118,902.834,317.434,1.696,72.065,24.78,4.318,171,0,Low
WAG9-1041,WAG9,ER,2018,28,198,44,84.052,3.258,2.165,93.746,71.311,58.49,892.051,312.148,1.682,55.582,23.747,4.184,170,0,Low
WAG9-1041,WAG9,ER,2018,29,198,46,81.89,3.44,1.55,96.547,80.441,60.696,891.17,326.898,1.707,70.36,23.87,4.099,169,0,Low
WAG9-1041,WAG9,ER,2018,30,198,48,81.493,3.335,1.876,94.965,77.001,60.697,891.289,320.56,1.763,67.899,24.696,4.063,168,0,Low
WAG9-1041,WAG9,ER,2018,31,198,50,86.232,3.305,2.158,96.045,77.267,62.312,909.728,326.105,1.719,67.473,24.712,4.186,167,0,Low
WAG9-1041,WAG9,ER,2018,32,198,52,83.772,3.687,1.803,93.689,79.047,65.674,918.685,314.79,1.628,71.669,23.992,4.282,166,0,Low
WAG9-1041,WAG9,ER,2018,33,198,54,82.479,3.479,1.862,91.639,81.788,56.893,901.99,337.147,1.81,74.555,23.453,4.103,165,0,Low
WAG9-1041,WAG9,ER,2018,34,198,56,79.942,3.46,1.788,92.645,72.637,58.223,899.064,326.559,1.952,73.42,24.137,4.231,164,0,Low
WAG9-1041,WAG9,ER,2018,35,198,58,87.038,3.506,1.915,92.464,74.396,61.323,869.771,336.408,1.725,80.796,23.118,4.229,163,0,Low
WAG9-1041,WAG9,ER,2018,36,198,60,79.27,3.506,1.667,93.883,75.645,62.921,895.024,311.429,1.874,71.556,23.551,4.31,162,0,Low
WAG9-1041,WAG9,ER,2018,37,198,62,83.94,3.414,1.796,91.701,75.232,63.538,889.109,323.59,1.832,69.271,23.702,3.667,161,0,Low
WAG9-1041,WAG9,ER,2018,38,198,64,87.341,3.462,1.974,94.284,75.836,56.782,879.553,322.482,1.798,73.995,23.691,4.171,160,0,Low
WAG9-1041,WAG9,ER,2018,39,198,66,82.763,3.357,1.809,91.32,79.654,61.052,873.323,325.389,1.717,77.63,23.666,4.229,159,0,Low
WAG9-1041,WAG9,ER,2018,40,198,68,84.76,3.213,2.132,91.568,77.092,63.38,891.186,315.138,1.784,72.381,24.005,4.073,158,0,Low
WAG9-1041,WAG9,ER,2018,41,198,70,85.056,3.579,2.318,93.763,80.209,61.536,889.296,330.022,1.6,72.475,23.76,3.662,157,0,Low
WAG9-1041,WAG9,ER,2018,42,198,72,80.658,3.451,2.227,93.637,75.447,61.932,898.317,328.213,1.613,67.085,23.901,4.014,156,0,Low
WAG9-1041,WAG9,ER,2018,43,198,74,88.508,3.363,2.032,94.287,78.109,61.232,907.568,326.119,1.676,69.731,23.945,4.164,155,0,Low
WAG9-1041,WAG9,ER,2018,44,198,76,81.444,3.384,2.342,94.688,74.657,59.297,888.338,333.659,1.745,72.774,24.166,4.226,154,0,Low
WAG9-1041,WAG9,ER,2018,45,198,78,82.386,3.435,1.703,92.217,77.577,61.708,880.248,314.44,1.673,69.006,24.205,3.964,153,0,Low
WAG9-1041,WAG9,ER,2018,46,198,80,87.541,3.379,2.074,93.36,75.972,59.485,883.342,323.847,1.743,69.561,22.841,4.148,152,0,Low
WAG9-1041,WAG9,ER,2018,47,198,82,83.024,3.396,2.653,92.267,74.749,59.149,849.897,332.014,1.595,76.667,23.953,3.986,151,0,Low
WAG9-1041,WAG9,ER,2018,48,198,84,79.657,3.052,1.984,94.172,74.799,61.556,922.249,318.352,1.919,73.645,24.097,4.39,150,0,Low
WAG9-1041,WAG9,ER,2018,49,198,86,84.308,3.503,1.836,92.765,78.618,66.648,922.105,330.443,1.898,74.042,24.294,3.958,149,0,Low
WAG9-1041,WAG9,ER,2018,50,198,88,85.047,3.545,1.84,93.821,80.002,60.988,872.193,322.524,1.794,62.132,23.323,4.32,148,0,Low
WAG9-1041,WAG9,ER,2018,51,198,90,88.327,3.287,2.046,91.516,77.213,59.157,907.797,324.553,1.666,78.642,24.245,4.039,147,0,Low
WAG9-1041,WAG9,ER,2018,52,198,92,75.937,3.384,2.41,94.533,77.44,62.493,888.682,322.74,1.9,70.78,23.331,4.406,146,0,Low
WAG9-1041,WAG9,ER,2018,53,198,94,82.175,3.249,2.348,94.858,75.593,61.036,923.669,335.707,1.822,83.197,23.729,4.17,145,0,Low
WAG9-1041,WAG9,ER,2018,54,198,96,85.506,3.368,1.859,95.626,73.987,58.517,876.417,328.027,1.636,72.235,23.378,4.14,144,0,Low
WAG9-1041,WAG9,ER,2018,55,198,98,83.42,3.181,1.39,95.485,72.445,64.184,874.113,334.639,1.748,75.309,23.619,4.015,143,0,Low
WAG9-1041,WAG9,ER,2018,56,198,100,86.995,3.52,2.271,92.755,81.197,63.149,897.973,335.236,1.879,68.955,23.48,4.344,142,0,Low
WAG9-1041,WAG9,ER,2018,57,198,102,83.442,3.465,1.775,93.226,71.098,58.525,892.165,328.658,1.821,68.329,23.867,3.891,141,0,Low
WAG9-1041,WAG9,ER,2018,58,198,104,86.822,3.488,1.594,92.68,77.937,61.05,878.26,335.66,1.839,72.478,23.536,4.097,140,0,Low
WAG9-1041,WAG9,ER,2018,59,198,106,85.259,3.507,1.661,94.261,72.111,62.653,923.559,313.426,1.834,70.594,23.632,4.031,139,0,Low
WAG9-1041,WAG9,ER,2018,60,198,108,82.805,3.48,2.073,93.552,69.521,60.041,896.726,315.886,1.818,71.531,24.187,4.396,138,0,Low
WAG9-1041,WAG9,ER,2018,61,198,110,82.925,3.527,2.189,90.845,77.781,58.911,904.738,331.237,1.772,63.847,23.91,4.156,137,0,Low
WAG9-1041,WAG9,ER,2018,62,198,112,85.674,3.719,1.859,88.85,74.497,61.646,877.352,328.417,1.609,70.48,23.874,4.061,136,0,Low
WAG9-1041,WAG9,ER,2018,63,198,114,87.006,3.596,2.824,93.351,77.298,60.325,929.876,317.782,1.695,73.155,24.556,4.207,135,0,Low
WAG9-1041,WAG9,ER,2018,64,198,116,82.34,3.276,2.206,90.732,77.882,62.635,912.892,331.564,1.688,76.876,24.278,4.397,134,0,Low
WAG9-1041,WAG9,ER,2018,65,198,118,86.965,3.259,1.782,93.749,74.605,59.126,896.687,326.061,1.796,77.676,24.298,3.805,133,0,Low
WAG9-1041,WAG9,ER,2018,66,198,120,86.921,3.23,2.173,91.344,75.912,60.213,934.231,324.127,1.735,76.156,24.412,4.084,132,0,Low
WAG9-1041,WAG9,ER,2018,67,198,122,83.442,3.037,2.011,89.995,74.51,57.649,889.368,333.299,1.752,77.891,23.723,4.249,131,0,Low
WAG9-1041,WAG9,ER,2018,68,198,124,87.942,3.176,1.987,94.712,75.401,63.809,893.377,335.484,1.748,77.972,23.765,4.213,130,0,Low
WAG9-1041,WAG9,ER,2018,69,198,126,86.397,3.046,1.79,92.04,74.392,59.04,858.535,319.762,1.774,68.178,23.524,4.049,129,0,Low
WAG9-1041,WAG9,ER,2018,70,198,128,83.836,3.473,2.723,92.112,77.964,61.619,877.009,330.617,1.774,76.57,23.443,3.897,128,0,Low
WAG9-1041,WAG9,ER,2018,71,198,130,78.204,3.261,2.839,93.512,75.377,63.327,859.235,323.603,1.667,69.895,23.85,4.386,127,0,Low
WAG9-1041,WAG9,ER,2018,72,198,132,84.561,3.513,1.93,93.21,83.646,62.975,895.249,318.187,1.669,68.314,24.117,4.027,126,0,Low
WAG9-1041,WAG9,ER,2018,73,198,134,80.125,3.251,1.698,90.813,77.519,62.1,880.328,337.66,1.763,70.435,23.601,4.464,125,0,Low
WAG9-1041,WAG9,ER,2018,74,198,136,85.698,3.368,2.675,92.443,75.532,60.448,894.292,330.704,1.712,85.357,23.189,4.091,124,0,Low
WAG9-1041,WAG9,ER,2018,75,198,138,84.26,3.516,2.827,94.006,78.203,63.509,913.524,303.898,1.666,70.351,23.71,4.187,123,0,Low
WAG9-1041,WAG9,ER,2018,76,198,140,86.368,3.203,2.086,91.538,75.306,64.9,896.084,327.669,1.808,66.288,23.805,4.071,122,0,Low
WAG9-1041,WAG9,ER,2018,77,198,142,85.738,3.259,2.126,92.91,76.245,61.479,872.157,333.311,1.6,79.713,23.678,4.213,121,0,Low
WAG9-1041,WAG9,ER,2018,78,198,144,86.44,3.248,2.233,90.844,76.917,60.135,892.663,323.859,1.705,81.984,23.273,4.179,120,0,Low
WAG9-1041,WAG9,ER,2018,79,198,146,80.161,3.115,1.837,91.106,77.861,58.123,891.368,331.629,1.731,76.926,23.743,3.865,119,0,Low
WAG9-1041,WAG9,ER,2018,80,198,148,82.982,3.21,1.874,91.49,76.901,62.18,859.401,325.588,1.824,77.002,23.956,4.045,118,0,Low
WAG9-1041,WAG9,ER,2018,81,198,150,81.649,3.013,2.387,91.999,73.662,58.581,923.131,330.844,1.658,62.973,24.13,3.784,117,0,Low
WAG9-1041,WAG9,ER,2018,82,198,152,81.628,3.388,2.375,91.886,77.658,61.848,862.018,334.217,1.852,72.749,23.3,3.941,116,0,Low
WAG9-1041,WAG9,ER,2018,83,198,154,90.237,3.029,2.271,93.437,75.98,63.214,907.625,324.207,1.596,72.207,23.363,4.279,115,0,Low
WAG9-1041,WAG9,ER,2018,84,198,156,87.434,3.57,2.444,93.701,74.888,58.888,889.71,329.991,1.586,72.702,24.128,3.998,114,0,Low
WAG9-1041,WAG9,ER,2018,85,198,158,80.658,3.458,1.927,92.082,75.943,62.295,894.721,314.209,1.672,60.83,23.853,3.798,113,0,Low
WAG9-1041,WAG9,ER,2018,86,198,160,83.542,3.437,2.616,90.267,74.202,59.857,896.276,315.41,1.625,77.194,23.193,3.701,112,0,Low
WAG9-1041,WAG9,ER,2018,87,198,162,89.837,3.064,2.819,93.535,78.247,61.395,914.463,322.113,1.641,65.419,23.974,4.063,111,0,Low
WAG9-1041,WAG9,ER,2018,88,198,164,84.595,3.299,2.392,94.721,77.438,61.484,871.29,324.378,1.621,69.161,23.532,4.291,110,0,Low
WAG9-1041,WAG9,ER,2018,89,198,166,83.621,3.275,2.346,91.75,76.467,58.922,861.894,303.362,1.686,76.122,24.261,3.966,109,0,Low
WAG9-1041,WAG9,ER,2018,90,198,168,85.909,3.171,2.088,91.644,74.809,63.366,892.024,335.423,1.84,74.867,24.068,3.9,108,0,Low
WAG9-1041,WAG9,ER,2018,91,198,170,85.591,3.263,2.787,92.336,76.38,63.609,893.503,317.57,1.701,66.447,23.856,3.853,107,0,Low
WAG9-1041,WAG9,ER,2018,92,198,172,84.249,3.321,2.239,94.896,79.858,60.982,898.676,331.163,1.863,76.89,24.094,4.147,106,0,Low
WAG9-1041,WAG9,ER,2018,93,198,174,84.518,3.48,2.551,93.549,69.911,59.843,889.55,334.587,1.708,73.94,24.085,3.9,105,0,Low
WAG9-1041,WAG9,ER,2018,94,198,176,88.206,3.067,2.343,92.2,77.206,63.856,900.267,322.423,1.608,80.496,24.134,4.017,104,0,Low
WAG9-1041,WAG9,ER,2018,95,198,178,86.626,3.357,2.356,91.821,71.454,60.929,907.742,315.334,1.537,77.504,23.048,4.155,103,0,Low
WAG9-1041,WAG9,ER,2018,96,198,180,84.418,3.222,1.892,92.22,79.663,63.428,949.754,326.049,1.654,74.088,23.384,3.755,102,0,Low
WAG9-1041,WAG9,ER,2018,97,198,0,87.043,3.163,2.695,92.128,80.81,61.81,891.912,332.461,1.62,71.063,24.153,3.945,101,0,Low
WAG9-1041,WAG9,ER,2018,98,198,2,86.79,3.33,2.429,92.17,79.62,59.067,896.407,332.324,1.524,69.18,24.177,3.785,100,0,Low
WAG9-1041,WAG9,ER,2018,99,198,4,84.058,3.104,1.842,98.05,80.581,62.578,896.231,310.289,1.679,71.074,23.715,3.953,99,0,Low
WAG9-1041,WAG9,ER,2018,100,198,6,85.16,3.21,2.411,92.271,76.881,60.92,858.746,311.938,1.671,73.053,24.779,4.178,98,0,Low
WAG9-1041,WAG9,ER,2018,101,198,8,82.872,3.302,2.194,92.959,78.833,64.47,871.602,313.572,1.813,76.26,23.752,4.068,97,0,Low
WAG9-1041,WAG9,ER,2018,102,198,10,83.889,3.362,2.631,94.693,75.119,59.935,871.956,337.726,1.577,72.232,23.523,4.201,96,0,Low
WAG9-1041,WAG9,ER,2018,103,198,12,87.766,3.343,2.363,91.374,71.9,63.792,899.158,308.968,1.472,75.191,23.481,4.278,95,0,Low
WAG9-1041,WAG9,ER,2018,104,198,14,85.152,3.171,2.708,94.42,77.631,61.524,905.895,331.732,1.636,65.986,23.678,3.697,94,0,Low
WAG9-1041,WAG9,ER,2018,105,198,16,82.78,3.109,2.898,92.836,81.485,61.913,873.941,316.787,1.685,63.864,23.969,4.31,93,0,Low
WAG9-1041,WAG9,ER,2018,106,198,18,88.925,3.127,1.633,94.69,80.785,64.083,884.113,327.801,1.642,68.886,23.876,4.159,92,0,Low
WAG9-1041,WAG9,ER,2018,107,198,20,83.243,3.279,2.15,94.637,77.719,61.968,901.144,316.719,1.588,74.455,23.225,3.964,91,0,Low
WAG9-1041,WAG9,ER,2018,108,198,22,85.289,2.895,2.242,93.322,76.397,62.057,895.972,333.768,1.604,72.366,23.983,4.121,90,0,Low
WAG9-1041,WAG9,ER,2018,109,198,24,85.445,3.465,2.454,91.644,77.319,61.36,869.978,300.189,1.665,78.427,23.613,3.78,89,0,Low
WAG9-1041,WAG9,ER,2018,110,198,26,87.663,3.306,2.43,89.897,72.248,62.739,876.35,316.829,1.811,66.431,24.014,3.837,88,0,Low
WAG9-1041,WAG9,ER,2018,111,198,28,89.471,3.411,2.273,91.112,82.552,59.423,851.146,330.023,1.62,70.806,23.441,3.961,87,0,Low
WAG9-1041,WAG9,ER,2018,112,198,30,90.432,3.665,2.309,94.994,76.781,62.718,878.88,353.608,1.707,79.526,22.721,4.266,86,0,Low
WAG9-1041,WAG9,ER,2018,113,198,32,83.265,3.049,2.336,94.927,78.845,59.799,878.559,333.987,1.584,68.962,23.404,4.106,85,0,Low
WAG9-1041,WAG9,ER,2018,114,198,34,87.673,3.104,2.122,91.285,79.996,60.017,886.148,329.904,1.661,76.67,23.88,3.627,84,0,Low
WAG9-1041,WAG9,ER,2018,115,198,36,89.297,3.272,1.931,94.4,81.421,59.053,914.563,325.065,1.682,69.699,23.725,3.92,83,0,Low
WAG9-1041,WAG9,ER,2018,116,198,38,82.627,3.407,1.982,90.246,75.986,64.094,896.438,332.355,1.582,70.799,23.547,3.954,82,0,Low
WAG9-1041,WAG9,ER,2018,117,198,40,87.813,3.092,2.373,92.908,77.426,61.957,886.551,329.68,1.666,68.881,23.656,3.967,81,0,Low
WAG9-1041,WAG9,ER,2018,118,198,42,89.96,3.46,2.951,90.026,81.177,64.053,865.866,336.528,1.701,71.816,23.609,3.848,80,0,Low
WAG9-1041,WAG9,ER,2018,119,198,44,91.0,3.266,2.113,89.933,79.811,61.446,873.813,328.262,1.652,71.396,23.657,4.22,79,0,Low
WAG9-1041,WAG9,ER,2018,120,198,46,92.504,3.174,2.194,94.678,75.256,60.399,895.016,322.22,1.68,72.576,24.145,3.611,78,0,Low
WAG9-1041,WAG9,ER,2018,121,198,48,87.18,3.091,2.662,93.918,74.516,65.202,881.359,322.943,1.576,78.888,23.917,4.003,77,0,Low
WAG9-1041,WAG9,ER,2018,122,198,50,87.262,3.411,2.708,93.487,75.904,63.224,894.252,338.545,1.584,73.573,23.68,3.684,76,0,Low
WAG9-1041,WAG9,ER,2018,123,198,52,82.687,3.356,3.158,92.325,77.554,57.775,838.257,312.88,1.615,76.133,23.457,4.317,75,0,Low
WAG9-1041,WAG9,ER,2018,124,198,54,82.897,3.187,2.386,89.752,77.061,61.868,874.572,334.744,1.658,68.879,24.275,4.38,74,0,Low
WAG9-1041,WAG9,ER,2018,125,198,56,88.383,3.16,1.988,90.295,82.658,61.141,882.562,320.905,1.622,64.413,23.327,4.093,73,0,Low
WAG9-1041,WAG9,ER,2018,126,198,58,85.431,3.079,2.536,91.224,77.388,63.028,888.633,328.276,1.896,74.213,24.042,3.406,72,0,Low
WAG9-1041,WAG9,ER,2018,127,198,60,89.084,3.003,2.363,93.788,79.701,59.559,903.536,310.927,1.697,71.846,23.793,3.729,71,0,Low
WAG9-1041,WAG9,ER,2018,128,198,62,85.869,3.178,2.167,92.004,77.983,64.544,875.324,316.956,1.614,69.367,23.382,4.148,70,0,Low
WAG9-1041,WAG9,ER,2018,129,198,64,86.599,3.123,2.8,93.729,75.191,65.178,904.185,351.062,1.591,69.807,23.841,3.769,69,0,Low
WAG9-1041,WAG9,ER,2018,130,198,66,88.924,3.162,2.75,93.734,77.225,61.669,887.678,333.816,1.718,70.677,23.456,3.915,68,0,Low
WAG9-1041,WAG9,ER,2018,131,198,68,81.143,3.199,2.363,93.379,75.555,63.59,889.658,334.297,1.617,75.057,23.994,4.061,67,0,Low
WAG9-1041,WAG9,ER,2018,132,198,70,91.226,3.21,2.242,91.671,76.194,65.55,875.756,342.994,1.555,79.57,22.862,4.024,66,0,Low
WAG9-1041,WAG9,ER,2018,133,198,72,92.311,3.377,2.79,89.627,80.432,66.256,880.263,344.195,1.542,67.97,23.982,4.118,65,0,Low
WAG9-1041,WAG9,ER,2018,134,198,74,87.153,3.102,2.764,91.003,80.635,64.599,863.32,315.804,1.707,67.889,24.048,3.739,64,0,Low
WAG9-1041,WAG9,ER,2018,135,198,76,91.439,3.095,2.455,91.099,79.545,62.741,890.281,341.637,1.671,73.987,24.022,4.081,63,0,Low
WAG9-1041,WAG9,ER,2018,136,198,78,92.054,3.227,2.412,94.137,79.643,62.358,858.507,315.22,1.721,79.08,24.25,4.435,62,0,Low
WAG9-1041,WAG9,ER,2018,137,198,80,87.497,3.265,2.5,92.973,78.252,63.578,901.717,325.944,1.753,71.669,23.587,4.084,61,0,Low
WAG9-1041,WAG9,ER,2018,138,198,82,85.021,3.418,2.576,90.752,78.112,63.953,883.521,341.163,1.605,69.929,23.226,3.443,60,0,Medium
WAG9-1041,WAG9,ER,2018,139,198,84,82.933,3.233,2.656,93.462,78.283,59.803,896.496,330.974,1.543,73.643,22.945,4.11,59,0,Medium
WAG9-1041,WAG9,ER,2018,140,198,86,84.11,3.029,2.069,92.988,76.708,60.348,904.682,332.363,1.742,70.929,23.754,3.911,58,0,Medium
WAG9-1041,WAG9,ER,2018,141,198,88,86.217,3.34,2.713,89.613,78.586,60.99,860.512,318.879,1.706,80.128,23.979,4.388,57,0,Medium
WAG9-1041,WAG9,ER,2018,142,198,90,79.6,3.192,2.741,91.67,78.131,60.845,932.041,310.837,1.63,75.095,23.72,3.909,56,0,Medium
WAG9-1041,WAG9,ER,2018,143,198,92,86.068,3.087,2.776,91.172,82.422,64.675,900.046,345.692,1.75,63.13,23.996,3.977,55,0,Medium
WAG9-1041,WAG9,ER,2018,144,198,94,83.241,3.099,2.498,90.725,83.583,65.988,921.347,314.841,1.851,69.514,24.265,3.724,54,0,Medium
WAG9-1041,WAG9,ER,2018,145,198,96,93.369,2.897,2.311,91.248,79.493,62.316,872.602,321.12,1.604,73.494,23.567,4.372,53,0,Medium
WAG9-1041,WAG9,ER,2018,146,198,98,85.739,2.95,2.805,95.381,77.701,66.438,918.745,316.722,1.496,66.432,23.73,3.818,52,0,Medium
WAG9-1041,WAG9,ER,2018,147,198,100,84.333,2.997,2.712,93.562,79.447,62.742,877.045,327.935,1.646,71.527,23.829,4.237,51,0,Medium
WAG9-1041,WAG9,ER,2018,148,198,102,87.514,3.34,3.022,92.93,74.624,61.797,877.474,302.272,1.642,67.662,23.872,4.2,50,0,Medium
WAG9-1041,WAG9,ER,2018,149,198,104,89.223,3.038,3.064,87.872,80.93,59.035,881.485,341.02,1.584,68.836,22.638,3.923,49,0,Medium
WAG9-1041,WAG9,ER,2018,150,198,106,92.734,3.123,2.398,91.905,79.687,61.226,841.394,340.336,1.63,72.967,23.011,3.723,48,0,Medium
WAG9-1041,WAG9,ER,2018,151,198,108,84.432,3.023,2.167,91.011,79.132,63.867,926.134,337.112,1.605,68.784,22.85,3.76,47,0,Medium
WAG9-1041,WAG9,ER,2018,152,198,110,86.58,3.312,2.13,89.494,80.354,65.26,875.397,329.764,1.835,74.11,22.576,3.81,46,0,Medium
WAG9-1041,WAG9,ER,2018,153,198,112,86.418,3.348,2.506,91.145,79.871,63.421,870.445,325.794,1.73,68.257,23.527,3.837,45,0,Medium
WAG9-1041,WAG9,ER,2018,154,198,114,87.356,3.167,2.311,91.137,80.958,65.651,865.334,329.762,1.717,72.434,23.984,3.746,44,0,Medium
WAG9-1041,WAG9,ER,2018,155,198,116,86.101,3.388,2.684,91.906,78.882,60.803,914.034,330.715,1.601,68.47,23.048,3.891,43,0,Medium
WAG9-1041,WAG9,ER,2018,156,198,118,85.703,3.247,2.433,90.355,78.085,62.296,891.481,338.909,1.618,73.865,23.34,3.593,42,0,Medium
WAG9-1041,WAG9,ER,2018,157,198,120,93.254,3.001,2.665,92.693,79.923,61.457,854.981,334.029,1.727,70.281,23.638,4.261,41,0,Medium
WAG9-1041,WAG9,ER,2018,158,198,122,88.073,3.267,2.238,91.364,75.947,66.103,876.512,325.807,1.633,72.439,24.03,3.944,40,0,Medium
WAG9-1041,WAG9,ER,2018,159,198,124,86.374,3.049,2.847,92.991,80.646,63.759,858.841,321.851,1.509,66.143,22.967,3.835,39,0,Medium
WAG9-1041,WAG9,ER,2018,160,198,126,83.854,2.881,2.778,92.954,80.816,65.218,910.616,339.504,1.539,71.584,23.409,3.797,38,0,Medium
WAG9-1041,WAG9,ER,2018,161,198,128,86.6,3.12,2.126,90.953,77.268,64.449,904.822,333.393,1.538,69.772,23.301,3.816,37,0,Medium
WAG9-1041,WAG9,ER,2018,162,198,130,91.173,3.046,2.419,90.521,77.331,64.366,865.885,342.602,1.493,73.971,22.953,3.905,36,0,Medium
WAG9-1041,WAG9,ER,2018,163,198,132,88.712,3.347,2.856,88.722,81.544,62.899,851.572,338.065,1.657,80.741,23.865,4.307,35,0,Medium
WAG9-1041,WAG9,ER,2018,164,198,134,83.318,2.839,2.327,93.115,80.341,64.163,906.625,342.289,1.574,78.33,24.148,4.047,34,0,Medium
WAG9-1041,WAG9,ER,2018,165,198,136,89.048,3.127,2.322,94.602,76.893,63.783,909.721,333.978,1.705,70.319,24.018,3.975,33,0,Medium
WAG9-1041,WAG9,ER,2018,166,198,138,80.007,2.987,2.599,92.956,79.144,65.654,875.754,340.85,1.582,69.02,24.254,3.601,32,0,Medium
WAG9-1041,WAG9,ER,2018,167,198,140,84.332,2.893,3.33,91.07,80.876,64.062,855.794,334.649,1.612,68.959,23.301,4.062,31,0,Medium
WAG9-1041,WAG9,ER,2018,168,198,142,100.038,2.533,5.07,83.069,89.037,73.27,833.587,362.742,1.195,68.969,22.472,3.219,30,1,High
WAG9-1041,WAG9,ER,2018,169,198,144,104.449,2.436,4.327,85.331,84.152,70.434,873.739,363.297,1.104,71.433,21.795,3.111,29,1,High
WAG9-1041,WAG9,ER,2018,170,198,146,104.238,1.984,5.399,84.654,90.203,70.201,839.456,369.874,1.151,75.391,22.596,3.387,28,1,High
WAG9-1041,WAG9,ER,2018,171,198,148,101.911,2.193,4.637,86.608,86.694,73.321,845.519,363.727,1.061,73.772,21.655,3.3,27,1,High
WAG9-1041,WAG9,ER,2018,172,198,150,100.606,2.31,4.607,83.277,91.34,73.26,832.165,366.373,1.019,81.126,22.054,3.216,26,1,High
WAG9-1041,WAG9,ER,2018,173,198,152,106.732,2.237,5.276,84.402,89.198,72.542,821.606,374.951,0.929,78.104,22.029,3.257,25,1,High
WAG9-1041,WAG9,ER,2018,174,198,154,105.004,2.183,5.06,84.708,91.456,73.563,870.124,361.441,1.022,68.738,22.174,3.183,24,1,High
WAG9-1041,WAG9,ER,2018,175,198,156,97.79,1.989,5.5,84.574,93.295,71.677,874.237,347.625,1.132,74.806,21.822,3.376,23,1,High
WAG9-1041,WAG9,ER,2018,176,198,158,107.01,2.221,5.365,84.902,91.628,74.139,846.116,358.648,1.175,71.954,22.14,3.449,22,1,High
WAG9-1041,WAG9,ER,2018,177,198,160,100.54,1.87,5.354,82.762,87.18,73.648,838.282,359.846,1.109,65.729,21.997,3.346,21,1,High
WAG9-1041,WAG9,ER,2018,178,198,162,107.344,1.601,5.616,82.246,92.166,78.639,833.819,346.4,1.027,73.23,21.212,2.975,20,1,High
WAG9-1041,WAG9,ER,2018,179,198,164,109.858,2.15,5.714,82.864,92.985,75.985,818.933,369.581,1.093,75.264,22.079,2.747,19,1,High
WAG9-1041,WAG9,ER,2018,180,198,166,112.62,1.792,5.92,83.84,94.029,77.644,852.329,380.345,0.917,67.787,21.669,3.0,18,1,High
WAG9-1041,WAG9,ER,2018,181,198,168,108.94,1.988,5.819,84.446,96.001,77.854,823.566,385.543,1.121,73.336,21.076,3.245,17,1,High
WAG9-1041,WAG9,ER,2018,182,198,170,111.913,1.756,6.533,83.544,94.586,78.228,829.385,374.112,1.107,78.114,21.923,3.098,16,1,High
WAG9-1041,WAG9,ER,2018,183,198,172,109.292,1.488,6.394,80.205,95.151,78.428,863.788,402.254,0.862,73.852,21.616,2.825,15,1,High
WAG9-1041,WAG9,ER,2018,184,198,174,111.571,1.584,5.866,81.928,94.4,80.235,840.826,370.461,0.817,71.188,21.293,3.079,14,1,High
WAG9-1041,WAG9,ER,2018,185,198,176,113.345,1.652,6.44,81.156,97.032,79.6,825.926,381.05,0.879,70.524,21.864,3.094,13,1,High
WAG9-1041,WAG9,ER,2018,186,198,178,112.83,1.578,6.665,79.296,100.355,79.954,818.186,384.924,0.946,71.175,21.195,2.751,12,1,High
WAG9-1041,WAG9,ER,2018,187,198,180,114.656,1.596,6.371,81.001,99.227,81.897,812.963,386.643,0.889,76.939,21.236,2.825,11,1,High
WAG9-1041,WAG9,ER,2018,188,198,0,119.417,1.527,7.669,75.764,100.492,80.718,836.022,387.87,0.632,73.814,20.759,2.713,10,1,Critical
WAG9-1041,WAG9,ER,2018,189,198,2,115.953,1.31,7.551,76.827,100.322,82.811,822.724,393.629,0.81,75.185,21.162,2.869,9,1,Critical
WAG9-1041,WAG9,ER,2018,190,198,4,119.284,1.134,7.34,76.74,100.79,84.116,809.64,398.393,0.665,69.6,20.736,2.692,8,1,Critical
WAG9-1041,WAG9,ER,2018,191,198,6,119.25,1.362,7.946,80.877,98.192,81.114,816.678,399.258,0.745,77.449,20.479,2.501,7,1,Critical
WAG9-1041,WAG9,ER,2018,192,198,8,123.248,1.239,7.841,76.988,101.342,87.051,791.889,390.686,0.687,81.037,20.339,2.996,6,1,Critical
WAG9-1041,WAG9,ER,2018,193,198,10,127.288,1.127,8.624,73.553,108.291,90.408,778.574,401.902,0.625,82.695,20.608,2.579,5,1,Critical
WAG9-1041,WAG9,ER,2018,194,198,12,128.353,0.964,8.534,76.24,104.059,90.725,794.156,405.49,0.5,72.862,20.682,2.48,4,1,Critical
WAG9-1041,WAG9,ER,2018,195,198,14,128.012,0.867,9.0,74.939,106.965,89.227,759.487,425.957,0.512,72.814,19.977,2.52,3,1,Critical
WAG9-1041,WAG9,ER,2018,196,198,16,131.497,0.775,9.0,73.405,109.831,90.946,789.137,421.33,0.5,76.242,19.651,2.284,2,1,Critical
WAG9-1041,WAG9,ER,2018,197,198,18,135.239,0.636,9.0,71.705,104.452,92.639,752.176,432.514,0.5,80.115,19.315,2.108,1,1,Critical
WAG9-1041,WAG9,ER,2018,198,198,20,139.565,0.857,9.0,70.083,108.372,94.089,746.148,427.133,0.5,64.611,18.99,2.0,0,1,Critical
WDP4B-1042,WDP4B,SR,2020,1,165,-20,79.272,3.542,1.654,94.459,76.433,62.37,880.602,306.072,1.933,76.26,24.052,4.248,164,0,Low
WDP4B-1042,WDP4B,SR,2020,2,165,-18,80.289,3.602,2.091,96.193,72.719,57.835,880.956,330.226,1.697,72.232,23.823,4.381,163,0,Low
WDP4B-1042,WDP4B,SR,2020,3,165,-16,84.166,3.583,1.823,92.874,69.5,61.692,908.158,301.468,1.592,75.191,23.781,4.458,162,0,Low
WDP4B-1042,WDP4B,SR,2020,4,165,-14,81.552,3.411,2.168,95.92,75.231,59.424,914.895,324.232,1.756,65.986,23.978,3.877,161,0,Low
WDP4B-1042,WDP4B,SR,2020,5,165,-12,79.18,3.349,2.358,94.336,79.085,59.813,882.941,309.287,1.805,63.864,24.269,4.49,160,0,Low
WDP4B-1042,WDP4B,SR,2020,6,165,-10,85.325,3.367,1.093,96.19,78.385,61.983,893.113,320.301,1.762,68.886,24.176,4.339,159,0,Low
WDP4B-1042,WDP4B,SR,2020,7,165,-8,79.643,3.519,1.61,96.137,75.319,59.868,910.144,309.219,1.708,74.455,23.525,4.144,158,0,Low
WDP4B-1042,WDP4B,SR,2020,8,165,-6,81.689,3.135,1.702,94.822,73.997,59.957,904.972,326.268,1.724,72.366,24.283,4.301,157,0,Low
WDP4B-1042,WDP4B,SR,2020,9,165,-4,81.845,3.705,1.914,93.144,74.919,59.26,878.978,292.689,1.785,78.427,23.913,3.96,156,0,Low
WDP4B-1042,WDP4B,SR,2020,10,165,-2,84.063,3.546,1.89,91.397,69.848,60.639,885.35,309.329,1.931,66.431,24.314,4.017,155,0,Low
WDP4B-1042,WDP4B,SR,2020,11,165,0,85.871,3.651,1.733,92.612,80.152,57.323,860.146,322.523,1.74,70.806,23.741,4.141,154,0,Low
WDP4B-1042,WDP4B,SR,2020,12,165,2,86.832,3.905,1.769,96.494,74.381,60.618,887.88,346.108,1.827,79.526,23.021,4.446,153,0,Low
WDP4B-1042,WDP4B,SR,2020,13,165,4,79.665,3.289,1.796,96.427,76.445,57.699,887.559,326.487,1.704,68.962,23.704,4.286,152,0,Low
WDP4B-1042,WDP4B,SR,2020,14,165,6,84.073,3.344,1.582,92.785,77.596,57.917,895.148,322.404,1.781,76.67,24.18,3.807,151,0,Low
WDP4B-1042,WDP4B,SR,2020,15,165,8,85.697,3.512,1.391,95.9,79.021,56.953,923.563,317.565,1.802,69.699,24.025,4.1,150,0,Low
WDP4B-1042,WDP4B,SR,2020,16,165,10,79.027,3.647,1.442,91.746,73.586,61.994,905.438,324.855,1.702,70.799,23.847,4.134,149,0,Low
WDP4B-1042,WDP4B,SR,2020,17,165,12,84.213,3.332,1.833,94.408,75.026,59.857,895.551,322.18,1.786,68.881,23.956,4.147,148,0,Low
WDP4B-1042,WDP4B,SR,2020,18,165,14,86.36,3.7,2.411,91.526,78.777,61.953,874.866,329.028,1.821,71.816,23.909,4.028,147,0,Low
WDP4B-1042,WDP4B,SR,2020,19,165,16,87.4,3.506,1.573,91.433,77.411,59.346,882.813,320.762,1.772,71.396,23.957,4.4,146,0,Low
WDP4B-1042,WDP4B,SR,2020,20,165,18,88.904,3.414,1.654,96.178,72.856,58.299,904.016,314.72,1.8,72.576,24.445,3.791,145,0,Low
WDP4B-1042,WDP4B,SR,2020,21,165,20,83.58,3.331,2.122,95.418,72.116,63.102,890.359,315.443,1.696,78.888,24.217,4.183,144,0,Low
WDP4B-1042,WDP4B,SR,2020,22,165,22,83.662,3.651,2.168,94.987,73.504,61.124,903.252,331.045,1.704,73.573,23.98,3.864,143,0,Low
WDP4B-1042,WDP4B,SR,2020,23,165,24,79.087,3.596,2.618,93.825,75.154,55.675,847.257,305.38,1.735,76.133,23.757,4.497,142,0,Low
WDP4B-1042,WDP4B,SR,2020,24,165,26,79.297,3.427,1.846,91.252,74.661,59.768,883.572,327.244,1.778,68.879,24.575,4.56,141,0,Low
WDP4B-1042,WDP4B,SR,2020,25,165,28,84.783,3.4,1.448,91.795,80.258,59.041,891.562,313.405,1.742,64.413,23.627,4.273,140,0,Low
WDP4B-1042,WDP4B,SR,2020,26,165,30,81.831,3.319,1.996,92.724,74.988,60.928,897.633,320.776,2.016,74.213,24.342,3.586,139,0,Low
WDP4B-1042,WDP4B,SR,2020,27,165,32,85.484,3.243,1.823,95.288,77.301,57.459,912.536,303.427,1.817,71.846,24.093,3.909,138,0,Low
WDP4B-1042,WDP4B,SR,2020,28,165,34,82.269,3.418,1.627,93.504,75.583,62.444,884.324,309.456,1.734,69.367,23.682,4.328,137,0,Low
WDP4B-1042,WDP4B,SR,2020,29,165,36,82.999,3.363,2.26,95.229,72.791,63.078,913.185,343.562,1.711,69.807,24.141,3.949,136,0,Low
WDP4B-1042,WDP4B,SR,2020,30,165,38,85.324,3.402,2.21,95.234,74.825,59.569,896.678,326.316,1.838,70.677,23.756,4.095,135,0,Low
WDP4B-1042,WDP4B,SR,2020,31,165,40,77.543,3.439,1.823,94.879,73.155,61.49,898.658,326.797,1.737,75.057,24.294,4.241,134,0,Low
WDP4B-1042,WDP4B,SR,2020,32,165,42,87.626,3.45,1.702,93.171,73.794,63.45,884.756,335.494,1.675,79.57,23.162,4.204,133,0,Low
WDP4B-1042,WDP4B,SR,2020,33,165,44,88.711,3.617,2.25,91.127,78.032,64.156,889.263,336.695,1.662,67.97,24.282,4.298,132,0,Low
WDP4B-1042,WDP4B,SR,2020,34,165,46,83.553,3.342,2.224,92.503,78.235,62.499,872.32,308.304,1.827,67.889,24.348,3.919,131,0,Low
WDP4B-1042,WDP4B,SR,2020,35,165,48,87.839,3.335,1.915,92.599,77.145,60.641,899.281,334.137,1.791,73.987,24.322,4.261,130,0,Low
WDP4B-1042,WDP4B,SR,2020,36,165,50,88.454,3.467,1.872,95.637,77.243,60.258,867.507,307.72,1.841,79.08,24.55,4.615,129,0,Low
WDP4B-1042,WDP4B,SR,2020,37,165,52,83.897,3.505,1.96,94.473,75.852,61.478,910.717,318.444,1.873,71.669,23.887,4.264,128,0,Low
WDP4B-1042,WDP4B,SR,2020,38,165,54,81.421,3.658,2.036,92.252,75.712,61.853,892.521,333.663,1.725,69.929,23.526,3.623,127,0,Low
WDP4B-1042,WDP4B,SR,2020,39,165,56,79.333,3.473,2.116,94.962,75.883,57.703,905.496,323.474,1.663,73.643,23.245,4.29,126,0,Low
WDP4B-1042,WDP4B,SR,2020,40,165,58,80.51,3.269,1.529,94.488,74.308,58.248,913.682,324.863,1.862,70.929,24.054,4.091,125,0,Low
WDP4B-1042,WDP4B,SR,2020,41,165,60,82.617,3.58,2.173,91.113,76.186,58.89,869.512,311.379,1.826,80.128,24.279,4.568,124,0,Low
WDP4B-1042,WDP4B,SR,2020,42,165,62,76.0,3.432,2.201,93.17,75.731,58.745,941.041,303.337,1.75,75.095,24.02,4.089,123,0,Low
WDP4B-1042,WDP4B,SR,2020,43,165,64,82.468,3.327,2.236,92.672,80.022,62.575,909.046,338.192,1.87,63.13,24.296,4.157,122,0,Low
WDP4B-1042,WDP4B,SR,2020,44,165,66,79.641,3.339,1.958,92.225,81.183,63.888,930.347,307.341,1.971,69.514,24.565,3.904,121,0,Low
WDP4B-1042,WDP4B,SR,2020,45,165,68,89.769,3.137,1.771,92.748,77.093,60.216,881.602,313.62,1.724,73.494,23.867,4.552,120,0,Low
WDP4B-1042,WDP4B,SR,2020,46,165,70,82.139,3.19,2.265,96.881,75.301,64.338,927.745,309.222,1.616,66.432,24.03,3.998,119,0,Low
WDP4B-1042,WDP4B,SR,2020,47,165,72,80.733,3.237,2.172,95.062,77.047,60.642,886.045,320.435,1.766,71.527,24.129,4.417,118,0,Low
WDP4B-1042,WDP4B,SR,2020,48,165,74,83.914,3.58,2.482,94.43,72.224,59.697,886.474,294.772,1.762,67.662,24.172,4.38,117,0,Low
WDP4B-1042,WDP4B,SR,2020,49,165,76,85.623,3.278,2.524,89.372,78.53,56.935,890.485,333.52,1.704,68.836,22.938,4.103,116,0,Low
WDP4B-1042,WDP4B,SR,2020,50,165,78,89.134,3.363,1.858,93.405,77.287,59.126,850.394,332.836,1.75,72.967,23.311,3.903,115,0,Low
WDP4B-1042,WDP4B,SR,2020,51,165,80,80.832,3.263,1.627,92.511,76.732,61.767,935.134,329.612,1.725,68.784,23.15,3.94,114,0,Low
WDP4B-1042,WDP4B,SR,2020,52,165,82,82.98,3.552,1.59,90.994,77.954,63.16,884.397,322.264,1.955,74.11,22.876,3.99,113,0,Low
WDP4B-1042,WDP4B,SR,2020,53,165,84,82.818,3.588,1.966,92.645,77.471,61.321,879.445,318.294,1.85,68.257,23.827,4.017,112,0,Low
WDP4B-1042,WDP4B,SR,2020,54,165,86,83.756,3.407,1.771,92.637,78.558,63.551,874.334,322.262,1.837,72.434,24.284,3.926,111,0,Low
WDP4B-1042,WDP4B,SR,2020,55,165,88,82.501,3.628,2.144,93.406,76.482,58.703,923.034,323.215,1.721,68.47,23.348,4.071,110,0,Low
WDP4B-1042,WDP4B,SR,2020,56,165,90,82.103,3.487,1.893,91.855,75.685,60.196,900.481,331.409,1.738,73.865,23.64,3.773,109,0,Low
WDP4B-1042,WDP4B,SR,2020,57,165,92,89.654,3.241,2.125,94.193,77.523,59.357,863.981,326.529,1.847,70.281,23.938,4.441,108,0,Low
WDP4B-1042,WDP4B,SR,2020,58,165,94,84.473,3.507,1.698,92.864,73.547,64.003,885.512,318.307,1.753,72.439,24.33,4.124,107,0,Low
WDP4B-1042,WDP4B,SR,2020,59,165,96,82.774,3.289,2.307,94.491,78.246,61.659,867.841,314.351,1.629,66.143,23.267,4.015,106,0,Low
WDP4B-1042,WDP4B,SR,2020,60,165,98,80.254,3.121,2.238,94.454,78.416,63.118,919.616,332.004,1.659,71.584,23.709,3.977,105,0,Low
WDP4B-1042,WDP4B,SR,2020,61,165,100,83.0,3.36,1.586,92.453,74.868,62.349,913.822,325.893,1.658,69.772,23.601,3.996,104,0,Low
WDP4B-1042,WDP4B,SR,2020,62,165,102,87.573,3.286,1.879,92.021,74.931,62.266,874.885,335.102,1.613,73.971,23.253,4.085,103,0,Low
WDP4B-1042,WDP4B,SR,2020,63,165,104,85.112,3.587,2.316,90.222,79.144,60.799,860.572,330.565,1.777,80.741,24.165,4.487,102,0,Low
WDP4B-1042,WDP4B,SR,2020,64,165,106,79.718,3.079,1.787,94.615,77.941,62.063,915.625,334.789,1.694,78.33,24.448,4.227,101,0,Low
WDP4B-1042,WDP4B,SR,2020,65,165,108,85.448,3.367,1.782,96.102,74.493,61.683,918.721,326.478,1.825,70.319,24.318,4.155,100,0,Low
WDP4B-1042,WDP4B,SR,2020,66,165,110,76.407,3.227,2.059,94.456,76.744,63.554,884.754,333.35,1.702,69.02,24.554,3.781,99,0,Low
WDP4B-1042,WDP4B,SR,2020,67,165,112,80.732,3.133,2.79,92.57,78.476,61.962,864.794,327.149,1.732,68.959,23.601,4.242,98,0,Low
WDP4B-1042,WDP4B,SR,2020,68,165,114,82.326,3.713,2.414,90.449,77.229,62.938,877.867,325.842,1.785,68.969,23.948,4.105,97,0,Low
WDP4B-1042,WDP4B,SR,2020,69,165,116,86.619,3.623,1.653,92.759,72.265,60.029,918.318,326.155,1.698,71.433,23.28,4.001,96,0,Low
WDP4B-1042,WDP4B,SR,2020,70,165,118,86.225,3.181,2.697,92.157,78.195,59.673,884.511,332.357,1.75,75.391,24.097,4.285,95,0,Low
WDP4B-1042,WDP4B,SR,2020,71,165,120,83.647,3.402,1.897,94.213,74.518,62.622,891.229,325.702,1.665,73.772,23.177,4.207,94,0,Low
WDP4B-1042,WDP4B,SR,2020,72,165,122,82.025,3.534,1.82,91.01,78.953,62.341,878.707,327.706,1.631,81.126,23.602,4.132,93,0,Low
WDP4B-1042,WDP4B,SR,2020,73,165,124,87.767,3.479,2.431,92.291,76.554,61.354,869.159,335.509,1.55,78.104,23.609,4.185,92,0,Low
WDP4B-1042,WDP4B,SR,2020,74,165,126,85.588,3.445,2.148,92.778,78.512,62.057,918.864,321.091,1.653,68.738,23.792,4.126,91,0,Low
WDP4B-1042,WDP4B,SR,2020,75,165,128,77.857,3.275,2.51,92.853,80.006,59.804,924.343,306.233,1.775,74.806,23.483,4.334,90,0,Low
WDP4B-1042,WDP4B,SR,2020,76,165,130,86.492,3.532,2.288,93.415,77.95,61.85,897.765,316.082,1.831,71.954,23.85,4.425,89,0,Low
WDP4B-1042,WDP4B,SR,2020,77,165,132,79.372,3.209,2.178,91.537,73.068,60.895,891.652,315.971,1.779,65.729,23.761,4.342,88,0,Low
WDP4B-1042,WDP4B,SR,2020,78,165,134,85.459,2.971,2.333,91.309,77.576,65.373,889.088,301.083,1.712,73.23,23.035,3.992,87,0,Low
WDP4B-1042,WDP4B,SR,2020,79,165,136,87.189,3.554,2.313,92.242,77.872,62.156,876.279,322.689,1.795,75.264,23.968,3.786,86,0,Low
WDP4B-1042,WDP4B,SR,2020,80,165,138,89.1,3.232,2.392,93.56,78.349,63.204,911.929,331.745,1.637,67.787,23.629,4.064,85,0,Low
WDP4B-1042,WDP4B,SR,2020,81,165,140,84.503,3.467,2.153,94.534,79.71,62.754,885.598,335.101,1.86,73.336,23.112,4.335,84,0,Low
WDP4B-1042,WDP4B,SR,2020,82,165,142,86.491,3.276,2.719,94.027,77.638,62.418,894.027,321.695,1.867,78.114,24.041,4.217,83,0,Low
WDP4B-1042,WDP4B,SR,2020,83,165,144,82.82,3.053,2.423,91.11,77.503,61.861,931.218,347.729,1.644,73.852,23.822,3.974,82,0,Low
WDP4B-1042,WDP4B,SR,2020,84,165,146,83.982,3.195,1.728,93.281,76.007,62.861,911.221,313.694,1.623,71.188,23.592,4.259,81,0,Low
WDP4B-1042,WDP4B,SR,2020,85,165,148,84.572,3.313,2.124,92.984,77.85,61.37,899.465,321.909,1.71,70.524,24.262,4.308,80,0,Low
WDP4B-1042,WDP4B,SR,2020,86,165,150,82.806,3.292,2.161,91.626,80.339,60.82,895.046,323.274,1.802,71.175,23.697,4.0,79,0,Low
WDP4B-1042,WDP4B,SR,2020,87,165,152,83.315,3.364,1.67,93.859,78.333,61.81,893.322,322.351,1.773,76.939,23.848,4.111,78,0,Low
WDP4B-1042,WDP4B,SR,2020,88,165,154,86.691,3.353,2.76,89.178,78.675,59.628,920.057,320.804,1.545,73.814,23.486,4.039,77,0,Low
WDP4B-1042,WDP4B,SR,2020,89,165,156,81.777,3.196,2.425,90.822,77.538,60.67,910.614,323.654,1.753,75.185,24.01,4.234,76,0,Low
WDP4B-1042,WDP4B,SR,2020,90,165,158,83.591,3.083,1.986,91.344,76.995,60.875,901.562,325.376,1.64,69.6,23.711,4.1,75,0,Low
WDP4B-1042,WDP4B,SR,2020,91,165,160,81.973,3.376,2.355,96.115,73.34,56.724,912.81,323.066,1.753,77.449,23.586,3.954,74,0,Low
WDP4B-1042,WDP4B,SR,2020,92,165,162,84.32,3.322,2.002,92.888,75.39,61.463,892.409,311.186,1.729,81.037,23.583,4.495,73,0,Low
WDP4B-1042,WDP4B,SR,2020,93,165,164,86.642,3.281,2.527,90.142,81.195,63.573,883.66,318.961,1.702,82.695,23.995,4.125,72,0,Low
WDP4B-1042,WDP4B,SR,2020,94,165,166,85.923,3.192,2.169,93.543,75.773,62.595,903.985,318.973,1.57,72.862,24.218,4.075,71,0,Low
WDP4B-1042,WDP4B,SR,2020,95,165,168,83.732,3.171,2.569,92.984,77.445,59.752,874.237,335.732,1.664,72.814,23.667,4.167,70,0,Low
WDP4B-1042,WDP4B,SR,2020,96,165,170,85.3,3.158,2.63,92.218,79.033,60.077,908.986,327.264,1.615,76.242,23.501,3.984,69,0,Low
WDP4B-1042,WDP4B,SR,2020,97,165,172,87.058,3.101,2.273,91.314,72.331,60.328,877.301,334.473,1.711,80.115,23.33,3.863,68,0,Low
WDP4B-1042,WDP4B,SR,2020,98,165,174,89.333,3.405,1.667,90.513,74.884,60.287,876.728,324.983,1.619,64.611,23.176,3.811,67,0,Low
WDP4B-1042,WDP4B,SR,2020,99,165,176,89.258,3.179,2.236,91.03,78.674,64.277,884.979,355.844,1.722,65.858,24.192,4.135,66,0,Low
WDP4B-1042,WDP4B,SR,2020,100,165,178,87.576,3.189,2.135,93.756,77.015,61.363,859.159,329.612,1.663,83.54,23.358,4.234,65,0,Low
WDP4B-1042,WDP4B,SR,2020,101,165,180,87.567,3.481,2.617,92.198,81.804,62.761,885.806,323.659,1.62,77.455,24.264,4.196,64,0,Low
WDP4B-1042,WDP4B,SR,2020,102,165,0,89.267,3.196,2.039,93.283,81.182,60.947,884.234,326.573,1.642,76.126,23.91,3.744,63,0,Low
WDP4B-1042,WDP4B,SR,2020,103,165,2,86.039,3.448,2.345,91.175,74.843,61.809,883.188,326.395,1.511,71.719,23.449,4.135,62,0,Low
WDP4B-1042,WDP4B,SR,2020,104,165,4,83.421,3.204,2.098,91.067,77.915,63.911,899.13,330.794,1.72,70.048,23.618,3.628,61,0,Low
WDP4B-1042,WDP4B,SR,2020,105,165,6,87.087,3.332,2.501,93.837,80.948,63.946,911.479,329.007,1.803,81.031,23.817,3.85,60,0,Medium
WDP4B-1042,WDP4B,SR,2020,106,165,8,84.449,3.233,2.869,90.288,75.854,60.885,896.271,317.999,1.639,74.471,23.822,3.989,59,0,Medium
WDP4B-1042,WDP4B,SR,2020,107,165,10,84.294,3.376,2.454,91.785,74.665,64.752,871.675,341.644,1.665,74.309,23.342,3.964,58,0,Medium
WDP4B-1042,WDP4B,SR,2020,108,165,12,88.742,3.445,1.841,91.44,77.156,66.521,874.29,324.385,1.62,71.469,23.796,4.01,57,0,Medium
WDP4B-1042,WDP4B,SR,2020,109,165,14,86.964,3.147,2.5,91.703,80.442,63.841,868.671,335.881,1.56,70.929,24.092,4.071,56,0,Medium
WDP4B-1042,WDP4B,SR,2020,110,165,16,86.555,3.218,2.409,92.346,84.274,63.091,914.51,333.056,1.704,65.297,24.369,4.156,55,0,Medium
WDP4B-1042,WDP4B,SR,2020,111,165,18,85.374,3.195,2.682,93.799,75.122,59.846,890.875,323.806,1.66,82.607,24.64,3.888,54,0,Medium
WDP4B-1042,WDP4B,SR,2020,112,165,20,82.21,3.196,1.847,93.32,81.18,57.247,850.765,323.982,1.561,74.217,23.53,3.735,53,0,Medium
WDP4B-1042,WDP4B,SR,2020,113,165,22,83.678,3.022,1.899,92.181,76.081,64.78,885.32,327.959,1.656,72.538,23.967,3.71,52,0,Medium
WDP4B-1042,WDP4B,SR,2020,114,165,24,82.521,3.24,2.034,93.746,81.997,60.9,924.978,307.789,1.696,86.953,23.591,3.857,51,0,Medium
WDP4B-1042,WDP4B,SR,2020,115,165,26,88.707,3.447,2.843,91.219,75.557,63.452,862.945,317.602,1.745,72.688,24.006,4.283,50,0,Medium
WDP4B-1042,WDP4B,SR,2020,116,165,28,86.59,3.428,2.134,93.645,82.146,61.32,874.287,336.202,1.824,65.71,23.06,4.099,49,0,Medium
WDP4B-1042,WDP4B,SR,2020,117,165,30,80.853,3.141,1.8,92.516,76.533,60.904,908.485,343.423,1.709,79.607,24.437,3.44,48,0,Medium
WDP4B-1042,WDP4B,SR,2020,118,165,32,87.031,3.245,2.484,93.263,78.067,62.447,880.937,332.161,1.7,77.92,23.219,4.008,47,0,Medium
WDP4B-1042,WDP4B,SR,2020,119,165,34,78.046,3.285,2.223,94.273,83.156,63.074,874.266,329.585,1.5,69.572,23.548,3.873,46,0,Medium
WDP4B-1042,WDP4B,SR,2020,120,165,36,87.049,3.308,2.901,93.167,74.904,64.108,900.78,339.968,1.556,75.79,23.564,4.087,45,0,Medium
WDP4B-1042,WDP4B,SR,2020,121,165,38,90.079,3.221,2.159,91.574,80.4,66.403,860.511,342.558,1.679,71.457,23.013,3.809,44,0,Medium
WDP4B-1042,WDP4B,SR,2020,122,165,40,86.73,3.332,2.285,92.773,78.309,65.443,902.441,337.801,1.864,76.246,23.653,3.968,43,0,Medium
WDP4B-1042,WDP4B,SR,2020,123,165,42,85.94,3.108,2.258,93.323,78.014,65.391,889.302,335.074,1.74,67.6,24.119,3.958,42,0,Medium
WDP4B-1042,WDP4B,SR,2020,124,165,44,81.652,3.288,2.189,89.568,76.8,63.44,897.618,332.356,1.657,64.398,23.475,3.868,41,0,Medium
WDP4B-1042,WDP4B,SR,2020,125,165,46,85.087,3.378,2.658,92.052,71.831,64.096,911.156,330.188,1.681,73.203,23.826,3.959,40,0,Medium
WDP4B-1042,WDP4B,SR,2020,126,165,48,82.531,3.402,2.946,93.693,73.511,61.686,872.86,324.29,1.747,71.536,24.209,3.992,39,0,Medium
WDP4B-1042,WDP4B,SR,2020,127,165,50,84.604,3.167,2.698,92.854,74.767,62.983,873.281,315.097,1.603,65.104,23.323,3.999,38,0,Medium
WDP4B-1042,WDP4B,SR,2020,128,165,52,85.414,3.084,2.701,92.411,76.322,64.01,868.857,328.883,1.759,64.186,23.433,4.098,37,0,Medium
WDP4B-1042,WDP4B,SR,2020,129,165,54,89.243,3.086,1.812,91.891,76.164,60.59,892.792,311.473,1.66,75.363,22.754,4.107,36,0,Medium
WDP4B-1042,WDP4B,SR,2020,130,165,56,86.24,3.479,2.239,93.094,80.113,60.634,864.198,320.847,1.748,70.839,23.403,3.907,35,0,Medium
WDP4B-1042,WDP4B,SR,2020,131,165,58,83.544,3.221,2.556,90.949,74.723,64.799,899.756,351.266,1.666,64.731,23.42,4.282,34,0,Medium
WDP4B-1042,WDP4B,SR,2020,132,165,60,77.744,3.344,2.673,90.098,76.515,61.943,883.273,332.377,1.521,66.108,23.349,3.914,33,0,Medium
WDP4B-1042,WDP4B,SR,2020,133,165,62,92.175,3.26,2.4,90.754,81.16,64.831,894.488,322.439,1.575,75.102,23.148,3.92,32,0,Medium
WDP4B-1042,WDP4B,SR,2020,134,165,64,86.055,3.378,2.136,91.104,74.675,61.102,902.128,340.903,1.696,78.148,23.845,4.262,31,0,Medium
WDP4B-1042,WDP4B,SR,2020,135,165,66,95.505,2.43,4.468,85.009,84.987,66.068,850.798,345.518,1.164,74.873,23.003,3.343,30,1,High
WDP4B-1042,WDP4B,SR,2020,136,165,68,99.726,2.543,4.444,84.145,85.399,69.999,820.525,373.741,1.188,77.029,22.7,3.456,29,1,High
WDP4B-1042,WDP4B,SR,2020,137,165,70,98.496,2.345,4.062,87.236,84.166,69.987,860.588,356.017,1.294,61.681,23.177,3.549,28,1,High
WDP4B-1042,WDP4B,SR,2020,138,165,72,98.072,2.416,3.921,86.146,84.915,73.737,855.421,357.612,1.204,69.543,22.948,3.178,27,1,High
WDP4B-1042,WDP4B,SR,2020,139,165,74,97.196,2.244,4.766,85.913,87.56,68.902,853.284,359.465,1.253,80.506,22.029,3.628,26,1,High
WDP4B-1042,WDP4B,SR,2020,140,165,76,101.243,2.367,4.638,90.189,88.467,67.242,878.736,362.108,1.226,69.858,23.407,3.468,25,1,High
WDP4B-1042,WDP4B,SR,2020,141,165,78,104.078,2.495,4.632,87.199,90.153,66.888,858.697,355.857,1.041,68.275,21.644,3.143,24,1,High
WDP4B-1042,WDP4B,SR,2020,142,165,80,96.558,2.307,4.122,83.083,83.555,71.939,879.66,355.945,1.274,72.34,22.166,3.355,23,1,High
WDP4B-1042,WDP4B,SR,2020,143,165,82,105.585,2.309,4.293,84.647,84.989,73.316,850.811,352.522,1.318,75.462,21.911,2.934,22,1,High
WDP4B-1042,WDP4B,SR,2020,144,165,84,107.505,2.117,4.505,85.745,91.18,71.969,906.691,338.419,1.124,71.621,22.695,3.105,21,1,High
WDP4B-1042,WDP4B,SR,2020,145,165,86,101.959,2.525,4.989,86.57,92.046,72.135,816.302,354.81,1.167,73.41,22.988,3.0,20,1,High
WDP4B-1042,WDP4B,SR,2020,146,165,88,104.51,2.199,5.14,83.666,86.247,77.241,865.106,362.373,1.183,78.192,21.781,3.241,19,1,High
WDP4B-1042,WDP4B,SR,2020,147,165,90,107.715,1.956,4.932,86.061,90.121,74.24,878.73,358.023,1.062,72.162,22.545,3.173,18,1,High
WDP4B-1042,WDP4B,SR,2020,148,165,92,101.557,1.732,5.257,85.741,89.373,75.927,842.207,370.323,1.064,69.609,21.91,3.431,17,1,High
WDP4B-1042,WDP4B,SR,2020,149,165,94,111.757,2.141,5.25,82.346,86.342,74.317,867.124,373.307,1.041,66.461,21.296,2.817,16,1,High
WDP4B-1042,WDP4B,SR,2020,150,165,96,107.628,2.107,5.849,84.368,93.32,76.403,843.917,378.577,1.105,73.786,22.187,3.013,15,1,High
WDP4B-1042,WDP4B,SR,2020,151,165,98,109.434,1.815,5.843,82.518,92.657,78.793,837.876,386.682,1.179,71.256,22.015,3.102,14,1,High
WDP4B-1042,WDP4B,SR,2020,152,165,100,111.03,1.737,5.685,81.677,89.958,82.808,876.905,377.138,0.955,68.143,22.757,2.746,13,1,High
WDP4B-1042,WDP4B,SR,2020,153,165,102,108.54,1.881,5.836,85.939,93.752,78.587,820.645,390.102,0.983,67.893,21.611,3.227,12,1,High
WDP4B-1042,WDP4B,SR,2020,154,165,104,112.378,1.823,6.342,82.854,93.012,79.948,812.203,389.805,0.978,70.517,21.78,2.409,11,1,High
WDP4B-1042,WDP4B,SR,2020,155,165,106,114.703,1.57,7.141,82.563,96.893,79.69,836.975,395.306,1.035,67.496,20.754,3.221,10,1,Critical
WDP4B-1042,WDP4B,SR,2020,156,165,108,109.438,1.699,6.744,79.792,100.226,80.462,806.825,401.634,0.73,76.497,20.825,3.042,9,1,Critical
WDP4B-1042,WDP4B,SR,2020,157,165,110,118.398,1.525,7.131,80.34,95.832,82.774,830.74,408.056,0.734,69.671,21.681,2.695,8,1,Critical
WDP4B-1042,WDP4B,SR,2020,158,165,112,122.506,1.587,7.534,79.423,100.153,85.247,812.86,377.773,0.856,65.147,20.664,2.77,7,1,Critical
WDP4B-1042,WDP4B,SR,2020,159,165,114,119.655,1.474,7.743,79.242,95.167,82.565,776.331,430.417,0.81,64.917,20.889,2.49,6,1,Critical
WDP4B-1042,WDP4B,SR,2020,160,165,116,123.386,1.438,7.98,74.802,102.001,89.815,805.298,407.924,0.743,77.547,20.63,2.76,5,1,Critical
WDP4B-1042,WDP4B,SR,2020,161,165,118,123.347,1.177,7.784,76.913,107.295,88.639,829.151,384.513,0.778,67.528,20.016,2.632,4,1,Critical
WDP4B-1042,WDP4B,SR,2020,162,165,120,125.017,1.497,8.524,77.455,104.304,88.557,781.18,417.879,0.666,68.092,20.866,2.516,3,1,Critical
WDP4B-1042,WDP4B,SR,2020,163,165,122,129.959,1.248,9.0,73.473,111.567,92.217,797.065,405.947,0.682,66.224,19.378,2.492,2,1,Critical
WDP4B-1042,WDP4B,SR,2020,164,165,124,123.662,0.971,9.0,76.05,105.98,89.864,792.26,406.318,0.611,69.153,20.505,2.794,1,1,Critical
WDP4B-1042,WDP4B,SR,2020,165,165,126,133.056,0.917,9.0,73.13,108.6,96.89,774.677,418.392,0.746,82.443,20.16,2.703,0,1,Critical
WAG9-1043,WAG9,CR,2011,1,137,-12,83.967,3.721,2.077,93.698,79.404,60.661,894.806,316.159,1.74,77.455,24.564,4.376,136,0,Low
WAG9-1043,WAG9,CR,2011,2,137,-10,85.667,3.436,1.499,94.783,78.782,58.847,893.234,319.073,1.762,76.126,24.21,3.924,135,0,Low
WAG9-1043,WAG9,CR,2011,3,137,-8,82.439,3.688,1.805,92.675,72.443,59.709,892.188,318.895,1.631,71.719,23.749,4.315,134,0,Low
WAG9-1043,WAG9,CR,2011,4,137,-6,79.821,3.444,1.558,92.567,75.515,61.811,908.13,323.294,1.84,70.048,23.918,3.808,133,0,Low
WAG9-1043,WAG9,CR,2011,5,137,-4,83.487,3.572,1.961,95.337,78.548,61.846,920.479,321.507,1.923,81.031,24.117,4.03,132,0,Low
WAG9-1043,WAG9,CR,2011,6,137,-2,80.849,3.473,2.329,91.788,73.454,58.785,905.271,310.499,1.759,74.471,24.122,4.169,131,0,Low
WAG9-1043,WAG9,CR,2011,7,137,0,80.694,3.616,1.914,93.285,72.265,62.652,880.675,334.144,1.785,74.309,23.642,4.144,130,0,Low
WAG9-1043,WAG9,CR,2011,8,137,2,85.142,3.685,1.301,92.94,74.756,64.421,883.29,316.885,1.74,71.469,24.096,4.19,129,0,Low
WAG9-1043,WAG9,CR,2011,9,137,4,83.364,3.387,1.96,93.203,78.042,61.741,877.671,328.381,1.68,70.929,24.392,4.251,128,0,Low
WAG9-1043,WAG9,CR,2011,10,137,6,82.955,3.458,1.869,93.846,81.874,60.991,923.51,325.556,1.824,65.297,24.669,4.336,127,0,Low
WAG9-1043,WAG9,CR,2011,11,137,8,81.774,3.435,2.142,95.299,72.722,57.746,899.875,316.306,1.78,82.607,24.94,4.068,126,0,Low
WAG9-1043,WAG9,CR,2011,12,137,10,78.61,3.436,1.307,94.82,78.78,55.147,859.765,316.482,1.681,74.217,23.83,3.915,125,0,Low
WAG9-1043,WAG9,CR,2011,13,137,12,80.078,3.262,1.359,93.681,73.681,62.68,894.32,320.459,1.776,72.538,24.267,3.89,124,0,Low
WAG9-1043,WAG9,CR,2011,14,137,14,78.921,3.48,1.494,95.246,79.597,58.8,933.978,300.289,1.816,86.953,23.891,4.037,123,0,Low
WAG9-1043,WAG9,CR,2011,15,137,16,85.107,3.687,2.303,92.719,73.157,61.352,871.945,310.102,1.865,72.688,24.306,4.463,122,0,Low
WAG9-1043,WAG9,CR,2011,16,137,18,82.99,3.668,1.594,95.145,79.746,59.22,883.287,328.702,1.944,65.71,23.36,4.279,121,0,Low
WAG9-1043,WAG9,CR,2011,17,137,20,77.253,3.381,1.26,94.016,74.133,58.804,917.485,335.923,1.829,79.607,24.737,3.62,120,0,Low
WAG9-1043,WAG9,CR,2011,18,137,22,83.431,3.485,1.944,94.763,75.667,60.347,889.937,324.661,1.82,77.92,23.519,4.188,119,0,Low
WAG9-1043,WAG9,CR,2011,19,137,24,74.446,3.525,1.683,95.773,80.756,60.974,883.266,322.085,1.62,69.572,23.848,4.053,118,0,Low
WAG9-1043,WAG9,CR,2011,20,137,26,83.449,3.548,2.361,94.667,72.504,62.008,909.78,332.468,1.676,75.79,23.864,4.267,117,0,Low
WAG9-1043,WAG9,CR,2011,21,137,28,86.479,3.461,1.619,93.074,78.0,64.303,869.511,335.058,1.799,71.457,23.313,3.989,116,0,Low
WAG9-1043,WAG9,CR,2011,22,137,30,83.13,3.572,1.745,94.273,75.909,63.343,911.441,330.301,1.984,76.246,23.953,4.148,115,0,Low
WAG9-1043,WAG9,CR,2011,23,137,32,82.34,3.348,1.718,94.823,75.614,63.291,898.302,327.574,1.86,67.6,24.419,4.138,114,0,Low
WAG9-1043,WAG9,CR,2011,24,137,34,78.052,3.528,1.649,91.068,74.4,61.34,906.618,324.856,1.777,64.398,23.775,4.048,113,0,Low
WAG9-1043,WAG9,CR,2011,25,137,36,81.487,3.618,2.118,93.552,69.431,61.996,920.156,322.688,1.801,73.203,24.126,4.139,112,0,Low
WAG9-1043,WAG9,CR,2011,26,137,38,78.931,3.642,2.406,95.193,71.111,59.586,881.86,316.79,1.867,71.536,24.509,4.172,111,0,Low
WAG9-1043,WAG9,CR,2011,27,137,40,81.004,3.407,2.158,94.354,72.367,60.883,882.281,307.597,1.723,65.104,23.623,4.179,110,0,Low
WAG9-1043,WAG9,CR,2011,28,137,42,81.814,3.324,2.161,93.911,73.922,61.91,877.857,321.383,1.879,64.186,23.733,4.278,109,0,Low
WAG9-1043,WAG9,CR,2011,29,137,44,85.643,3.326,1.272,93.391,73.764,58.49,901.792,303.973,1.78,75.363,23.054,4.287,108,0,Low
WAG9-1043,WAG9,CR,2011,30,137,46,82.64,3.719,1.699,94.594,77.713,58.534,873.198,313.347,1.868,70.839,23.703,4.087,107,0,Low
WAG9-1043,WAG9,CR,2011,31,137,48,79.944,3.461,2.016,92.449,72.323,62.699,908.756,343.766,1.786,64.731,23.72,4.462,106,0,Low
WAG9-1043,WAG9,CR,2011,32,137,50,74.144,3.584,2.133,91.598,74.115,59.843,892.273,324.877,1.641,66.108,23.649,4.094,105,0,Low
WAG9-1043,WAG9,CR,2011,33,137,52,88.575,3.5,1.86,92.254,78.76,62.731,903.488,314.939,1.695,75.102,23.448,4.1,104,0,Low
WAG9-1043,WAG9,CR,2011,34,137,54,82.455,3.618,1.596,92.604,72.275,59.002,911.128,333.403,1.816,78.148,24.145,4.442,103,0,Low
WAG9-1043,WAG9,CR,2011,35,137,56,80.565,3.426,2.227,91.234,75.027,57.353,888.148,314.393,1.662,74.873,24.248,4.09,102,0,Low
WAG9-1043,WAG9,CR,2011,36,137,58,84.669,3.546,2.185,90.418,75.361,61.211,858.173,342.374,1.689,77.029,23.955,4.208,101,0,Low
WAG9-1043,WAG9,CR,2011,37,137,60,83.255,3.357,1.776,93.585,74.006,61.076,898.713,324.276,1.8,61.681,24.447,4.308,100,0,Low
WAG9-1043,WAG9,CR,2011,38,137,62,82.58,3.441,1.597,92.596,74.587,64.655,894.201,325.362,1.716,69.543,24.239,3.946,99,0,Low
WAG9-1043,WAG9,CR,2011,39,137,64,81.387,3.284,2.395,92.491,77.021,59.599,892.896,326.573,1.772,80.506,23.347,4.406,98,0,Low
WAG9-1043,WAG9,CR,2011,40,137,66,85.05,3.425,2.209,96.923,77.672,57.67,919.358,328.441,1.754,69.858,24.756,4.258,97,0,Low
WAG9-1043,WAG9,CR,2011,41,137,68,87.434,3.573,2.135,94.114,79.057,56.999,900.507,321.282,1.58,68.275,23.031,3.947,96,0,Low
WAG9-1043,WAG9,CR,2011,42,137,70,79.396,3.408,1.548,90.206,72.114,61.683,922.835,320.329,1.825,72.34,23.596,4.175,95,0,Low
WAG9-1043,WAG9,CR,2011,43,137,72,87.84,3.435,1.631,92.005,73.158,62.644,895.53,315.731,1.881,75.462,23.39,3.771,94,0,Low
WAG9-1043,WAG9,CR,2011,44,137,74,89.109,3.271,1.746,93.365,78.916,60.833,953.131,300.319,1.701,71.621,24.228,3.962,93,0,Low
WAG9-1043,WAG9,CR,2011,45,137,76,82.845,3.711,2.122,94.478,79.304,60.486,864.641,315.268,1.76,73.41,24.581,3.878,92,0,Low
WAG9-1043,WAG9,CR,2011,46,137,78,84.612,3.418,2.155,91.89,72.982,65.029,915.521,321.256,1.793,78.192,23.439,4.142,91,0,Low
WAG9-1043,WAG9,CR,2011,47,137,80,86.967,3.211,1.819,94.626,76.289,61.417,931.4,315.198,1.689,72.162,24.274,4.098,90,0,Low
WAG9-1043,WAG9,CR,2011,48,137,82,79.892,3.026,2.007,94.674,74.93,62.444,897.309,325.656,1.712,69.609,23.715,4.383,89,0,Low
WAG9-1043,WAG9,CR,2011,49,137,84,89.108,3.477,1.853,91.675,71.243,60.125,924.836,326.665,1.708,66.461,23.183,3.797,88,0,Low
WAG9-1043,WAG9,CR,2011,50,137,86,83.928,3.487,2.294,94.118,77.52,61.453,904.417,329.827,1.795,73.786,24.162,4.023,87,0,Low
WAG9-1043,WAG9,CR,2011,51,137,88,84.617,3.241,2.12,92.716,76.112,63.037,901.341,335.69,1.892,71.256,24.084,4.144,86,0,Low
WAG9-1043,WAG9,CR,2011,52,137,90,85.028,3.214,1.785,92.351,72.624,66.195,943.514,323.771,1.693,68.143,24.924,3.821,85,0,Low
WAG9-1043,WAG9,CR,2011,53,137,92,81.288,3.409,1.748,97.114,75.584,61.07,890.575,334.227,1.748,67.893,23.882,4.337,84,0,Low
WAG9-1043,WAG9,CR,2011,54,137,94,83.809,3.407,2.057,94.558,73.966,61.477,885.632,331.288,1.77,70.517,24.161,3.557,83,0,Low
WAG9-1043,WAG9,CR,2011,55,137,96,84.75,3.211,2.648,94.822,76.924,60.217,914.081,334.014,1.855,67.496,23.25,4.408,82,0,Low
WAG9-1043,WAG9,CR,2011,56,137,98,78.034,3.4,2.033,92.632,79.29,59.938,887.785,337.434,1.58,76.497,23.442,4.269,81,0,Low
WAG9-1043,WAG9,CR,2011,57,137,100,85.476,3.29,2.192,93.789,73.884,61.15,915.732,340.814,1.617,69.671,24.424,3.964,80,0,Low
WAG9-1043,WAG9,CR,2011,58,137,102,88.001,3.417,2.358,93.506,77.15,62.473,902.062,307.356,1.771,65.147,23.539,4.084,79,0,Low
WAG9-1043,WAG9,CR,2011,59,137,104,83.499,3.373,2.32,93.987,71.063,58.594,869.921,356.692,1.76,64.917,23.902,3.85,78,0,Low
WAG9-1043,WAG9,CR,2011,60,137,106,85.513,3.408,2.299,90.236,76.753,64.597,903.453,330.757,1.727,77.547,23.786,4.168,77,0,Low
WAG9-1043,WAG9,CR,2011,61,137,108,83.69,3.22,1.836,93.061,80.857,62.125,932.05,303.772,1.8,67.528,23.32,4.089,76,0,Low
WAG9-1043,WAG9,CR,2011,62,137,110,83.509,3.616,2.298,94.345,76.632,60.699,889.0,333.429,1.726,68.092,24.325,4.025,75,0,Low
WAG9-1043,WAG9,CR,2011,63,137,112,86.533,3.446,2.641,91.131,82.617,62.965,909.984,317.655,1.781,66.224,22.996,4.053,74,0,Low
WAG9-1043,WAG9,CR,2011,64,137,114,78.253,3.251,2.255,94.503,75.708,59.17,910.455,314.052,1.751,69.153,24.289,4.41,73,0,Low
WAG9-1043,WAG9,CR,2011,65,137,116,85.596,3.281,2.493,92.405,76.96,64.705,898.327,322.017,1.928,82.443,24.115,4.376,72,0,Low
WAG9-1043,WAG9,CR,2011,66,137,118,83.305,3.425,1.605,94.93,81.256,58.434,906.306,320.365,1.755,71.021,23.667,3.975,71,0,Low
WAG9-1043,WAG9,CR,2011,67,137,120,85.052,3.442,2.494,92.789,78.936,60.087,902.104,327.829,1.704,69.342,23.968,4.055,70,0,Low
WAG9-1043,WAG9,CR,2011,68,137,122,74.394,3.278,1.951,94.437,75.236,61.931,901.934,328.66,1.625,76.211,24.106,3.922,69,0,Low
WAG9-1043,WAG9,CR,2011,69,137,124,90.914,3.354,2.027,92.333,75.551,60.475,886.161,321.207,1.657,71.601,24.081,4.218,68,0,Low
WAG9-1043,WAG9,CR,2011,70,137,126,91.235,3.352,2.004,93.644,78.52,61.135,885.338,323.89,1.784,80.609,22.749,4.307,67,0,Low
WAG9-1043,WAG9,CR,2011,71,137,128,84.241,2.984,2.349,92.083,76.422,62.332,930.479,322.978,1.753,83.782,23.419,4.161,66,0,Low
WAG9-1043,WAG9,CR,2011,72,137,130,82.714,3.453,1.748,93.18,74.839,62.305,888.567,324.704,1.843,66.745,23.976,3.764,65,0,Low
WAG9-1043,WAG9,CR,2011,73,137,132,86.787,3.493,2.557,94.08,74.045,61.392,903.936,320.84,1.797,64.953,23.607,4.092,64,0,Low
WAG9-1043,WAG9,CR,2011,74,137,134,90.045,3.233,2.694,91.303,75.397,59.734,911.669,319.579,1.876,73.122,23.568,3.953,63,0,Low
WAG9-1043,WAG9,CR,2011,75,137,136,88.7,3.277,1.874,94.77,79.261,58.139,919.007,345.148,1.732,68.123,24.274,4.139,62,0,Low
WAG9-1043,WAG9,CR,2011,76,137,138,79.439,3.343,2.386,90.284,74.177,65.328,917.064,334.638,1.746,61.936,23.499,4.129,61,0,Low
WAG9-1043,WAG9,CR,2011,77,137,140,85.968,3.262,2.623,93.246,81.233,63.229,883.701,325.809,1.717,78.094,23.892,4.238,60,0,Medium
WAG9-1043,WAG9,CR,2011,78,137,142,84.548,3.248,2.667,94.634,75.603,64.026,886.287,323.185,1.773,83.224,23.963,3.951,59,0,Medium
WAG9-1043,WAG9,CR,2011,79,137,144,78.81,3.05,2.282,93.843,77.692,63.136,870.938,343.916,1.807,65.568,23.599,4.07,58,0,Medium
WAG9-1043,WAG9,CR,2011,80,137,146,78.562,3.091,1.959,95.133,78.284,60.345,905.899,333.803,1.755,68.374,23.286,4.148,57,0,Medium
WAG9-1043,WAG9,CR,2011,81,137,148,82.738,3.187,1.794,92.796,80.724,67.73,878.391,310.095,1.571,77.475,23.276,3.652,56,0,Medium
WAG9-1043,WAG9,CR,2011,82,137,150,88.862,3.216,2.211,92.764,74.546,61.025,893.383,314.156,1.666,60.391,22.972,4.102,55,0,Medium
WAG9-1043,WAG9,CR,2011,83,137,152,84.068,3.459,2.402,94.142,75.254,62.862,900.248,333.394,1.595,80.571,24.166,3.906,54,0,Medium
WAG9-1043,WAG9,CR,2011,84,137,154,88.57,3.564,2.122,92.848,79.478,62.222,906.829,331.22,1.715,69.104,24.422,4.332,53,0,Medium
WAG9-1043,WAG9,CR,2011,85,137,156,85.65,3.479,2.395,90.867,74.369,61.975,906.176,335.028,1.786,79.975,23.573,3.886,52,0,Medium
WAG9-1043,WAG9,CR,2011,86,137,158,83.278,3.529,2.467,91.834,73.282,61.036,907.732,341.639,1.671,80.134,23.192,4.195,51,0,Medium
WAG9-1043,WAG9,CR,2011,87,137,160,86.327,3.392,1.859,93.272,76.497,65.293,921.252,328.99,1.746,68.506,24.4,3.564,50,0,Medium
WAG9-1043,WAG9,CR,2011,88,137,162,88.008,3.297,2.308,91.747,76.96,63.151,926.118,339.333,1.691,77.333,23.47,3.956,49,0,Medium
WAG9-1043,WAG9,CR,2011,89,137,164,90.855,3.332,2.42,92.923,78.36,57.521,912.663,334.688,1.593,71.373,23.434,4.171,48,0,Medium
WAG9-1043,WAG9,CR,2011,90,137,166,91.272,3.095,2.243,93.308,74.51,61.119,862.342,324.716,1.611,67.38,23.724,3.87,47,0,Medium
WAG9-1043,WAG9,CR,2011,91,137,168,86.41,3.462,2.096,90.175,77.3,59.865,902.855,315.865,1.636,64.397,23.435,3.885,46,0,Medium
WAG9-1043,WAG9,CR,2011,92,137,170,85.073,3.391,2.264,91.427,76.086,58.866,889.158,321.88,1.593,72.655,23.878,4.347,45,0,Medium
WAG9-1043,WAG9,CR,2011,93,137,172,86.953,3.273,2.479,91.834,75.786,62.566,893.524,333.435,1.627,70.91,23.54,4.062,44,0,Medium
WAG9-1043,WAG9,CR,2011,94,137,174,83.112,3.155,2.746,89.133,78.488,64.708,899.622,315.726,1.746,63.95,23.659,4.092,43,0,Medium
WAG9-1043,WAG9,CR,2011,95,137,176,88.146,3.046,1.566,90.555,76.853,59.842,849.14,334.825,1.578,75.46,24.225,3.98,42,0,Medium
WAG9-1043,WAG9,CR,2011,96,137,178,82.481,3.442,2.338,93.725,77.852,62.085,872.555,332.714,1.693,77.549,23.427,3.944,41,0,Medium
WAG9-1043,WAG9,CR,2011,97,137,180,86.321,3.32,2.525,91.464,73.708,60.59,885.86,338.899,1.748,65.596,24.158,4.027,40,0,Medium
WAG9-1043,WAG9,CR,2011,98,137,0,84.575,3.02,2.149,91.925,81.035,62.409,893.204,333.552,1.792,76.6,23.726,3.936,39,0,Medium
WAG9-1043,WAG9,CR,2011,99,137,2,87.577,3.201,2.291,93.481,76.998,62.881,912.357,323.198,1.652,71.294,23.89,4.084,38,0,Medium
WAG9-1043,WAG9,CR,2011,100,137,4,84.92,3.568,2.541,93.643,77.491,66.622,926.576,316.251,1.583,67.759,23.996,3.806,37,0,Medium
WAG9-1043,WAG9,CR,2011,101,137,6,85.436,3.039,2.855,95.37,76.71,60.678,923.715,339.942,1.647,75.587,23.192,4.096,36,0,Medium
WAG9-1043,WAG9,CR,2011,102,137,8,85.539,3.272,2.738,93.454,82.781,60.013,878.647,324.292,1.802,71.71,23.682,3.954,35,0,Medium
WAG9-1043,WAG9,CR,2011,103,137,10,86.066,3.616,2.064,89.391,80.133,61.02,922.532,323.857,1.649,66.468,24.525,3.997,34,0,Medium
WAG9-1043,WAG9,CR,2011,104,137,12,86.84,3.193,2.606,93.466,77.631,63.049,880.77,324.627,1.635,75.626,24.192,4.34,33,0,Medium
WAG9-1043,WAG9,CR,2011,105,137,14,79.786,3.359,2.203,90.687,80.565,60.097,912.538,345.746,1.741,74.765,23.22,3.707,32,0,Medium
WAG9-1043,WAG9,CR,2011,106,137,16,88.505,2.951,2.285,90.751,78.312,62.915,904.529,327.545,1.612,65.923,23.358,3.926,31,0,Medium
WAG9-1043,WAG9,CR,2011,107,137,18,97.139,2.668,3.936,91.685,82.646,66.723,880.803,370.95,1.448,76.291,22.727,3.768,30,1,High
WAG9-1043,WAG9,CR,2011,108,137,20,95.501,2.879,3.418,91.468,87.149,69.007,859.24,362.566,1.388,68.259,22.637,3.482,29,1,High
WAG9-1043,WAG9,CR,2011,109,137,22,96.747,2.495,3.833,89.507,84.61,65.936,886.138,358.084,1.29,70.456,23.222,3.676,28,1,High
WAG9-1043,WAG9,CR,2011,110,137,24,98.238,2.448,3.972,88.975,80.916,67.501,831.146,351.037,1.382,75.722,22.384,3.3,27,1,High
WAG9-1043,WAG9,CR,2011,111,137,26,95.595,2.37,4.162,88.643,86.929,68.166,852.61,353.903,1.24,80.217,23.337,3.32,26,1,High
WAG9-1043,WAG9,CR,2011,112,137,28,94.437,2.262,4.133,87.36,82.664,69.207,865.138,369.317,1.392,74.872,22.186,3.811,25,1,High
WAG9-1043,WAG9,CR,2011,113,137,30,95.886,2.634,3.787,90.833,87.314,67.51,904.612,354.07,1.41,77.704,24.053,3.61,24,1,High
WAG9-1043,WAG9,CR,2011,114,137,32,104.903,2.318,4.11,88.093,88.119,68.015,875.598,355.373,1.225,70.996,22.358,3.36,23,1,High
WAG9-1043,WAG9,CR,2011,115,137,34,97.016,2.591,4.458,87.817,87.749,71.499,866.72,348.056,1.321,72.634,22.311,3.58,22,1,High
WAG9-1043,WAG9,CR,2011,116,137,36,97.255,2.736,4.387,85.41,85.218,69.971,877.457,344.134,1.209,70.385,22.699,4.124,21,1,High
WAG9-1043,WAG9,CR,2011,117,137,38,100.225,2.318,4.863,85.956,79.356,72.839,844.443,359.535,1.314,69.969,22.564,2.9,20,1,High
WAG9-1043,WAG9,CR,2011,118,137,40,103.521,2.376,4.705,86.578,87.405,73.233,842.841,368.475,1.16,64.617,22.666,3.736,19,1,High
WAG9-1043,WAG9,CR,2011,119,137,42,98.67,2.138,4.465,87.122,88.464,70.734,881.567,355.43,1.293,73.308,22.488,3.417,18,1,High
WAG9-1043,WAG9,CR,2011,120,137,44,99.896,2.399,4.905,86.267,88.176,71.499,854.813,356.905,1.098,72.073,22.644,3.179,17,1,High
WAG9-1043,WAG9,CR,2011,121,137,46,102.275,2.356,4.42,86.151,91.459,75.321,891.239,353.995,1.28,76.231,21.846,3.689,16,1,High
WAG9-1043,WAG9,CR,2011,122,137,48,107.232,1.987,4.799,84.777,89.472,75.751,866.494,365.5,1.164,66.94,21.719,3.404,15,1,High
WAG9-1043,WAG9,CR,2011,123,137,50,102.933,1.938,5.012,83.998,88.356,77.926,866.874,361.144,1.118,78.917,22.318,2.62,14,1,High
WAG9-1043,WAG9,CR,2011,124,137,52,101.347,1.958,5.589,85.187,92.501,77.236,858.516,363.675,1.152,70.951,21.998,3.179,13,1,High
WAG9-1043,WAG9,CR,2011,125,137,54,101.736,2.177,5.81,82.491,89.713,77.397,841.988,380.816,1.153,71.716,21.464,3.009,12,1,High
WAG9-1043,WAG9,CR,2011,126,137,56,107.247,1.902,5.678,81.005,93.19,73.919,821.18,373.483,1.073,73.454,21.693,2.81,11,1,High
WAG9-1043,WAG9,CR,2011,127,137,58,107.59,1.678,5.815,80.938,94.59,81.421,820.26,371.159,1.053,72.201,21.572,2.878,10,1,Critical
WAG9-1043,WAG9,CR,2011,128,137,60,112.764,1.806,7.242,83.559,96.337,80.664,838.525,380.407,1.049,65.975,21.957,3.135,9,1,Critical
WAG9-1043,WAG9,CR,2011,129,137,62,117.096,2.049,6.087,82.039,95.92,83.392,814.166,368.554,1.094,69.586,21.841,2.805,8,1,Critical
WAG9-1043,WAG9,CR,2011,130,137,64,115.715,1.868,6.476,79.37,95.971,81.4,836.113,379.28,0.801,75.58,21.379,3.115,7,1,Critical
WAG9-1043,WAG9,CR,2011,131,137,66,118.443,1.617,7.256,79.268,96.542,82.094,820.611,398.261,0.832,72.27,20.899,3.247,6,1,Critical
WAG9-1043,WAG9,CR,2011,132,137,68,122.305,1.541,7.52,78.077,96.567,82.199,803.913,397.125,0.89,69.125,20.419,2.686,5,1,Critical
WAG9-1043,WAG9,CR,2011,133,137,70,116.396,1.64,7.616,76.452,99.014,86.886,790.828,379.5,0.96,69.249,20.601,2.887,4,1,Critical
WAG9-1043,WAG9,CR,2011,134,137,72,123.407,1.495,7.797,77.03,103.143,88.594,829.275,402.296,0.76,72.012,20.092,2.775,3,1,Critical
WAG9-1043,WAG9,CR,2011,135,137,74,125.809,1.356,8.369,77.56,104.199,89.091,789.842,385.283,0.736,67.298,20.697,2.692,2,1,Critical
WAG9-1043,WAG9,CR,2011,136,137,76,129.121,1.41,9.0,78.376,105.958,93.6,795.18,393.552,0.688,79.823,20.393,2.466,1,1,Critical
WAG9-1043,WAG9,CR,2011,137,137,78,130.441,1.269,8.53,76.72,105.164,90.424,759.08,409.168,0.64,71.807,20.308,2.441,0,1,Critical
WAP7-1044,WAP7,NR,2010,1,123,-34,81.836,3.279,2.315,96.87,74.31,58.578,932.715,332.442,1.767,75.587,23.492,4.276,122,0,Low
WAP7-1044,WAP7,NR,2010,2,123,-32,81.939,3.512,2.198,94.954,80.381,57.913,887.647,316.792,1.922,71.71,23.982,4.134,121,0,Low
WAP7-1044,WAP7,NR,2010,3,123,-30,82.466,3.856,1.524,90.891,77.733,58.92,931.532,316.357,1.769,66.468,24.825,4.177,120,0,Low
WAP7-1044,WAP7,NR,2010,4,123,-28,83.24,3.433,2.066,94.966,75.231,60.949,889.77,317.127,1.755,75.626,24.492,4.52,119,0,Low
WAP7-1044,WAP7,NR,2010,5,123,-26,76.186,3.599,1.663,92.187,78.165,57.997,921.538,338.246,1.861,74.765,23.52,3.887,118,0,Low
WAP7-1044,WAP7,NR,2010,6,123,-24,84.905,3.191,1.745,92.251,75.912,60.815,913.529,320.045,1.732,65.923,23.658,4.106,117,0,Low
WAP7-1044,WAP7,NR,2010,7,123,-22,84.551,3.507,2.047,96.93,74.254,59.38,912.273,344.725,1.868,76.291,23.776,4.397,116,0,Low
WAP7-1044,WAP7,NR,2010,8,123,-20,82.796,3.725,1.512,96.761,78.678,61.591,891.009,336.099,1.811,68.259,23.696,4.117,115,0,Low
WAP7-1044,WAP7,NR,2010,9,123,-18,83.858,3.35,1.9,94.876,76.017,58.397,918.383,331.243,1.718,70.456,24.297,4.317,114,0,Low
WAP7-1044,WAP7,NR,2010,10,123,-16,85.098,3.316,2.001,94.445,72.156,59.791,864.046,323.687,1.816,75.722,23.479,3.95,113,0,Low
WAP7-1044,WAP7,NR,2010,11,123,-14,82.138,3.253,2.143,94.241,77.958,60.236,886.342,325.912,1.681,80.217,24.458,3.98,112,0,Low
WAP7-1044,WAP7,NR,2010,12,123,-12,80.595,3.162,2.057,93.113,73.436,61.008,899.88,340.55,1.842,74.872,23.34,4.483,111,0,Low
WAP7-1044,WAP7,NR,2010,13,123,-10,81.594,3.555,1.643,96.768,77.786,58.993,940.542,324.395,1.871,77.704,25.244,4.297,110,0,Low
WAP7-1044,WAP7,NR,2010,14,123,-8,90.094,3.262,1.888,94.236,78.246,59.132,912.894,324.656,1.697,70.996,23.592,4.063,109,0,Low
WAP7-1044,WAP7,NR,2010,15,123,-6,81.623,3.561,2.149,94.195,77.487,62.2,905.559,316.165,1.806,72.634,23.594,4.3,108,0,Low
WAP7-1044,WAP7,NR,2010,16,123,-4,81.211,3.734,1.98,92.05,74.522,60.207,918.017,310.934,1.708,70.385,24.036,4.863,107,0,Low
WAP7-1044,WAP7,NR,2010,17,123,-2,83.463,3.346,2.348,92.884,68.182,62.561,886.902,324.893,1.829,69.969,23.961,3.661,106,0,Low
WAP7-1044,WAP7,NR,2010,18,123,0,85.976,3.438,2.073,93.821,75.708,62.393,887.376,332.258,1.691,64.617,24.128,4.519,105,0,Low
WAP7-1044,WAP7,NR,2010,19,123,2,80.274,3.237,1.705,94.707,76.2,59.283,928.357,317.505,1.842,73.308,24.021,4.224,104,0,Low
WAP7-1044,WAP7,NR,2010,20,123,4,80.582,3.536,2.008,94.22,75.301,59.388,904.035,317.138,1.667,72.073,24.253,4.014,103,0,Low
WAP7-1044,WAP7,NR,2010,21,123,6,81.977,3.535,1.376,94.499,77.928,62.501,943.071,312.254,1.869,76.231,23.538,4.552,102,0,Low
WAP7-1044,WAP7,NR,2010,22,123,8,85.884,3.211,1.597,93.547,75.24,62.173,921.114,321.65,1.776,66.94,23.498,4.296,101,0,Low
WAP7-1044,WAP7,NR,2010,23,123,10,80.468,3.208,1.642,93.216,73.38,63.541,924.459,315.052,1.753,78.917,24.191,3.544,100,0,Low
WAP7-1044,WAP7,NR,2010,24,123,12,77.698,3.278,2.042,94.88,76.734,61.996,919.245,315.208,1.812,70.951,23.969,4.137,99,0,Low
WAP7-1044,WAP7,NR,2010,25,123,14,76.836,3.549,2.075,92.686,73.113,61.252,906.038,329.841,1.839,71.716,23.539,4.002,98,0,Low
WAP7-1044,WAP7,NR,2010,26,123,16,81.029,3.329,1.746,91.728,75.712,56.821,888.729,319.866,1.786,73.454,23.878,3.84,97,0,Low
WAP7-1044,WAP7,NR,2010,27,123,18,79.989,3.162,1.675,92.216,76.189,63.32,891.485,314.768,1.796,72.201,23.872,3.947,96,0,Low
WAP7-1044,WAP7,NR,2010,28,123,20,83.712,3.35,2.884,95.419,76.969,61.512,913.605,321.107,1.822,65.975,24.378,4.244,95,0,Low
WAP7-1044,WAP7,NR,2010,29,123,22,86.526,3.657,1.501,94.507,75.54,63.14,893.278,306.212,1.898,69.586,24.388,3.957,94,0,Low
WAP7-1044,WAP7,NR,2010,30,123,24,83.562,3.541,1.653,92.474,74.535,59.998,919.435,313.763,1.637,75.58,24.058,4.311,93,0,Low
WAP7-1044,WAP7,NR,2010,31,123,26,84.639,3.358,2.186,93.033,74.006,59.495,908.321,329.436,1.702,72.27,23.716,4.489,92,0,Low
WAP7-1044,WAP7,NR,2010,32,123,28,86.784,3.353,2.191,92.53,72.886,58.354,896.189,324.858,1.796,69.125,23.379,3.976,91,0,Low
WAP7-1044,WAP7,NR,2010,33,123,30,79.091,3.526,2.02,91.62,74.144,61.744,887.847,303.658,1.903,69.249,23.71,4.226,90,0,Low
WAP7-1044,WAP7,NR,2010,34,123,32,84.251,3.457,1.924,92.94,77.039,62.108,931.215,322.746,1.742,72.012,23.355,4.166,89,0,Low
WAP7-1044,WAP7,NR,2010,35,123,34,84.736,3.397,2.208,94.238,76.817,61.212,896.881,301.891,1.756,67.298,24.12,4.136,88,0,Low
WAP7-1044,WAP7,NR,2010,36,123,36,86.064,3.533,2.651,95.85,77.253,64.278,907.496,306.185,1.75,79.823,23.981,3.965,87,0,Low
WAP7-1044,WAP7,NR,2010,37,123,38,85.333,3.476,1.764,95.015,75.092,59.611,876.85,317.693,1.744,71.807,24.067,3.996,86,0,Low
WAP7-1044,WAP7,NR,2010,38,123,40,82.798,3.46,2.203,94.576,72.229,58.64,902.494,320.625,1.689,70.438,24.121,4.113,85,0,Low
WAP7-1044,WAP7,NR,2010,39,123,42,82.377,3.433,2.347,94.258,77.988,62.658,871.403,312.252,1.817,73.598,23.422,4.142,84,0,Low
WAP7-1044,WAP7,NR,2010,40,123,44,90.51,3.376,1.446,94.933,81.57,62.765,885.719,312.354,1.709,74.866,24.402,4.506,83,0,Low
WAP7-1044,WAP7,NR,2010,41,123,46,83.244,3.391,1.468,94.278,78.575,59.772,909.648,321.326,1.802,67.446,23.826,4.608,82,0,Low
WAP7-1044,WAP7,NR,2010,42,123,48,80.356,3.357,2.236,94.439,79.929,64.433,919.755,325.786,1.727,69.223,24.159,4.405,81,0,Low
WAP7-1044,WAP7,NR,2010,43,123,50,82.88,3.373,2.298,95.053,72.553,56.984,897.286,316.884,1.713,70.525,24.658,4.281,80,0,Low
WAP7-1044,WAP7,NR,2010,44,123,52,81.171,3.657,1.549,92.593,75.006,59.052,938.67,324.717,1.675,75.68,23.542,3.906,79,0,Low
WAP7-1044,WAP7,NR,2010,45,123,54,84.839,3.354,2.188,92.95,72.545,62.584,890.813,323.809,1.691,70.979,24.34,4.198,78,0,Low
WAP7-1044,WAP7,NR,2010,46,123,56,86.196,3.655,2.551,90.175,76.326,61.036,875.573,316.468,1.666,80.316,23.047,4.075,77,0,Low
WAP7-1044,WAP7,NR,2010,47,123,58,80.47,3.299,2.399,92.1,75.153,61.173,882.77,333.574,1.717,71.611,23.932,4.337,76,0,Low
WAP7-1044,WAP7,NR,2010,48,123,60,85.616,3.583,1.919,92.591,76.008,62.081,882.819,319.892,1.803,78.108,23.848,4.253,75,0,Low
WAP7-1044,WAP7,NR,2010,49,123,62,82.558,3.616,1.516,94.278,75.54,61.585,893.862,317.242,1.756,75.947,23.536,3.809,74,0,Low
WAP7-1044,WAP7,NR,2010,50,123,64,84.123,3.548,1.979,93.169,72.666,63.481,887.14,301.025,1.703,69.353,23.849,4.326,73,0,Low
WAP7-1044,WAP7,NR,2010,51,123,66,80.155,3.268,1.996,93.772,76.883,60.71,872.996,318.065,1.837,60.732,24.006,4.013,72,0,Low
WAP7-1044,WAP7,NR,2010,52,123,68,84.596,3.438,2.209,92.069,72.906,60.57,878.003,318.074,1.63,67.9,23.642,4.216,71,0,Low
WAP7-1044,WAP7,NR,2010,53,123,70,83.229,3.342,2.139,92.174,76.864,61.006,899.005,337.869,1.704,75.01,23.577,4.076,70,0,Low
WAP7-1044,WAP7,NR,2010,54,123,72,81.882,3.318,2.432,95.008,74.915,60.444,878.831,311.548,1.586,80.067,23.932,4.311,69,0,Low
WAP7-1044,WAP7,NR,2010,55,123,74,79.86,3.273,1.797,93.95,78.055,58.838,897.353,344.606,1.812,63.21,24.441,3.606,68,0,Low
WAP7-1044,WAP7,NR,2010,56,123,76,84.669,3.384,2.264,93.029,76.831,62.283,901.043,340.539,1.782,67.2,23.748,4.281,67,0,Low
WAP7-1044,WAP7,NR,2010,57,123,78,80.67,3.493,2.279,91.046,73.389,63.888,877.825,327.563,1.687,61.551,24.081,3.994,66,0,Low
WAP7-1044,WAP7,NR,2010,58,123,80,84.907,3.381,2.155,93.483,76.139,63.528,915.19,332.91,1.573,69.68,24.058,4.285,65,0,Low
WAP7-1044,WAP7,NR,2010,59,123,82,79.859,3.39,1.914,92.421,79.456,62.113,892.114,315.51,1.822,71.249,23.975,4.085,64,0,Low
WAP7-1044,WAP7,NR,2010,60,123,84,85.917,3.253,2.451,91.133,79.045,63.703,873.584,320.111,1.688,69.047,23.519,4.219,63,0,Low
WAP7-1044,WAP7,NR,2010,61,123,86,86.533,3.47,1.934,92.647,74.271,58.288,897.848,343.109,1.789,72.624,23.482,4.199,62,0,Low
WAP7-1044,WAP7,NR,2010,62,123,88,85.081,3.382,2.452,91.113,75.887,62.373,874.634,341.157,1.788,68.235,23.526,4.045,61,0,Low
WAP7-1044,WAP7,NR,2010,63,123,90,78.33,3.515,2.277,89.531,80.626,60.045,904.65,323.714,1.677,69.904,23.083,4.272,60,0,Medium
WAP7-1044,WAP7,NR,2010,64,123,92,82.651,3.462,1.904,91.902,79.267,60.853,896.042,335.2,1.726,72.698,23.824,3.762,59,0,Medium
WAP7-1044,WAP7,NR,2010,65,123,94,83.782,3.428,2.302,92.341,75.074,59.219,896.232,307.351,1.707,70.261,23.961,3.926,58,0,Medium
WAP7-1044,WAP7,NR,2010,66,123,96,84.908,3.713,1.842,93.82,77.046,61.228,878.426,316.337,1.733,70.046,23.317,4.028,57,0,Medium
WAP7-1044,WAP7,NR,2010,67,123,98,85.521,3.318,2.199,91.9,75.877,62.402,921.473,339.94,1.766,65.373,22.864,3.626,56,0,Medium
WAP7-1044,WAP7,NR,2010,68,123,100,88.027,3.272,1.84,92.421,82.78,61.349,913.302,325.733,1.68,74.138,23.221,3.824,55,0,Medium
WAP7-1044,WAP7,NR,2010,69,123,102,82.139,3.093,2.181,90.249,77.786,66.149,912.502,332.877,1.888,65.782,23.741,4.368,54,0,Medium
WAP7-1044,WAP7,NR,2010,70,123,104,87.388,3.335,2.135,93.153,77.818,63.679,872.139,326.673,1.597,75.477,23.389,4.079,53,0,Medium
WAP7-1044,WAP7,NR,2010,71,123,106,87.798,3.586,2.181,94.287,77.885,61.348,908.867,325.399,1.758,71.939,24.096,3.829,52,0,Medium
WAP7-1044,WAP7,NR,2010,72,123,108,85.137,3.308,2.288,96.428,74.811,61.833,917.276,339.922,1.727,64.734,23.866,4.058,51,0,Medium
WAP7-1044,WAP7,NR,2010,73,123,110,86.296,3.412,2.03,92.474,74.945,61.688,897.46,305.141,1.638,67.471,23.598,4.342,50,0,Medium
WAP7-1044,WAP7,NR,2010,74,123,112,81.552,3.106,2.496,93.097,75.598,56.787,888.278,343.011,1.633,68.889,24.492,3.926,49,0,Medium
WAP7-1044,WAP7,NR,2010,75,123,114,85.66,3.505,2.73,92.366,82.426,63.636,906.864,329.139,1.873,71.531,23.451,4.032,48,0,Medium
WAP7-1044,WAP7,NR,2010,76,123,116,84.937,3.188,1.804,91.661,76.321,60.135,881.631,326.879,1.793,72.991,23.626,4.158,47,0,Medium
WAP7-1044,WAP7,NR,2010,77,123,118,80.212,3.32,2.057,93.178,73.187,60.341,910.917,338.854,1.862,69.561,24.228,3.747,46,0,Medium
WAP7-1044,WAP7,NR,2010,78,123,120,86.858,3.168,1.768,94.435,81.215,60.578,894.987,318.766,1.618,72.456,23.799,3.997,45,0,Medium
WAP7-1044,WAP7,NR,2010,79,123,122,87.31,3.412,2.425,91.865,72.034,60.215,852.23,315.327,1.699,72.675,24.013,4.499,44,0,Medium
WAP7-1044,WAP7,NR,2010,80,123,124,88.64,3.531,2.511,92.437,75.045,59.711,884.199,318.302,1.707,69.006,23.512,4.362,43,0,Medium
WAP7-1044,WAP7,NR,2010,81,123,126,83.285,3.191,2.305,92.567,75.982,61.698,928.638,341.579,1.752,69.704,23.588,4.186,42,0,Medium
WAP7-1044,WAP7,NR,2010,82,123,128,83.276,3.148,1.971,91.921,75.051,59.089,865.847,340.428,1.67,67.656,23.168,4.301,41,0,Medium
WAP7-1044,WAP7,NR,2010,83,123,130,79.512,3.499,2.486,93.676,73.49,61.666,912.857,315.234,1.747,73.487,23.842,3.485,40,0,Medium
WAP7-1044,WAP7,NR,2010,84,123,132,80.134,3.019,2.068,90.725,72.267,59.899,852.192,328.561,1.688,61.917,23.257,4.234,39,0,Medium
WAP7-1044,WAP7,NR,2010,85,123,134,86.016,3.53,2.359,93.575,74.875,61.132,853.118,329.131,1.719,72.825,23.299,3.816,38,0,Medium
WAP7-1044,WAP7,NR,2010,86,123,136,85.237,3.078,2.444,91.724,80.308,65.047,900.877,314.377,1.674,70.355,24.109,4.185,37,0,Medium
WAP7-1044,WAP7,NR,2010,87,123,138,86.473,3.373,1.797,93.94,74.232,61.497,907.339,315.736,1.635,72.941,23.859,3.905,36,0,Medium
WAP7-1044,WAP7,NR,2010,88,123,140,82.89,3.242,3.015,93.507,81.465,61.747,920.178,334.641,1.595,65.319,23.308,4.049,35,0,Medium
WAP7-1044,WAP7,NR,2010,89,123,142,86.428,3.602,2.173,92.157,76.945,57.94,881.625,306.404,1.609,75.1,24.254,4.458,34,0,Medium
WAP7-1044,WAP7,NR,2010,90,123,144,82.395,3.035,2.406,91.694,77.163,65.846,909.498,328.062,1.746,74.944,24.271,4.001,33,0,Medium
WAP7-1044,WAP7,NR,2010,91,123,146,85.807,2.98,1.937,93.719,77.735,65.691,888.209,321.656,1.635,71.473,23.254,3.784,32,0,Medium
WAP7-1044,WAP7,NR,2010,92,123,148,84.965,3.219,2.191,90.431,82.561,63.982,909.296,350.56,1.602,70.458,24.054,3.899,31,0,Medium
WAP7-1044,WAP7,NR,2010,93,123,150,95.248,2.833,3.557,90.488,82.822,65.704,853.9,328.067,1.458,76.712,23.081,3.523,30,1,High
WAP7-1044,WAP7,NR,2010,94,123,152,96.333,2.867,3.145,88.466,83.284,66.677,855.923,339.975,1.287,68.872,22.082,3.674,29,1,High
WAP7-1044,WAP7,NR,2010,95,123,154,95.955,2.615,3.774,91.2,81.795,67.891,858.392,335.624,1.391,66.254,22.333,3.364,28,1,High
WAP7-1044,WAP7,NR,2010,96,123,156,91.259,2.837,3.825,90.065,84.52,71.337,907.23,346.215,1.388,69.924,23.477,3.675,27,1,High
WAP7-1044,WAP7,NR,2010,97,123,158,93.486,2.335,3.689,86.082,84.91,68.512,883.671,352.37,1.465,67.974,23.496,3.492,26,1,High
WAP7-1044,WAP7,NR,2010,98,123,160,98.265,2.709,3.74,91.347,86.26,69.234,884.175,346.523,1.428,74.698,22.711,3.482,25,1,High
WAP7-1044,WAP7,NR,2010,99,123,162,92.741,2.692,3.88,88.192,83.135,68.558,903.611,343.881,1.29,68.946,22.899,3.536,24,1,High
WAP7-1044,WAP7,NR,2010,100,123,164,93.661,2.814,4.095,86.127,87.764,67.474,870.766,347.527,1.226,78.663,22.933,3.45,23,1,High
WAP7-1044,WAP7,NR,2010,101,123,166,93.734,2.596,3.862,87.846,90.587,64.962,898.037,337.657,1.151,70.532,21.929,3.557,22,1,High
WAP7-1044,WAP7,NR,2010,102,123,168,99.335,2.555,3.829,89.559,87.851,70.255,907.863,353.259,1.38,74.642,22.934,3.515,21,1,High
WAP7-1044,WAP7,NR,2010,103,123,170,94.93,2.68,4.291,87.606,83.513,70.459,874.73,341.831,1.246,73.719,22.921,3.609,20,1,High
WAP7-1044,WAP7,NR,2010,104,123,172,96.587,2.36,4.106,87.94,88.36,68.101,840.786,366.036,1.384,63.463,22.126,3.522,19,1,High
WAP7-1044,WAP7,NR,2010,105,123,174,100.396,2.631,4.468,83.578,93.754,71.875,836.355,374.841,1.323,70.459,22.23,3.803,18,1,High
WAP7-1044,WAP7,NR,2010,106,123,176,106.086,2.372,4.726,85.202,83.979,70.844,861.397,366.442,1.259,72.394,22.686,3.25,17,1,High
WAP7-1044,WAP7,NR,2010,107,123,178,105.968,2.31,4.312,85.564,93.874,69.463,862.985,356.969,1.248,76.705,22.487,3.742,16,1,High
WAP7-1044,WAP7,NR,2010,108,123,180,98.762,2.309,4.768,84.927,86.832,73.093,867.909,365.284,1.183,73.179,22.998,3.282,15,1,High
WAP7-1044,WAP7,NR,2010,109,123,0,106.183,2.129,4.994,85.839,90.608,71.984,863.245,357.877,1.23,72.926,22.077,3.493,14,1,High
WAP7-1044,WAP7,NR,2010,110,123,2,104.519,2.151,5.031,80.486,87.569,72.179,850.698,371.343,1.13,69.656,21.326,3.353,13,1,High
WAP7-1044,WAP7,NR,2010,111,123,4,109.475,2.292,5.287,84.7,87.668,76.725,784.3,372.007,1.123,70.898,22.45,3.266,12,1,High
WAP7-1044,WAP7,NR,2010,112,123,6,103.566,2.087,5.726,83.235,89.379,75.727,827.732,365.841,0.909,69.715,21.659,3.137,11,1,High
WAP7-1044,WAP7,NR,2010,113,123,8,106.155,1.91,6.099,81.474,93.966,79.323,833.635,368.522,1.021,75.775,21.696,3.195,10,1,Critical
WAP7-1044,WAP7,NR,2010,114,123,10,109.056,1.983,6.701,82.363,94.202,83.39,811.712,385.517,1.161,70.419,21.347,2.999,9,1,Critical
WAP7-1044,WAP7,NR,2010,115,123,12,112.892,1.654,6.379,80.99,96.011,81.658,834.044,379.939,1.095,83.015,21.299,3.254,8,1,Critical
WAP7-1044,WAP7,NR,2010,116,123,14,111.934,1.958,6.692,81.319,96.991,82.107,808.96,382.61,1.007,75.736,21.308,2.921,7,1,Critical
WAP7-1044,WAP7,NR,2010,117,123,16,116.957,1.753,7.084,80.305,90.776,81.966,846.024,386.506,1.001,73.411,21.4,2.66,6,1,Critical
WAP7-1044,WAP7,NR,2010,118,123,18,115.941,1.713,6.88,81.887,94.915,83.885,822.777,375.936,0.891,66.642,22.038,2.993,5,1,Critical
WAP7-1044,WAP7,NR,2010,119,123,20,116.634,1.485,7.659,78.792,100.245,85.429,789.354,385.089,0.841,77.83,20.812,2.83,4,1,Critical
WAP7-1044,WAP7,NR,2010,120,123,22,120.665,1.416,8.113,77.123,103.147,85.149,806.427,395.642,0.843,78.423,20.53,2.65,3,1,Critical
WAP7-1044,WAP7,NR,2010,121,123,24,125.031,1.745,7.641,78.317,103.115,87.336,778.539,407.249,0.858,69.635,20.033,3.05,2,1,Critical
WAP7-1044,WAP7,NR,2010,122,123,26,125.227,1.394,7.637,76.5,101.958,88.403,772.5,404.094,0.755,72.492,19.911,2.626,1,1,Critical
WAP7-1044,WAP7,NR,2010,123,123,28,129.457,1.115,8.374,74.501,103.296,90.192,799.161,416.881,0.667,67.138,20.905,2.884,0,1,Critical
WAP5-1045,WAP5,ER,2013,1,155,2,79.517,3.487,1.729,93.735,81.109,56.348,933.935,308.216,1.596,70.532,23.114,4.219,154,0,Low
WAP5-1045,WAP5,ER,2013,2,155,4,84.467,3.475,1.599,95.709,77.939,61.177,945.483,322.509,1.84,74.642,24.173,4.196,153,0,Low
WAP5-1045,WAP5,ER,2013,3,155,6,79.345,3.63,1.953,94.044,73.123,60.868,914.249,309.64,1.721,73.719,24.22,4.311,152,0,Low
WAP5-1045,WAP5,ER,2013,4,155,8,80.218,3.343,1.65,94.693,77.447,57.947,882.382,332.269,1.876,63.463,23.49,4.247,151,0,Low
WAP5-1045,WAP5,ER,2013,5,155,10,83.176,3.651,1.885,90.673,82.274,61.11,880.205,339.366,1.833,70.459,23.665,4.552,150,0,Low
WAP5-1045,WAP5,ER,2013,6,155,12,87.949,3.43,2.005,92.666,71.888,59.418,907.679,329.125,1.788,72.394,24.197,4.026,149,0,Low
WAP5-1045,WAP5,ER,2013,7,155,14,86.847,3.41,1.444,93.423,81.127,57.329,911.878,317.677,1.798,76.705,24.08,4.546,148,0,Low
WAP5-1045,WAP5,ER,2013,8,155,16,78.59,3.454,1.742,93.207,73.384,60.201,919.589,323.884,1.755,73.179,24.679,4.115,147,0,Low
WAP5-1045,WAP5,ER,2013,9,155,18,84.894,3.321,1.8,94.567,76.415,58.286,917.891,314.235,1.826,72.926,23.851,4.358,146,0,Low
WAP5-1045,WAP5,ER,2013,10,155,20,82.046,3.392,1.66,89.689,72.587,57.625,908.487,325.326,1.751,69.656,23.198,4.251,145,0,Low
WAP5-1045,WAP5,ER,2013,11,155,22,85.751,3.586,1.728,94.405,71.852,61.266,845.41,323.482,1.77,70.898,24.427,4.2,144,0,Low
WAP5-1045,WAP5,ER,2013,12,155,24,78.524,3.435,1.97,93.468,72.685,59.314,892.341,314.675,1.583,69.715,23.746,4.109,143,0,Low
WAP5-1045,WAP5,ER,2013,13,155,26,79.73,3.316,2.136,92.262,76.349,61.908,901.921,314.581,1.724,75.775,23.899,4.205,142,0,Low
WAP5-1045,WAP5,ER,2013,14,155,28,81.18,3.449,2.519,93.733,75.618,64.924,883.852,328.667,1.894,70.419,23.67,4.049,141,0,Low
WAP5-1045,WAP5,ER,2013,15,155,30,83.498,3.183,1.97,92.968,76.416,62.092,910.216,320.047,1.86,83.015,23.748,4.347,140,0,Low
WAP5-1045,WAP5,ER,2013,16,155,32,80.957,3.553,2.045,93.932,76.34,61.392,889.342,319.544,1.805,75.736,23.89,4.059,139,0,Low
WAP5-1045,WAP5,ER,2013,17,155,34,84.329,3.416,2.19,93.58,69.024,60.053,930.794,320.131,1.833,73.411,24.119,3.843,138,0,Low
WAP5-1045,WAP5,ER,2013,18,155,36,81.596,3.448,1.728,95.85,72.018,60.725,912.113,306.12,1.758,66.642,24.9,4.224,137,0,Low
WAP5-1045,WAP5,ER,2013,19,155,38,80.505,3.293,2.24,93.47,76.159,60.974,883.433,311.698,1.745,77.83,23.823,4.111,136,0,Low
WAP5-1045,WAP5,ER,2013,20,155,40,82.685,3.3,2.416,92.543,77.827,59.349,905.427,318.542,1.785,78.423,23.695,3.982,135,0,Low
WAP5-1045,WAP5,ER,2013,21,155,42,85.133,3.708,1.657,94.505,76.516,60.143,882.638,326.307,1.839,69.635,23.358,4.435,134,0,Low
WAP5-1045,WAP5,ER,2013,22,155,44,83.346,3.439,1.355,93.483,74.037,59.767,881.876,319.177,1.777,72.492,23.401,4.066,133,0,Low
WAP5-1045,WAP5,ER,2013,23,155,46,85.525,3.244,1.784,92.306,74.008,60.065,913.991,327.856,1.731,67.138,24.566,4.381,132,0,Low
WAP5-1045,WAP5,ER,2013,24,155,48,81.062,3.72,2.053,93.013,75.593,60.439,893.037,328.49,1.588,79.019,24.105,4.165,131,0,Low
WAP5-1045,WAP5,ER,2013,25,155,50,84.17,3.134,1.68,91.161,72.698,62.23,912.473,323.436,1.716,67.715,23.707,4.105,130,0,Low
WAP5-1045,WAP5,ER,2013,26,155,52,83.945,3.507,1.871,95.079,75.361,61.451,900.538,330.06,1.758,67.403,24.633,4.321,129,0,Low
WAP5-1045,WAP5,ER,2013,27,155,54,78.465,3.352,2.205,92.647,76.546,63.832,844.818,319.015,1.735,73.741,24.33,4.289,128,0,Low
WAP5-1045,WAP5,ER,2013,28,155,56,77.091,3.683,1.68,93.769,74.952,65.255,911.214,327.146,1.809,68.937,24.21,3.989,127,0,Low
WAP5-1045,WAP5,ER,2013,29,155,58,80.994,3.308,1.89,94.275,75.827,58.26,897.737,305.77,1.737,71.389,23.831,4.151,126,0,Low
WAP5-1045,WAP5,ER,2013,30,155,60,80.095,3.321,2.029,95.683,73.999,56.292,950.312,334.64,1.775,69.231,24.004,4.087,125,0,Low
WAP5-1045,WAP5,ER,2013,31,155,62,78.381,3.544,1.302,92.367,74.727,61.712,886.489,324.583,1.816,71.327,23.333,4.213,124,0,Low
WAP5-1045,WAP5,ER,2013,32,155,64,82.46,3.389,1.685,93.205,76.826,60.773,853.33,309.633,1.976,75.491,24.213,4.32,123,0,Low
WAP5-1045,WAP5,ER,2013,33,155,66,87.111,3.446,2.144,92.015,73.129,61.227,890.631,331.795,1.736,78.012,23.196,3.975,122,0,Low
WAP5-1045,WAP5,ER,2013,34,155,68,81.443,3.385,2.15,93.805,76.366,59.678,903.706,332.419,1.674,71.711,23.574,3.928,121,0,Low
WAP5-1045,WAP5,ER,2013,35,155,70,81.053,3.408,2.154,91.183,74.358,57.751,906.893,309.389,1.748,60.843,23.837,3.882,120,0,Low
WAP5-1045,WAP5,ER,2013,36,155,72,83.844,3.148,1.902,90.904,74.335,58.218,902.594,318.147,1.875,77.364,24.689,3.879,119,0,Low
WAP5-1045,WAP5,ER,2013,37,155,74,86.983,3.289,2.096,89.918,74.399,59.321,885.899,321.191,1.634,72.895,24.225,3.868,118,0,Low
WAP5-1045,WAP5,ER,2013,38,155,76,80.726,3.255,1.97,92.801,76.557,63.172,923.213,312.417,1.679,70.153,23.417,4.231,117,0,Low
WAP5-1045,WAP5,ER,2013,39,155,78,82.924,3.609,1.73,95.876,77.747,59.994,911.054,312.839,1.769,72.874,24.55,4.257,116,0,Low
WAP5-1045,WAP5,ER,2013,40,155,80,81.155,3.451,2.111,93.528,75.521,62.089,881.632,335.476,1.666,77.745,23.527,3.807,115,0,Low
WAP5-1045,WAP5,ER,2013,41,155,82,79.496,3.354,2.16,92.884,75.715,57.592,877.481,354.324,1.794,69.217,23.622,4.027,114,0,Low
WAP5-1045,WAP5,ER,2013,42,155,84,82.476,3.516,2.762,90.796,75.446,62.018,908.296,314.594,1.857,76.034,23.874,4.354,113,0,Low
WAP5-1045,WAP5,ER,2013,43,155,86,83.659,3.329,1.84,94.348,76.866,60.968,899.703,324.161,1.867,67.366,24.009,3.741,112,0,Low
WAP5-1045,WAP5,ER,2013,44,155,88,78.661,3.23,2.421,93.892,76.348,58.429,894.88,313.154,1.723,67.82,23.951,4.272,111,0,Low
WAP5-1045,WAP5,ER,2013,45,155,90,82.376,3.569,2.165,90.79,76.771,58.403,878.661,323.433,1.911,69.125,22.928,4.106,110,0,Low
WAP5-1045,WAP5,ER,2013,46,155,92,81.93,3.039,2.255,91.601,76.41,61.804,873.031,326.208,1.751,77.089,24.066,3.907,109,0,Low
WAP5-1045,WAP5,ER,2013,47,155,94,82.578,3.284,2.01,94.044,77.119,62.012,884.733,329.754,1.729,65.522,24.317,4.09,108,0,Low
WAP5-1045,WAP5,ER,2013,48,155,96,85.448,3.479,2.021,92.173,72.305,61.535,880.374,333.583,1.66,76.51,24.116,3.995,107,0,Low
WAP5-1045,WAP5,ER,2013,49,155,98,80.285,3.252,1.944,91.076,77.671,61.826,868.825,324.552,1.857,78.457,23.838,4.64,106,0,Low
WAP5-1045,WAP5,ER,2013,50,155,100,81.379,3.352,2.604,94.791,72.669,58.62,895.378,322.997,1.724,75.118,24.342,3.623,105,0,Low
WAP5-1045,WAP5,ER,2013,51,155,102,89.035,3.396,1.925,92.655,71.918,62.987,917.171,313.463,1.753,70.063,23.951,3.968,104,0,Low
WAP5-1045,WAP5,ER,2013,52,155,104,81.694,3.315,2.467,95.365,73.476,58.986,896.631,325.097,1.709,70.767,24.229,3.859,103,0,Low
WAP5-1045,WAP5,ER,2013,53,155,106,85.487,3.479,1.711,94.028,72.948,63.385,917.231,309.684,1.721,67.322,23.741,4.196,102,0,Low
WAP5-1045,WAP5,ER,2013,54,155,108,83.838,3.446,1.875,93.32,71.561,62.265,868.484,318.341,1.651,74.672,24.444,4.188,101,0,Low
WAP5-1045,WAP5,ER,2013,55,155,110,80.817,3.412,2.154,90.411,78.524,58.904,929.392,327.784,1.754,68.006,24.124,4.08,100,0,Low
WAP5-1045,WAP5,ER,2013,56,155,112,84.303,3.398,2.148,91.72,76.073,56.731,897.667,314.067,1.685,69.11,23.589,3.896,99,0,Low
WAP5-1045,WAP5,ER,2013,57,155,114,80.227,3.573,1.395,90.833,75.53,62.4,946.447,344.243,1.805,67.966,23.818,4.168,98,0,Low
WAP5-1045,WAP5,ER,2013,58,155,116,84.925,3.176,2.183,97.426,74.998,59.973,898.064,338.12,1.708,85.384,23.884,4.019,97,0,Low
WAP5-1045,WAP5,ER,2013,59,155,118,82.36,3.136,1.386,92.448,75.626,63.966,907.854,321.988,1.736,59.542,23.769,4.242,96,0,Low
WAP5-1045,WAP5,ER,2013,60,155,120,82.32,3.192,2.381,92.503,78.402,62.581,879.345,315.976,1.7,65.892,24.266,4.305,95,0,Low
WAP5-1045,WAP5,ER,2013,61,155,122,84.426,3.704,1.613,91.543,77.113,57.925,884.846,323.394,1.689,71.52,23.658,4.263,94,0,Low
WAP5-1045,WAP5,ER,2013,62,155,124,82.669,3.567,1.79,92.982,77.196,60.14,887.773,329.559,1.819,69.272,23.572,4.021,93,0,Low
WAP5-1045,WAP5,ER,2013,63,155,126,80.637,3.178,1.732,91.138,78.106,58.081,903.698,333.554,1.727,72.066,23.544,4.111,92,0,Low
WAP5-1045,WAP5,ER,2013,64,155,128,88.2,3.317,1.8,90.474,76.407,61.407,886.146,324.419,1.644,74.677,23.929,3.822,91,0,Low
WAP5-1045,WAP5,ER,2013,65,155,130,89.816,3.143,2.479,92.943,79.97,60.335,911.112,329.171,1.809,86.062,24.046,4.014,90,0,Low
WAP5-1045,WAP5,ER,2013,66,155,132,87.201,3.363,2.246,94.224,81.286,59.261,902.634,308.813,1.617,78.047,23.542,3.94,89,0,Low
WAP5-1045,WAP5,ER,2013,67,155,134,81.627,3.319,2.32,92.892,78.958,61.834,894.161,318.026,1.622,80.558,23.606,3.978,88,0,Low
WAP5-1045,WAP5,ER,2013,68,155,136,87.031,3.313,2.35,92.453,78.512,62.008,904.861,328.884,1.7,71.783,23.78,4.202,87,0,Low
WAP5-1045,WAP5,ER,2013,69,155,138,80.743,3.573,1.963,95.2,78.861,59.783,879.719,342.434,1.924,71.432,23.505,4.152,86,0,Low
WAP5-1045,WAP5,ER,2013,70,155,140,87.128,3.149,2.243,94.358,77.518,61.657,908.893,341.209,1.721,68.294,23.871,4.114,85,0,Low
WAP5-1045,WAP5,ER,2013,71,155,142,81.609,3.237,3.04,93.99,76.398,62.878,862.364,312.363,1.674,71.266,24.108,4.223,84,0,Low
WAP5-1045,WAP5,ER,2013,72,155,144,82.366,3.279,2.43,91.156,75.952,64.463,878.406,329.832,1.665,69.737,23.45,3.859,83,0,Low
WAP5-1045,WAP5,ER,2013,73,155,146,82.768,3.232,2.461,92.024,75.211,62.279,895.115,326.745,1.728,60.422,23.623,4.223,82,0,Low
WAP5-1045,WAP5,ER,2013,74,155,148,77.857,3.459,3.23,89.317,74.683,64.854,895.063,309.72,1.674,67.738,23.255,3.773,81,0,Low
WAP5-1045,WAP5,ER,2013,75,155,150,80.923,3.363,2.297,91.549,75.334,63.313,899.151,338.672,1.744,72.198,23.813,4.035,80,0,Low
WAP5-1045,WAP5,ER,2013,76,155,152,84.813,3.134,2.187,95.361,78.573,61.102,868.926,307.349,1.743,77.529,24.236,3.832,79,0,Low
WAP5-1045,WAP5,ER,2013,77,155,154,88.61,3.28,1.956,93.707,80.465,59.904,913.528,328.996,1.777,66.112,23.828,3.981,78,0,Low
WAP5-1045,WAP5,ER,2013,78,155,156,87.903,3.577,2.545,94.563,78.871,62.107,895.385,331.464,1.696,68.665,23.573,4.259,77,0,Low
WAP5-1045,WAP5,ER,2013,79,155,158,85.665,3.377,2.411,91.794,73.824,62.776,903.3,322.147,1.686,72.46,23.718,4.101,76,0,Low
WAP5-1045,WAP5,ER,2013,80,155,160,87.765,3.26,2.23,92.971,78.884,59.731,893.347,327.679,1.742,67.724,23.665,4.135,75,0,Low
WAP5-1045,WAP5,ER,2013,81,155,162,84.757,3.45,2.57,95.209,75.861,59.504,867.467,325.064,1.701,69.664,23.744,4.233,74,0,Low
WAP5-1045,WAP5,ER,2013,82,155,164,83.194,3.39,2.313,95.018,77.334,60.41,895.921,316.843,1.784,66.056,23.648,4.309,73,0,Low
WAP5-1045,WAP5,ER,2013,83,155,166,83.376,3.307,2.346,91.881,77.967,60.326,857.248,317.991,1.68,67.555,23.021,4.045,72,0,Low
WAP5-1045,WAP5,ER,2013,84,155,168,84.07,3.199,2.402,92.611,74.47,61.645,875.375,326.444,1.755,74.842,23.663,4.063,71,0,Low
WAP5-1045,WAP5,ER,2013,85,155,170,83.197,3.225,2.091,93.218,75.628,62.406,894.533,327.811,1.738,66.205,23.372,4.157,70,0,Low
WAP5-1045,WAP5,ER,2013,86,155,172,86.75,3.503,2.175,93.337,84.054,61.729,847.525,330.196,1.617,74.418,23.604,4.038,69,0,Low
WAP5-1045,WAP5,ER,2013,87,155,174,89.728,3.111,2.659,93.401,74.62,61.751,879.912,340.052,1.592,75.147,22.661,4.479,68,0,Low
WAP5-1045,WAP5,ER,2013,88,155,176,81.684,3.131,2.324,92.284,75.264,63.797,892.669,321.008,1.899,68.995,23.052,3.529,67,0,Low
WAP5-1045,WAP5,ER,2013,89,155,178,81.73,3.454,2.371,95.302,78.558,64.432,909.667,329.441,1.672,72.616,23.542,4.016,66,0,Low
WAP5-1045,WAP5,ER,2013,90,155,180,86.905,3.328,1.733,91.579,75.271,64.599,846.982,346.363,1.661,66.467,23.76,4.387,65,0,Low
WAP5-1045,WAP5,ER,2013,91,155,0,87.453,3.605,1.75,91.195,76.748,63.668,882.994,336.822,1.702,74.361,23.954,4.252,64,0,Low
WAP5-1045,WAP5,ER,2013,92,155,2,79.937,3.376,2.15,90.507,75.0,60.156,905.773,333.206,1.757,69.718,24.23,3.951,63,0,Low
WAP5-1045,WAP5,ER,2013,93,155,4,80.53,3.231,2.455,92.914,80.106,56.701,896.086,323.848,1.739,72.914,23.452,4.016,62,0,Low
WAP5-1045,WAP5,ER,2013,94,155,6,80.252,3.089,1.952,91.698,77.234,60.801,893.434,333.455,1.674,72.117,23.363,4.101,61,0,Low
WAP5-1045,WAP5,ER,2013,95,155,8,81.13,3.045,2.576,92.119,75.108,63.809,930.137,342.099,1.588,67.318,23.499,4.28,60,0,Medium
WAP5-1045,WAP5,ER,2013,96,155,10,84.068,3.309,2.332,91.797,79.049,61.35,897.846,329.646,1.688,75.475,23.131,4.086,59,0,Medium
WAP5-1045,WAP5,ER,2013,97,155,12,88.404,3.489,2.496,91.047,80.548,62.454,887.693,322.15,1.585,75.196,23.851,4.067,58,0,Medium
WAP5-1045,WAP5,ER,2013,98,155,14,83.562,3.182,2.032,91.364,79.802,63.804,869.771,337.544,1.592,78.95,23.018,3.798,57,0,Medium
WAP5-1045,WAP5,ER,2013,99,155,16,85.501,3.204,1.945,95.554,79.653,62.449,860.587,310.105,1.707,73.76,23.433,3.748,56,0,Medium
WAP5-1045,WAP5,ER,2013,100,155,18,83.495,3.249,2.111,93.801,78.93,57.168,917.559,323.776,1.752,67.366,22.774,3.735,55,0,Medium
WAP5-1045,WAP5,ER,2013,101,155,20,86.432,2.894,2.315,89.392,80.898,59.468,871.469,333.348,1.772,67.496,24.101,3.612,54,0,Medium
WAP5-1045,WAP5,ER,2013,102,155,22,88.04,3.293,1.923,90.986,77.092,60.079,898.136,334.88,1.695,72.067,22.724,3.836,53,0,Medium
WAP5-1045,WAP5,ER,2013,103,155,24,89.131,3.36,2.234,93.678,73.337,57.112,870.085,333.286,1.669,67.747,23.682,3.988,52,0,Medium
WAP5-1045,WAP5,ER,2013,104,155,26,91.222,3.138,2.137,92.258,78.57,60.226,924.028,326.83,1.791,76.107,23.704,3.919,51,0,Medium
WAP5-1045,WAP5,ER,2013,105,155,28,82.827,3.048,2.236,95.556,77.906,62.456,856.168,335.403,1.767,67.8,23.675,3.697,50,0,Medium
WAP5-1045,WAP5,ER,2013,106,155,30,83.735,3.322,2.236,94.224,76.977,59.236,890.027,337.682,1.677,75.106,23.317,3.81,49,0,Medium
WAP5-1045,WAP5,ER,2013,107,155,32,86.844,3.42,2.609,93.873,78.795,60.396,901.894,338.443,1.666,66.847,22.659,3.935,48,0,Medium
WAP5-1045,WAP5,ER,2013,108,155,34,83.261,3.204,2.781,90.337,76.811,60.839,871.067,336.027,1.708,74.253,23.549,4.108,47,0,Medium
WAP5-1045,WAP5,ER,2013,109,155,36,85.598,3.186,2.306,93.695,80.255,63.353,864.928,340.396,1.589,67.778,24.32,4.064,46,0,Medium
WAP5-1045,WAP5,ER,2013,110,155,38,87.362,3.159,2.643,91.299,77.417,60.385,899.072,345.857,1.686,67.385,23.578,3.89,45,0,Medium
WAP5-1045,WAP5,ER,2013,111,155,40,84.678,3.309,2.797,91.975,71.528,60.371,902.854,312.991,1.659,81.31,23.63,4.241,44,0,Medium
WAP5-1045,WAP5,ER,2013,112,155,42,81.105,3.267,3.034,94.07,76.685,61.538,880.039,338.431,1.705,71.943,23.48,3.757,43,0,Medium
WAP5-1045,WAP5,ER,2013,113,155,44,85.022,3.273,2.595,91.827,81.623,63.728,872.077,320.596,1.561,68.875,23.011,3.786,42,0,Medium
WAP5-1045,WAP5,ER,2013,114,155,46,85.21,2.995,2.418,91.915,72.111,63.614,890.044,320.277,1.739,72.345,23.648,4.014,41,0,Medium
WAP5-1045,WAP5,ER,2013,115,155,48,90.212,3.413,2.58,94.445,79.217,61.66,888.125,336.591,1.76,68.023,23.388,4.358,40,0,Medium
WAP5-1045,WAP5,ER,2013,116,155,50,86.649,3.168,2.451,95.014,79.531,63.459,914.594,330.036,1.592,67.71,23.718,4.042,39,0,Medium
WAP5-1045,WAP5,ER,2013,117,155,52,84.911,3.128,2.323,90.446,76.67,64.017,890.1,335.278,1.501,73.454,23.995,3.976,38,0,Medium
WAP5-1045,WAP5,ER,2013,118,155,54,81.772,3.185,2.41,93.951,74.504,60.04,867.562,334.072,1.508,76.119,23.564,4.087,37,0,Medium
WAP5-1045,WAP5,ER,2013,119,155,56,90.673,3.351,2.582,90.382,79.993,62.229,865.044,329.826,1.753,68.926,23.218,3.911,36,0,Medium
WAP5-1045,WAP5,ER,2013,120,155,58,88.291,3.152,2.325,90.035,79.076,64.543,894.865,325.121,1.579,72.392,23.832,3.822,35,0,Medium
WAP5-1045,WAP5,ER,2013,121,155,60,84.795,3.122,2.107,92.491,74.893,61.251,906.542,320.946,1.615,69.34,23.789,3.865,34,0,Medium
WAP5-1045,WAP5,ER,2013,122,155,62,84.59,3.39,2.621,92.567,77.437,62.639,870.103,337.214,1.714,73.264,23.275,3.973,33,0,Medium
WAP5-1045,WAP5,ER,2013,123,155,64,83.711,3.104,3.19,90.72,78.374,62.991,918.202,325.0,1.648,77.225,23.854,3.891,32,0,Medium
WAP5-1045,WAP5,ER,2013,124,155,66,89.081,2.991,2.184,93.589,82.232,61.29,918.989,334.012,1.658,77.569,23.646,3.789,31,0,Medium
WAP5-1045,WAP5,ER,2013,125,155,68,95.597,2.577,3.817,89.664,88.044,70.756,858.026,354.508,1.307,75.894,22.704,3.551,30,1,High
WAP5-1045,WAP5,ER,2013,126,155,70,99.128,2.452,4.034,85.076,83.031,71.684,846.419,353.443,1.317,69.027,23.228,3.638,29,1,High
WAP5-1045,WAP5,ER,2013,127,155,72,100.999,2.499,3.858,87.765,84.63,64.017,868.645,342.761,1.275,82.207,22.488,3.431,28,1,High
WAP5-1045,WAP5,ER,2013,128,155,74,99.457,2.297,4.505,89.095,83.965,66.74,861.69,354.045,1.375,68.705,23.309,3.284,27,1,High
WAP5-1045,WAP5,ER,2013,129,155,76,100.592,2.609,4.712,85.471,85.97,68.127,822.301,356.746,1.211,65.185,22.813,3.179,26,1,High
WAP5-1045,WAP5,ER,2013,130,155,78,101.209,2.321,3.899,87.518,87.756,71.756,853.404,377.385,1.224,78.012,22.252,3.638,25,1,High
WAP5-1045,WAP5,ER,2013,131,155,80,97.459,2.608,4.954,84.782,81.872,72.291,854.428,349.659,1.29,74.449,22.76,3.217,24,1,High
WAP5-1045,WAP5,ER,2013,132,155,82,95.915,2.495,4.824,86.285,83.022,70.106,859.884,359.309,1.355,68.186,22.391,3.364,23,1,High
WAP5-1045,WAP5,ER,2013,133,155,84,105.067,2.3,4.645,86.083,86.885,67.25,864.493,340.215,1.202,73.678,22.029,3.27,22,1,High
WAP5-1045,WAP5,ER,2013,134,155,86,97.727,2.65,4.343,84.971,87.772,71.942,841.291,368.747,1.121,70.729,22.67,3.493,21,1,High
WAP5-1045,WAP5,ER,2013,135,155,88,97.819,2.424,4.794,87.579,90.36,73.25,871.305,360.288,1.362,75.969,22.491,3.423,20,1,High
WAP5-1045,WAP5,ER,2013,136,155,90,102.791,2.513,5.236,85.489,87.484,75.43,862.368,367.513,1.122,62.766,22.348,3.41,19,1,High
WAP5-1045,WAP5,ER,2013,137,155,92,102.665,2.075,4.931,87.282,89.251,76.171,840.398,376.053,1.135,69.564,22.056,2.868,18,1,High
WAP5-1045,WAP5,ER,2013,138,155,94,107.642,2.141,5.392,85.361,93.414,73.944,821.466,375.87,1.041,72.139,22.555,3.282,17,1,High
WAP5-1045,WAP5,ER,2013,139,155,96,104.196,2.093,5.078,83.808,89.07,71.922,849.852,371.412,1.09,70.614,21.343,3.184,16,1,High
WAP5-1045,WAP5,ER,2013,140,155,98,106.077,2.07,5.739,83.898,93.216,81.153,818.991,375.778,1.219,72.876,22.355,3.247,15,1,High
WAP5-1045,WAP5,ER,2013,141,155,100,105.854,2.156,5.431,80.848,91.561,77.947,853.979,379.64,1.043,66.278,21.86,3.445,14,1,High
WAP5-1045,WAP5,ER,2013,142,155,102,108.44,2.007,6.255,83.245,91.468,78.847,806.931,380.675,1.067,76.712,21.821,3.308,13,1,High
WAP5-1045,WAP5,ER,2013,143,155,104,109.597,1.989,5.875,83.631,91.417,75.238,846.69,393.871,0.796,76.317,21.313,2.839,12,1,High
WAP5-1045,WAP5,ER,2013,144,155,106,108.969,1.879,6.181,81.895,97.882,82.579,838.884,378.955,0.987,71.012,21.081,3.367,11,1,High
WAP5-1045,WAP5,ER,2013,145,155,108,115.805,1.764,6.172,82.074,92.633,78.197,845.741,371.485,0.997,68.442,21.449,2.995,10,1,Critical
WAP5-1045,WAP5,ER,2013,146,155,110,115.415,1.728,6.786,79.741,96.922,82.554,805.347,370.009,0.858,69.283,21.208,3.142,9,1,Critical
WAP5-1045,WAP5,ER,2013,147,155,112,117.667,1.732,6.425,79.245,101.061,83.672,824.857,379.717,0.819,69.771,20.905,2.794,8,1,Critical
WAP5-1045,WAP5,ER,2013,148,155,114,113.891,1.641,7.41,77.365,98.108,84.0,827.482,392.919,0.837,75.937,21.042,2.619,7,1,Critical
WAP5-1045,WAP5,ER,2013,149,155,116,119.923,1.498,6.914,77.622,97.945,83.048,811.915,387.252,0.663,64.635,21.096,3.04,6,1,Critical
WAP5-1045,WAP5,ER,2013,150,155,118,120.008,1.361,7.551,80.056,101.215,87.174,813.744,407.169,0.728,76.696,20.2,2.817,5,1,Critical
WAP5-1045,WAP5,ER,2013,151,155,120,119.566,1.339,7.907,77.627,96.175,87.813,781.958,418.145,0.716,74.974,20.955,2.724,4,1,Critical
WAP5-1045,WAP5,ER,2013,152,155,122,129.976,1.428,7.887,78.378,105.224,88.458,810.053,411.862,0.792,65.657,20.316,2.438,3,1,Critical
WAP5-1045,WAP5,ER,2013,153,155,124,131.571,1.056,7.909,76.898,100.237,88.155,781.491,431.538,0.567,75.109,20.028,2.287,2,1,Critical
WAP5-1045,WAP5,ER,2013,154,155,126,126.887,1.274,9.0,75.579,100.801,92.647,768.288,415.498,0.749,68.278,19.845,2.315,1,1,Critical
WAP5-1045,WAP5,ER,2013,155,155,128,130.444,1.161,9.0,75.6,103.042,95.452,765.715,428.582,0.507,83.448,19.658,2.202,0,1,Critical
WDG4-1046,WDG4,NR,2011,1,109,0,82.832,3.134,1.775,90.892,78.498,57.368,880.469,325.848,1.892,67.496,24.401,3.792,108,0,Low
WDG4-1046,WDG4,NR,2011,2,109,2,84.44,3.533,1.383,92.486,74.692,57.979,907.136,327.38,1.815,72.067,23.024,4.016,107,0,Low
WDG4-1046,WDG4,NR,2011,3,109,4,85.531,3.6,1.694,95.178,70.937,55.012,879.085,325.786,1.789,67.747,23.982,4.168,106,0,Low
WDG4-1046,WDG4,NR,2011,4,109,6,87.622,3.378,1.597,93.758,76.17,58.126,933.028,319.33,1.911,76.107,24.004,4.099,105,0,Low
WDG4-1046,WDG4,NR,2011,5,109,8,79.227,3.288,1.696,97.056,75.506,60.356,865.168,327.903,1.887,67.8,23.975,3.877,104,0,Low
WDG4-1046,WDG4,NR,2011,6,109,10,80.135,3.562,1.696,95.724,74.577,57.136,899.027,330.182,1.797,75.106,23.617,3.99,103,0,Low
WDG4-1046,WDG4,NR,2011,7,109,12,83.244,3.66,2.069,95.373,76.395,58.296,910.894,330.943,1.786,66.847,22.959,4.115,102,0,Low
WDG4-1046,WDG4,NR,2011,8,109,14,79.661,3.444,2.241,91.837,74.411,58.739,880.067,328.527,1.828,74.253,23.849,4.288,101,0,Low
WDG4-1046,WDG4,NR,2011,9,109,16,81.998,3.426,1.766,95.195,77.855,61.253,873.928,332.896,1.709,67.778,24.62,4.244,100,0,Low
WDG4-1046,WDG4,NR,2011,10,109,18,83.762,3.399,2.103,92.799,75.017,58.285,908.072,338.357,1.806,67.385,23.878,4.07,99,0,Low
WDG4-1046,WDG4,NR,2011,11,109,20,81.078,3.549,2.257,93.475,69.128,58.271,911.854,305.491,1.779,81.31,23.93,4.421,98,0,Low
WDG4-1046,WDG4,NR,2011,12,109,22,77.505,3.507,2.494,95.57,74.285,59.438,889.039,330.931,1.825,71.943,23.78,3.937,97,0,Low
WDG4-1046,WDG4,NR,2011,13,109,24,81.422,3.513,2.055,93.327,79.223,61.628,881.077,313.096,1.681,68.875,23.311,3.966,96,0,Low
WDG4-1046,WDG4,NR,2011,14,109,26,81.61,3.235,1.878,93.415,69.711,61.514,899.044,312.777,1.859,72.345,23.948,4.194,95,0,Low
WDG4-1046,WDG4,NR,2011,15,109,28,86.612,3.653,2.04,95.945,76.817,59.56,897.125,329.091,1.88,68.023,23.688,4.538,94,0,Low
WDG4-1046,WDG4,NR,2011,16,109,30,83.049,3.408,1.911,96.514,77.131,61.359,923.594,322.536,1.712,67.71,24.018,4.222,93,0,Low
WDG4-1046,WDG4,NR,2011,17,109,32,81.311,3.368,1.783,91.946,74.27,61.917,899.1,327.778,1.621,73.454,24.295,4.156,92,0,Low
WDG4-1046,WDG4,NR,2011,18,109,34,78.172,3.425,1.87,95.451,72.104,57.94,876.562,326.572,1.628,76.119,23.864,4.267,91,0,Low
WDG4-1046,WDG4,NR,2011,19,109,36,87.073,3.591,2.042,91.882,77.593,60.129,874.044,322.326,1.873,68.926,23.518,4.091,90,0,Low
WDG4-1046,WDG4,NR,2011,20,109,38,84.691,3.392,1.785,91.535,76.676,62.443,903.865,317.621,1.699,72.392,24.132,4.002,89,0,Low
WDG4-1046,WDG4,NR,2011,21,109,40,81.195,3.362,1.567,93.991,72.493,59.151,915.542,313.446,1.735,69.34,24.089,4.045,88,0,Low
WDG4-1046,WDG4,NR,2011,22,109,42,80.99,3.63,2.081,94.067,75.037,60.539,879.103,329.714,1.834,73.264,23.575,4.153,87,0,Low
WDG4-1046,WDG4,NR,2011,23,109,44,80.111,3.344,2.65,92.22,75.974,60.891,927.202,317.5,1.768,77.225,24.154,4.071,86,0,Low
WDG4-1046,WDG4,NR,2011,24,109,46,85.481,3.231,1.644,95.089,79.832,59.19,927.989,326.512,1.778,77.569,23.946,3.969,85,0,Low
WDG4-1046,WDG4,NR,2011,25,109,48,81.497,3.517,1.702,95.539,78.644,62.531,893.276,325.133,1.777,75.894,23.879,4.256,84,0,Low
WDG4-1046,WDG4,NR,2011,26,109,50,84.911,3.399,1.902,90.999,73.553,63.386,881.968,323.826,1.791,69.027,24.413,4.348,83,0,Low
WDG4-1046,WDG4,NR,2011,27,109,52,86.598,3.455,1.697,93.764,75.029,55.596,904.67,312.769,1.753,82.207,23.688,4.148,82,0,Low
WDG4-1046,WDG4,NR,2011,28,109,54,84.805,3.265,2.307,95.195,74.197,58.148,898.37,323.545,1.859,68.705,24.53,4.009,81,0,Low
WDG4-1046,WDG4,NR,2011,29,109,56,85.622,3.593,2.467,91.7,75.99,59.315,859.813,325.605,1.703,65.185,24.061,3.915,80,0,Low
WDG4-1046,WDG4,NR,2011,30,109,58,85.855,3.322,1.596,93.901,77.52,62.675,891.927,345.468,1.724,78.012,23.532,4.387,79,0,Low
WDG4-1046,WDG4,NR,2011,31,109,60,81.655,3.629,2.584,91.347,71.336,62.892,894.138,316.834,1.8,74.449,24.077,3.979,78,0,Low
WDG4-1046,WDG4,NR,2011,32,109,62,79.594,3.54,2.376,93.059,72.141,60.34,900.96,325.442,1.878,68.186,23.751,4.142,77,0,Low
WDG4-1046,WDG4,NR,2011,33,109,64,88.161,3.37,2.11,93.091,75.615,57.069,907.112,305.174,1.737,73.678,23.438,4.066,76,0,Low
WDG4-1046,WDG4,NR,2011,34,109,66,80.171,3.748,1.709,92.241,76.068,61.296,885.631,332.397,1.67,70.729,24.133,4.308,75,0,Low
WDG4-1046,WDG4,NR,2011,35,109,68,79.545,3.553,2.053,95.138,78.177,62.091,917.544,322.496,1.927,75.969,24.014,4.259,74,0,Low
WDG4-1046,WDG4,NR,2011,36,109,70,83.734,3.676,2.377,93.363,74.779,63.708,910.684,328.146,1.704,62.766,23.936,4.268,73,0,Low
WDG4-1046,WDG4,NR,2011,37,109,72,82.757,3.274,1.945,95.497,75.979,63.838,890.968,334.978,1.735,69.564,23.715,3.752,72,0,Low
WDG4-1046,WDG4,NR,2011,38,109,74,86.817,3.379,2.269,93.945,79.53,60.951,874.468,332.954,1.66,72.139,24.29,4.192,71,0,Low
WDG4-1046,WDG4,NR,2011,39,109,76,82.387,3.373,1.806,92.786,74.53,58.22,905.464,326.521,1.73,70.614,23.161,4.122,70,0,Low
WDG4-1046,WDG4,NR,2011,40,109,78,83.217,3.394,2.31,93.298,77.976,66.693,877.391,328.778,1.881,72.876,24.26,4.215,69,0,Low
WDG4-1046,WDG4,NR,2011,41,109,80,81.876,3.527,1.835,90.696,75.576,62.68,915.345,330.398,1.728,66.278,23.858,4.444,68,0,Low
WDG4-1046,WDG4,NR,2011,42,109,82,83.279,3.428,2.481,93.568,74.694,62.724,871.439,329.059,1.777,76.712,23.918,4.342,67,0,Low
WDG4-1046,WDG4,NR,2011,43,109,84,83.185,3.462,1.914,94.456,73.809,58.211,914.52,339.746,1.532,76.317,23.514,3.908,66,0,Low
WDG4-1046,WDG4,NR,2011,44,109,86,81.24,3.407,2.021,93.248,79.396,64.599,910.213,322.189,1.75,71.012,23.392,4.473,65,0,Low
WDG4-1046,WDG4,NR,2011,45,109,88,86.692,3.349,1.805,93.982,73.224,59.215,920.746,311.943,1.79,68.442,23.875,4.14,64,0,Low
WDG4-1046,WDG4,NR,2011,46,109,90,84.851,3.373,2.202,92.231,76.546,62.52,884.207,307.559,1.681,69.283,23.755,4.327,63,0,Low
WDG4-1046,WDG4,NR,2011,47,109,92,85.586,3.44,1.613,92.343,79.673,62.538,907.75,314.225,1.673,69.771,23.578,4.021,62,0,Low
WDG4-1046,WDG4,NR,2011,48,109,94,80.225,3.416,2.36,91.099,75.665,61.717,914.584,324.252,1.724,75.937,23.848,3.891,61,0,Low
WDG4-1046,WDG4,NR,2011,49,109,96,84.607,3.34,1.617,92.017,74.401,59.567,903.405,315.277,1.584,64.635,24.039,4.358,60,0,Medium
WDG4-1046,WDG4,NR,2011,50,109,98,82.975,3.274,1.996,95.139,76.526,62.446,909.799,331.753,1.685,76.696,23.286,4.183,59,0,Medium
WDG4-1046,WDG4,NR,2011,51,109,100,80.749,3.326,2.084,93.425,70.297,61.79,882.756,339.153,1.709,74.974,24.19,4.139,58,0,Medium
WDG4-1046,WDG4,NR,2011,52,109,102,89.308,3.491,1.787,94.918,78.112,61.09,915.773,329.162,1.824,65.657,23.705,3.905,57,0,Medium
WDG4-1046,WDG4,NR,2011,53,109,104,88.985,3.198,1.522,94.206,71.847,59.393,892.31,344.997,1.638,75.109,23.577,3.806,56,0,Medium
WDG4-1046,WDG4,NR,2011,54,109,106,82.318,3.497,2.367,93.683,71.088,62.443,884.384,324.981,1.861,68.278,23.559,3.89,55,0,Medium
WDG4-1046,WDG4,NR,2011,55,109,108,83.824,3.469,2.281,94.525,71.962,63.757,887.265,333.957,1.661,83.448,23.543,3.833,54,0,Medium
WDG4-1046,WDG4,NR,2011,56,109,110,83.682,3.381,2.318,95.495,76.387,61.01,910.054,318.29,1.727,79.197,23.876,4.233,53,0,Medium
WDG4-1046,WDG4,NR,2011,57,109,112,88.773,3.465,2.293,91.62,76.633,60.368,895.222,333.313,1.761,78.923,23.579,3.972,52,0,Medium
WDG4-1046,WDG4,NR,2011,58,109,114,82.076,3.36,2.281,93.068,75.188,59.171,880.596,318.369,1.743,76.099,23.714,3.948,51,0,Medium
WDG4-1046,WDG4,NR,2011,59,109,116,85.189,3.248,1.665,96.514,78.085,58.851,924.266,330.049,1.743,78.418,23.285,4.144,50,0,Medium
WDG4-1046,WDG4,NR,2011,60,109,118,81.674,3.258,2.144,94.811,77.152,63.809,884.761,313.372,1.668,80.504,24.049,4.247,49,0,Medium
WDG4-1046,WDG4,NR,2011,61,109,120,83.014,3.523,2.092,93.41,80.739,57.976,919.564,336.283,1.613,68.174,24.475,4.176,48,0,Medium
WDG4-1046,WDG4,NR,2011,62,109,122,84.888,3.27,2.109,92.608,76.393,65.429,891.894,330.399,1.606,73.214,24.362,4.117,47,0,Medium
WDG4-1046,WDG4,NR,2011,63,109,124,85.602,3.195,2.443,94.581,71.67,59.295,884.751,322.83,1.817,77.284,24.625,4.178,46,0,Medium
WDG4-1046,WDG4,NR,2011,64,109,126,85.325,3.319,2.076,92.203,78.524,64.552,899.903,326.198,1.697,74.808,23.179,4.51,45,0,Medium
WDG4-1046,WDG4,NR,2011,65,109,128,85.16,3.217,1.668,90.113,74.287,62.646,917.059,319.766,1.709,79.35,23.424,3.947,44,0,Medium
WDG4-1046,WDG4,NR,2011,66,109,130,83.997,3.556,1.959,92.198,73.811,63.851,914.795,331.758,1.659,69.96,23.821,3.823,43,0,Medium
WDG4-1046,WDG4,NR,2011,67,109,132,81.035,3.276,1.938,92.449,75.678,58.608,879.007,328.486,1.735,63.52,22.777,3.9,42,0,Medium
WDG4-1046,WDG4,NR,2011,68,109,134,83.796,3.417,1.996,93.204,76.524,65.387,865.356,324.686,1.752,70.574,23.741,4.218,41,0,Medium
WDG4-1046,WDG4,NR,2011,69,109,136,81.451,3.274,2.251,93.304,78.533,66.267,879.691,315.65,1.786,81.991,24.141,3.788,40,0,Medium
WDG4-1046,WDG4,NR,2011,70,109,138,86.252,3.18,2.003,90.83,74.175,61.801,862.363,320.93,1.775,72.183,23.494,4.138,39,0,Medium
WDG4-1046,WDG4,NR,2011,71,109,140,86.512,3.422,1.67,93.05,78.455,60.815,864.204,332.321,1.584,68.231,23.742,4.351,38,0,Medium
WDG4-1046,WDG4,NR,2011,72,109,142,83.554,3.053,2.158,92.342,78.887,64.101,918.846,325.624,1.662,70.593,24.361,3.765,37,0,Medium
WDG4-1046,WDG4,NR,2011,73,109,144,79.669,3.348,1.738,94.286,75.338,63.129,899.909,316.838,1.675,69.774,24.484,4.041,36,0,Medium
WDG4-1046,WDG4,NR,2011,74,109,146,86.021,3.235,2.356,92.817,77.479,59.408,895.527,337.609,1.851,66.6,24.268,3.889,35,0,Medium
WDG4-1046,WDG4,NR,2011,75,109,148,84.051,3.219,2.125,93.57,76.402,63.43,893.145,319.133,1.697,68.666,23.473,4.177,34,0,Medium
WDG4-1046,WDG4,NR,2011,76,109,150,83.932,3.3,2.213,93.113,75.421,59.874,908.256,329.85,1.665,68.619,23.796,4.0,33,0,Medium
WDG4-1046,WDG4,NR,2011,77,109,152,82.157,3.457,2.367,93.565,80.053,61.583,921.314,323.312,1.678,65.183,24.094,3.976,32,0,Medium
WDG4-1046,WDG4,NR,2011,78,109,154,85.688,3.175,2.138,96.489,75.84,62.143,904.453,309.845,1.756,73.816,23.808,4.332,31,0,Medium
WDG4-1046,WDG4,NR,2011,79,109,156,91.792,2.846,3.228,90.588,83.399,64.931,845.526,327.448,1.602,64.901,22.712,3.87,30,1,High
WDG4-1046,WDG4,NR,2011,80,109,158,93.29,2.805,3.17,94.156,80.206,62.556,867.187,349.862,1.409,72.945,23.906,3.745,29,1,High
WDG4-1046,WDG4,NR,2011,81,109,160,93.755,2.581,3.338,90.056,83.151,69.311,908.136,341.623,1.342,72.536,22.736,3.582,28,1,High
WDG4-1046,WDG4,NR,2011,82,109,162,97.639,3.013,3.318,90.405,82.356,65.515,859.1,323.04,1.377,70.435,22.952,3.756,27,1,High
WDG4-1046,WDG4,NR,2011,83,109,164,85.658,2.856,2.988,88.353,83.698,66.074,877.933,333.339,1.488,74.14,22.635,3.527,26,1,High
WDG4-1046,WDG4,NR,2011,84,109,166,96.182,2.801,3.332,87.268,83.983,64.428,848.421,333.843,1.544,72.09,22.478,3.73,25,1,High
WDG4-1046,WDG4,NR,2011,85,109,168,96.274,3.046,3.994,90.086,87.771,66.508,832.825,347.147,1.357,84.24,22.651,3.368,24,1,High
WDG4-1046,WDG4,NR,2011,86,109,170,95.2,2.721,3.768,88.038,81.403,66.362,884.168,345.958,1.469,69.501,23.062,3.874,23,1,High
WDG4-1046,WDG4,NR,2011,87,109,172,91.081,2.605,3.311,87.945,82.952,69.476,874.124,347.869,1.451,76.091,23.251,4.314,22,1,High
WDG4-1046,WDG4,NR,2011,88,109,174,90.051,2.617,3.545,88.101,85.331,71.177,899.06,336.925,1.417,66.034,23.348,3.864,21,1,High
WDG4-1046,WDG4,NR,2011,89,109,176,92.557,2.642,4.102,89.245,80.052,71.189,892.811,338.886,1.327,78.818,22.547,3.692,20,1,High
WDG4-1046,WDG4,NR,2011,90,109,178,101.232,2.848,3.952,88.189,79.342,69.544,882.889,352.588,1.411,74.942,22.707,3.617,19,1,High
WDG4-1046,WDG4,NR,2011,91,109,180,94.632,2.536,4.343,88.027,84.388,69.165,874.044,348.324,1.313,74.073,22.787,3.784,18,1,High
WDG4-1046,WDG4,NR,2011,92,109,0,99.263,2.623,4.704,88.544,86.265,69.981,870.564,339.25,1.41,73.965,22.996,3.57,17,1,High
WDG4-1046,WDG4,NR,2011,93,109,2,96.653,2.667,4.093,87.839,88.06,73.24,857.368,364.021,1.34,77.449,23.024,3.759,16,1,High
WDG4-1046,WDG4,NR,2011,94,109,4,100.065,2.388,4.567,87.369,87.009,73.272,843.659,366.466,1.31,72.552,23.345,3.48,15,1,High
WDG4-1046,WDG4,NR,2011,95,109,6,99.072,2.379,4.714,86.043,89.508,75.453,835.467,379.328,1.241,66.646,22.312,3.333,14,1,High
WDG4-1046,WDG4,NR,2011,96,109,8,102.816,2.334,4.861,86.189,90.811,72.759,834.683,371.244,1.288,69.456,22.136,3.154,13,1,High
WDG4-1046,WDG4,NR,2011,97,109,10,97.252,2.009,5.402,83.277,86.574,76.202,850.918,368.82,1.165,80.76,22.608,3.5,12,1,High
WDG4-1046,WDG4,NR,2011,98,109,12,100.801,2.39,5.41,83.979,90.438,80.953,831.309,369.266,1.126,81.243,22.101,3.554,11,1,High
WDG4-1046,WDG4,NR,2011,99,109,14,107.253,2.42,5.524,81.789,92.044,74.595,847.828,366.262,1.076,64.228,22.392,3.497,10,1,Critical
WDG4-1046,WDG4,NR,2011,100,109,16,110.177,2.23,5.543,83.511,93.79,80.421,816.77,382.971,1.104,74.483,21.838,3.367,9,1,Critical
WDG4-1046,WDG4,NR,2011,101,109,18,115.192,2.028,5.572,83.173,95.541,77.66,803.902,369.395,1.084,65.167,21.094,3.159,8,1,Critical
WDG4-1046,WDG4,NR,2011,102,109,20,118.699,2.012,5.892,82.679,94.265,78.077,811.522,374.854,1.016,67.712,21.745,2.93,7,1,Critical
WDG4-1046,WDG4,NR,2011,103,109,22,117.492,1.613,6.578,79.275,96.635,81.606,829.943,391.807,1.021,75.601,21.534,3.133,6,1,Critical
WDG4-1046,WDG4,NR,2011,104,109,24,112.447,1.597,6.917,81.078,98.165,84.427,786.588,395.602,0.923,73.829,21.059,3.162,5,1,Critical
WDG4-1046,WDG4,NR,2011,105,109,26,118.12,1.68,6.849,80.724,100.274,84.994,780.772,373.69,0.932,75.142,21.336,3.268,4,1,Critical
WDG4-1046,WDG4,NR,2011,106,109,28,122.458,1.8,7.976,77.409,100.635,82.821,801.836,406.401,0.753,72.579,21.656,2.955,3,1,Critical
WDG4-1046,WDG4,NR,2011,107,109,30,122.121,1.422,7.932,78.372,102.991,87.349,766.32,394.021,0.658,79.206,20.022,3.046,2,1,Critical
WDG4-1046,WDG4,NR,2011,108,109,32,127.111,1.386,7.35,77.465,100.681,86.539,816.67,396.036,0.953,64.822,20.445,2.954,1,1,Critical
WDG4-1046,WDG4,NR,2011,109,109,34,119.388,1.557,7.934,75.215,105.245,89.486,796.338,406.31,0.705,78.929,20.1,2.899,0,1,Critical
WDP4B-1047,WDP4B,NR,2013,1,145,-14,86.974,3.479,1.34,94.662,76.73,58.78,877.135,311.953,1.809,65.167,23.446,4.193,144,0,Low
WDP4B-1047,WDP4B,NR,2013,2,145,-12,88.897,3.529,1.422,94.803,74.397,58.047,888.965,314.238,1.774,67.712,24.228,4.009,143,0,Low
WDP4B-1047,WDP4B,NR,2013,3,145,-10,86.04,3.198,1.86,92.06,75.667,60.379,911.773,327.882,1.814,75.601,24.155,4.258,142,0,Low
WDP4B-1047,WDP4B,NR,2013,4,145,-8,79.278,3.253,1.942,94.551,76.052,61.954,872.984,328.236,1.751,73.829,23.823,4.334,141,0,Low
WDP4B-1047,WDP4B,NR,2013,5,145,-6,83.166,3.409,1.606,94.912,76.972,61.224,871.911,302.748,1.797,75.142,24.249,4.49,140,0,Low
WDP4B-1047,WDP4B,NR,2013,6,145,-4,85.654,3.606,2.455,92.339,76.099,57.707,897.896,331.751,1.656,72.579,24.723,4.228,139,0,Low
WDP4B-1047,WDP4B,NR,2013,7,145,-2,83.4,3.307,2.124,94.071,77.177,60.841,867.479,315.53,1.601,79.206,23.249,4.372,138,0,Low
WDP4B-1047,WDP4B,NR,2013,8,145,0,86.405,3.352,1.245,93.958,73.545,58.589,923.106,313.569,1.936,64.822,23.837,4.335,137,0,Low
WDP4B-1047,WDP4B,NR,2013,9,145,2,76.632,3.607,1.52,92.53,76.741,60.045,908.228,319.735,1.73,78.929,23.663,4.337,136,0,Low
WDP4B-1047,WDP4B,NR,2013,10,145,4,81.046,3.475,2.533,94.803,79.332,57.671,883.779,317.112,1.878,71.845,24.631,4.142,135,0,Low
WDP4B-1047,WDP4B,NR,2013,11,145,6,81.831,3.385,2.316,89.648,76.412,59.058,916.218,330.327,1.783,75.457,23.593,4.124,134,0,Low
WDP4B-1047,WDP4B,NR,2013,12,145,8,81.645,3.548,1.755,92.037,75.562,59.401,879.495,323.738,1.743,74.778,23.695,4.014,133,0,Low
WDP4B-1047,WDP4B,NR,2013,13,145,10,83.377,3.447,1.483,93.809,81.112,61.925,902.301,329.066,1.839,74.916,23.416,4.486,132,0,Low
WDP4B-1047,WDP4B,NR,2013,14,145,12,89.695,3.55,2.089,93.686,74.584,62.689,930.301,317.869,1.715,73.041,24.012,4.176,131,0,Low
WDP4B-1047,WDP4B,NR,2013,15,145,14,86.497,3.268,1.786,94.947,73.62,62.241,898.332,301.963,1.818,74.444,24.107,4.224,130,0,Low
WDP4B-1047,WDP4B,NR,2013,16,145,16,77.633,3.45,2.124,95.186,74.212,61.165,903.468,314.94,1.742,72.87,24.231,4.382,129,0,Low
WDP4B-1047,WDP4B,NR,2013,17,145,18,78.509,3.531,2.262,96.108,77.14,59.339,904.197,316.971,1.764,72.246,23.38,4.429,128,0,Low
WDP4B-1047,WDP4B,NR,2013,18,145,20,82.362,3.337,2.161,94.148,76.572,59.714,871.852,327.445,1.855,62.268,23.76,4.097,127,0,Low
WDP4B-1047,WDP4B,NR,2013,19,145,22,83.501,3.499,2.491,94.207,79.67,58.479,892.048,321.044,1.733,64.082,23.726,4.066,126,0,Low
WDP4B-1047,WDP4B,NR,2013,20,145,24,80.951,3.37,1.232,94.638,77.064,58.024,893.438,333.786,1.629,67.08,24.402,3.92,125,0,Low
WDP4B-1047,WDP4B,NR,2013,21,145,26,80.934,3.416,1.923,91.663,74.421,59.806,875.048,304.214,1.805,72.566,23.302,4.161,124,0,Low
WDP4B-1047,WDP4B,NR,2013,22,145,28,82.529,3.367,1.83,93.107,77.323,60.257,858.323,308.834,1.846,76.737,23.867,3.856,123,0,Low
WDP4B-1047,WDP4B,NR,2013,23,145,30,81.595,3.47,2.279,95.571,75.193,59.427,911.194,322.605,1.636,77.384,23.966,4.471,122,0,Low
WDP4B-1047,WDP4B,NR,2013,24,145,32,80.447,3.634,1.596,91.963,78.452,60.803,901.005,313.743,1.791,72.593,24.371,4.317,121,0,Low
WDP4B-1047,WDP4B,NR,2013,25,145,34,82.331,3.294,1.599,95.522,78.07,59.14,875.115,316.572,1.651,74.857,24.525,3.745,120,0,Low
WDP4B-1047,WDP4B,NR,2013,26,145,36,85.508,3.26,1.573,93.356,74.228,60.094,929.758,308.604,1.86,75.287,23.62,4.284,119,0,Low
WDP4B-1047,WDP4B,NR,2013,27,145,38,83.258,3.471,2.109,94.217,75.105,61.57,895.661,320.938,1.818,61.478,23.452,4.14,118,0,Low
WDP4B-1047,WDP4B,NR,2013,28,145,40,82.765,3.429,1.449,93.684,77.155,59.306,925.076,321.201,1.675,72.936,24.341,4.223,117,0,Low
WDP4B-1047,WDP4B,NR,2013,29,145,42,84.761,3.14,1.899,94.92,72.053,60.511,877.574,321.849,1.804,82.869,23.694,4.006,116,0,Low
WDP4B-1047,WDP4B,NR,2013,30,145,44,83.726,3.515,2.016,95.777,72.125,61.338,895.113,318.887,1.759,71.425,24.393,4.327,115,0,Low
WDP4B-1047,WDP4B,NR,2013,31,145,46,81.684,3.367,2.005,92.753,76.595,63.421,912.369,336.943,1.761,74.322,23.782,4.268,114,0,Low
WDP4B-1047,WDP4B,NR,2013,32,145,48,77.823,3.456,1.765,93.861,77.287,62.709,874.273,320.104,1.786,78.63,23.296,4.074,113,0,Low
WDP4B-1047,WDP4B,NR,2013,33,145,50,76.754,3.542,1.402,94.345,74.646,62.165,915.254,328.002,1.713,78.791,23.676,4.105,112,0,Low
WDP4B-1047,WDP4B,NR,2013,34,145,52,83.825,3.325,1.753,96.961,75.706,61.018,923.532,316.836,1.827,67.934,23.421,4.101,111,0,Low
WDP4B-1047,WDP4B,NR,2013,35,145,54,76.016,3.156,1.993,89.543,70.842,60.31,901.218,314.195,1.792,67.866,23.784,4.093,110,0,Low
WDP4B-1047,WDP4B,NR,2013,36,145,56,85.019,3.413,1.674,96.603,77.912,59.999,921.982,331.191,1.76,74.535,23.276,4.283,109,0,Low
WDP4B-1047,WDP4B,NR,2013,37,145,58,83.691,3.522,1.364,93.596,74.656,61.966,917.242,346.343,1.883,69.212,23.34,3.929,108,0,Low
WDP4B-1047,WDP4B,NR,2013,38,145,60,77.813,3.29,2.095,93.846,71.256,59.957,898.063,321.503,1.834,75.696,24.457,3.624,107,0,Low
WDP4B-1047,WDP4B,NR,2013,39,145,62,85.26,3.51,1.818,91.663,70.43,62.468,909.756,327.885,1.697,73.107,23.57,4.236,106,0,Low
WDP4B-1047,WDP4B,NR,2013,40,145,64,82.333,3.411,1.755,95.641,77.682,61.408,918.01,325.87,1.671,77.045,24.12,4.259,105,0,Low
WDP4B-1047,WDP4B,NR,2013,41,145,66,84.214,3.312,1.08,92.607,75.787,60.731,934.027,342.277,1.7,80.832,24.037,3.822,104,0,Low
WDP4B-1047,WDP4B,NR,2013,42,145,68,86.151,3.462,2.323,94.864,79.881,59.569,887.962,319.854,1.872,77.653,23.707,4.313,103,0,Low
WDP4B-1047,WDP4B,NR,2013,43,145,70,85.49,3.286,1.853,93.14,76.915,61.468,829.724,315.316,1.754,63.606,23.762,4.062,102,0,Low
WDP4B-1047,WDP4B,NR,2013,44,145,72,79.431,3.537,2.003,95.107,77.939,62.243,927.178,333.49,1.757,61.982,23.999,4.376,101,0,Low
WDP4B-1047,WDP4B,NR,2013,45,145,74,84.224,3.269,2.211,88.865,78.787,59.099,913.436,330.466,1.815,80.201,24.187,4.471,100,0,Low
WDP4B-1047,WDP4B,NR,2013,46,145,76,81.53,3.34,2.486,92.136,71.552,60.138,910.571,327.844,1.754,80.67,24.091,4.103,99,0,Low
WDP4B-1047,WDP4B,NR,2013,47,145,78,87.225,3.431,2.151,92.445,76.826,58.105,894.53,330.334,1.796,67.892,23.727,4.434,98,0,Low
WDP4B-1047,WDP4B,NR,2013,48,145,80,80.375,3.394,1.833,92.21,78.52,60.515,915.426,335.794,1.668,76.95,24.224,4.316,97,0,Low
WDP4B-1047,WDP4B,NR,2013,49,145,82,81.454,3.457,2.066,94.866,71.554,64.844,898.48,321.926,1.759,71.935,23.486,3.982,96,0,Low
WDP4B-1047,WDP4B,NR,2013,50,145,84,77.895,3.429,1.728,93.568,70.247,61.444,890.589,309.292,1.831,77.056,23.583,3.798,95,0,Low
WDP4B-1047,WDP4B,NR,2013,51,145,86,84.451,3.399,2.102,95.734,73.719,59.901,923.064,311.231,1.834,78.792,24.266,3.928,94,0,Low
WDP4B-1047,WDP4B,NR,2013,52,145,88,78.253,3.221,2.146,93.97,74.141,57.27,894.897,325.157,1.591,70.034,23.899,4.069,93,0,Low
WDP4B-1047,WDP4B,NR,2013,53,145,90,85.923,3.196,1.935,91.687,82.569,62.904,896.779,314.896,1.804,78.795,23.946,4.163,92,0,Low
WDP4B-1047,WDP4B,NR,2013,54,145,92,80.353,3.183,1.965,93.647,75.661,57.067,884.919,325.991,1.628,79.765,23.185,4.416,91,0,Low
WDP4B-1047,WDP4B,NR,2013,55,145,94,85.879,3.302,2.053,92.242,73.456,64.028,895.817,335.24,1.749,77.602,23.7,4.498,90,0,Low
WDP4B-1047,WDP4B,NR,2013,56,145,96,76.761,3.527,2.318,97.105,81.315,63.79,924.872,334.664,1.734,69.233,23.645,3.964,89,0,Low
WDP4B-1047,WDP4B,NR,2013,57,145,98,76.326,3.379,1.888,96.255,76.88,61.433,882.469,327.217,1.692,75.393,24.268,4.098,88,0,Low
WDP4B-1047,WDP4B,NR,2013,58,145,100,84.697,3.244,1.847,92.112,80.121,58.674,886.487,331.167,1.654,73.388,23.667,3.944,87,0,Low
WDP4B-1047,WDP4B,NR,2013,59,145,102,81.622,3.512,2.318,93.711,74.96,63.319,856.564,321.069,1.687,72.864,23.857,4.264,86,0,Low
WDP4B-1047,WDP4B,NR,2013,60,145,104,81.629,3.325,2.007,94.42,70.525,62.053,893.719,327.767,1.849,63.218,23.971,4.11,85,0,Low
WDP4B-1047,WDP4B,NR,2013,61,145,106,86.299,3.297,2.184,91.461,73.261,59.137,889.869,341.019,1.618,67.152,23.754,4.001,84,0,Low
WDP4B-1047,WDP4B,NR,2013,62,145,108,87.476,3.437,2.316,94.216,75.357,62.366,855.863,334.175,1.817,80.909,23.958,3.846,83,0,Low
WDP4B-1047,WDP4B,NR,2013,63,145,110,83.224,3.248,2.166,95.76,75.496,62.006,880.668,331.424,1.672,70.141,23.349,4.062,82,0,Low
WDP4B-1047,WDP4B,NR,2013,64,145,112,83.34,3.202,2.151,92.157,75.537,59.509,877.396,308.886,1.668,69.597,23.595,3.937,81,0,Low
WDP4B-1047,WDP4B,NR,2013,65,145,114,83.316,3.373,2.396,93.871,78.932,59.413,929.393,331.016,1.786,73.197,24.011,4.243,80,0,Low
WDP4B-1047,WDP4B,NR,2013,66,145,116,82.245,3.493,2.166,92.659,78.437,62.933,901.397,325.425,1.636,69.665,24.491,4.177,79,0,Low
WDP4B-1047,WDP4B,NR,2013,67,145,118,82.969,3.373,2.02,90.35,78.997,56.564,886.122,319.374,1.735,72.33,23.585,3.863,78,0,Low
WDP4B-1047,WDP4B,NR,2013,68,145,120,86.261,3.409,2.166,92.416,75.064,57.245,869.72,307.095,1.818,72.029,24.198,4.249,77,0,Low
WDP4B-1047,WDP4B,NR,2013,69,145,122,84.551,3.191,2.338,90.881,78.347,64.869,896.935,338.68,1.672,74.956,24.418,3.832,76,0,Low
WDP4B-1047,WDP4B,NR,2013,70,145,124,80.956,3.337,1.78,90.788,74.339,61.332,915.053,331.706,1.679,69.654,23.135,4.241,75,0,Low
WDP4B-1047,WDP4B,NR,2013,71,145,126,84.011,3.617,1.713,94.843,74.945,62.434,895.048,336.53,1.66,77.969,23.53,3.916,74,0,Low
WDP4B-1047,WDP4B,NR,2013,72,145,128,82.178,3.282,2.874,92.09,75.928,62.004,904.818,342.876,1.721,61.32,23.849,4.093,73,0,Low
WDP4B-1047,WDP4B,NR,2013,73,145,130,81.963,3.316,2.513,87.132,77.768,64.238,895.231,318.818,1.76,69.781,23.952,4.098,72,0,Low
WDP4B-1047,WDP4B,NR,2013,74,145,132,85.186,3.415,2.688,96.888,75.648,61.388,934.647,313.706,1.623,64.325,23.282,4.304,71,0,Low
WDP4B-1047,WDP4B,NR,2013,75,145,134,84.454,3.394,1.816,94.325,77.07,61.707,893.071,338.344,1.663,76.37,23.914,4.086,70,0,Low
WDP4B-1047,WDP4B,NR,2013,76,145,136,93.603,3.298,1.985,93.133,73.416,60.946,892.125,309.126,1.748,72.54,24.236,3.479,69,0,Low
WDP4B-1047,WDP4B,NR,2013,77,145,138,80.164,3.415,1.895,95.213,80.045,63.395,887.646,330.073,1.672,65.892,23.111,3.982,68,0,Low
WDP4B-1047,WDP4B,NR,2013,78,145,140,76.47,3.347,2.539,91.287,79.115,60.871,874.62,332.742,1.669,70.793,23.489,4.395,67,0,Low
WDP4B-1047,WDP4B,NR,2013,79,145,142,83.905,3.233,1.874,94.26,77.366,62.166,875.958,321.274,1.831,74.636,24.306,4.017,66,0,Low
WDP4B-1047,WDP4B,NR,2013,80,145,144,85.129,3.312,1.936,96.663,77.323,59.896,888.407,323.703,1.655,77.291,23.912,3.86,65,0,Low
WDP4B-1047,WDP4B,NR,2013,81,145,146,87.481,3.366,1.687,90.49,79.276,62.477,886.094,322.417,1.724,65.815,23.518,4.086,64,0,Low
WDP4B-1047,WDP4B,NR,2013,82,145,148,84.197,3.296,2.692,92.115,78.804,61.85,906.831,332.609,1.557,67.519,24.275,4.069,63,0,Low
WDP4B-1047,WDP4B,NR,2013,83,145,150,93.19,3.29,2.167,94.931,79.334,60.982,865.46,330.408,1.621,67.602,24.262,4.344,62,0,Low
WDP4B-1047,WDP4B,NR,2013,84,145,152,81.295,3.266,2.372,94.274,81.042,66.563,895.751,328.149,1.601,74.677,23.535,4.166,61,0,Low
WDP4B-1047,WDP4B,NR,2013,85,145,154,85.259,3.487,2.479,91.397,73.535,59.949,895.293,310.967,1.767,81.392,23.383,3.91,60,0,Medium
WDP4B-1047,WDP4B,NR,2013,86,145,156,84.171,3.367,1.877,91.253,81.303,60.029,915.171,329.805,1.733,71.835,23.676,3.81,59,0,Medium
WDP4B-1047,WDP4B,NR,2013,87,145,158,90.258,3.369,2.325,91.704,82.368,58.776,878.067,330.571,1.834,75.418,23.351,4.274,58,0,Medium
WDP4B-1047,WDP4B,NR,2013,88,145,160,85.32,3.41,2.435,94.431,74.76,61.28,906.715,324.012,1.72,76.065,23.741,3.983,57,0,Medium
WDP4B-1047,WDP4B,NR,2013,89,145,162,90.29,3.334,2.404,93.226,74.576,61.676,888.5,310.592,1.728,78.23,24.51,3.857,56,0,Medium
WDP4B-1047,WDP4B,NR,2013,90,145,164,82.869,3.152,1.933,93.86,77.403,62.972,916.273,321.224,1.525,72.657,23.038,4.116,55,0,Medium
WDP4B-1047,WDP4B,NR,2013,91,145,166,83.419,3.102,2.53,92.307,76.885,62.04,922.944,329.618,1.625,70.1,24.034,3.994,54,0,Medium
WDP4B-1047,WDP4B,NR,2013,92,145,168,82.459,3.524,2.302,94.158,81.35,63.634,940.76,322.185,1.659,73.379,23.507,3.696,53,0,Medium
WDP4B-1047,WDP4B,NR,2013,93,145,170,89.196,3.023,2.434,92.786,76.797,61.312,892.788,320.78,1.563,73.747,23.5,4.208,52,0,Medium
WDP4B-1047,WDP4B,NR,2013,94,145,172,88.397,3.005,2.268,91.348,78.201,58.855,865.037,312.153,1.704,63.781,23.608,3.879,51,0,Medium
WDP4B-1047,WDP4B,NR,2013,95,145,174,84.259,3.244,2.659,92.702,79.37,64.754,903.261,312.9,1.776,63.037,24.0,3.663,50,0,Medium
WDP4B-1047,WDP4B,NR,2013,96,145,176,90.54,3.589,2.425,91.58,81.096,62.893,880.899,339.921,1.541,65.868,23.728,4.041,49,0,Medium
WDP4B-1047,WDP4B,NR,2013,97,145,178,85.649,3.195,2.263,93.141,81.538,61.612,878.937,329.216,1.575,71.633,23.957,4.346,48,0,Medium
WDP4B-1047,WDP4B,NR,2013,98,145,180,83.335,3.438,2.425,93.924,74.256,58.218,895.812,316.655,1.602,69.126,24.005,4.266,47,0,Medium
WDP4B-1047,WDP4B,NR,2013,99,145,0,80.926,3.406,2.248,94.141,79.704,62.93,887.689,330.243,1.686,75.348,23.757,4.213,46,0,Medium
WDP4B-1047,WDP4B,NR,2013,100,145,2,82.576,3.184,2.264,90.876,75.846,60.966,864.085,321.265,1.616,77.037,23.748,3.854,45,0,Medium
WDP4B-1047,WDP4B,NR,2013,101,145,4,94.503,2.96,1.882,93.913,77.01,64.173,903.347,317.674,1.737,66.381,23.792,3.653,44,0,Medium
WDP4B-1047,WDP4B,NR,2013,102,145,6,81.991,3.462,2.443,92.272,73.968,62.06,898.672,313.837,1.731,68.518,23.676,4.085,43,0,Medium
WDP4B-1047,WDP4B,NR,2013,103,145,8,78.332,3.407,2.433,94.183,75.185,64.156,884.409,297.941,1.575,66.626,23.627,4.029,42,0,Medium
WDP4B-1047,WDP4B,NR,2013,104,145,10,87.758,3.178,2.839,94.861,80.096,62.94,868.747,320.468,1.764,79.618,23.632,3.858,41,0,Medium
WDP4B-1047,WDP4B,NR,2013,105,145,12,84.232,3.536,2.461,92.986,80.034,64.895,860.779,326.022,1.585,73.015,23.451,4.124,40,0,Medium
WDP4B-1047,WDP4B,NR,2013,106,145,14,79.873,2.783,2.453,89.658,73.881,60.0,882.439,328.372,1.604,70.97,24.851,4.233,39,0,Medium
WDP4B-1047,WDP4B,NR,2013,107,145,16,90.923,3.127,2.615,93.9,74.887,63.381,886.338,320.029,1.753,64.488,23.831,4.534,38,0,Medium
WDP4B-1047,WDP4B,NR,2013,108,145,18,86.99,3.288,3.005,91.798,79.364,62.945,855.739,326.908,1.598,77.992,24.012,3.877,37,0,Medium
WDP4B-1047,WDP4B,NR,2013,109,145,20,86.254,3.122,2.054,89.767,75.045,61.281,861.111,334.151,1.607,72.552,23.9,4.056,36,0,Medium
WDP4B-1047,WDP4B,NR,2013,110,145,22,83.904,3.389,2.2,93.508,78.426,62.224,892.598,327.96,1.728,68.986,23.455,3.855,35,0,Medium
WDP4B-1047,WDP4B,NR,2013,111,145,24,88.842,3.316,2.292,92.536,78.27,62.924,917.782,320.187,1.818,59.36,24.03,3.82,34,0,Medium
WDP4B-1047,WDP4B,NR,2013,112,145,26,88.999,3.195,2.223,92.959,75.445,63.711,897.951,321.219,1.598,76.356,23.892,4.246,33,0,Medium
WDP4B-1047,WDP4B,NR,2013,113,145,28,84.551,3.418,2.014,92.198,78.756,61.662,866.03,335.823,1.729,72.825,23.635,4.049,32,0,Medium
WDP4B-1047,WDP4B,NR,2013,114,145,30,84.134,3.193,2.444,93.106,75.853,63.168,905.709,329.389,1.622,67.083,23.752,3.976,31,0,Medium
WDP4B-1047,WDP4B,NR,2013,115,145,32,93.06,2.54,3.854,86.483,86.174,64.639,840.075,340.05,1.222,76.508,23.09,3.837,30,1,High
WDP4B-1047,WDP4B,NR,2013,116,145,34,99.045,2.58,4.485,87.996,88.548,67.861,882.188,334.608,1.194,74.971,22.952,3.521,29,1,High
WDP4B-1047,WDP4B,NR,2013,117,145,36,98.096,2.298,4.354,90.68,81.101,66.67,860.319,351.195,1.365,67.918,22.683,4.008,28,1,High
WDP4B-1047,WDP4B,NR,2013,118,145,38,95.479,2.64,3.846,89.033,87.883,70.203,873.44,348.415,1.277,70.87,22.409,3.444,27,1,High
WDP4B-1047,WDP4B,NR,2013,119,145,40,99.748,2.492,4.217,88.721,86.032,63.567,873.923,342.978,1.297,72.333,22.924,3.445,26,1,High
WDP4B-1047,WDP4B,NR,2013,120,145,42,96.37,2.492,4.364,88.484,85.179,69.04,876.59,342.241,1.399,71.882,22.264,3.24,25,1,High
WDP4B-1047,WDP4B,NR,2013,121,145,44,98.565,2.421,3.863,84.729,86.267,69.295,859.573,354.882,1.213,63.249,23.04,3.597,24,1,High
WDP4B-1047,WDP4B,NR,2013,122,145,46,100.997,2.588,4.302,84.539,84.15,66.601,878.37,353.341,1.17,65.727,21.857,3.47,23,1,High
WDP4B-1047,WDP4B,NR,2013,123,145,48,96.807,2.586,4.016,87.688,90.708,69.055,858.977,362.26,1.345,68.644,22.173,3.518,22,1,High
WDP4B-1047,WDP4B,NR,2013,124,145,50,97.403,2.193,4.401,86.154,90.523,72.286,849.008,362.68,1.325,74.351,22.256,3.287,21,1,High
WDP4B-1047,WDP4B,NR,2013,125,145,52,96.813,2.419,4.549,87.05,87.66,69.857,860.965,354.698,1.248,65.957,22.522,3.163,20,1,High
WDP4B-1047,WDP4B,NR,2013,126,145,54,103.233,2.509,4.645,85.99,89.696,72.482,821.565,345.795,1.19,86.892,22.232,3.27,19,1,High
WDP4B-1047,WDP4B,NR,2013,127,145,56,104.948,2.29,4.589,85.32,88.769,71.882,855.504,343.523,1.297,76.334,22.057,3.209,18,1,High
WDP4B-1047,WDP4B,NR,2013,128,145,58,100.647,2.224,5.176,89.207,91.228,76.838,840.293,385.516,1.221,73.716,22.367,3.538,17,1,High
WDP4B-1047,WDP4B,NR,2013,129,145,60,99.852,2.315,5.157,83.933,89.377,71.882,865.085,345.177,1.093,71.2,21.97,3.639,16,1,High
WDP4B-1047,WDP4B,NR,2013,130,145,62,102.898,2.24,4.954,85.26,94.521,77.103,826.067,371.387,1.184,77.385,22.322,3.305,15,1,High
WDP4B-1047,WDP4B,NR,2013,131,145,64,107.252,2.365,5.645,84.525,88.341,70.311,830.447,381.809,1.036,76.742,22.6,3.089,14,1,High
WDP4B-1047,WDP4B,NR,2013,132,145,66,107.536,2.177,5.56,82.26,92.386,74.617,766.494,372.541,1.094,69.437,21.522,2.948,13,1,High
WDP4B-1047,WDP4B,NR,2013,133,145,68,109.266,2.063,5.931,82.128,91.353,75.054,816.52,387.751,1.136,69.989,21.972,3.404,12,1,High
WDP4B-1047,WDP4B,NR,2013,134,145,70,102.379,1.719,5.551,84.428,94.624,82.172,830.277,380.583,1.008,60.945,22.347,2.873,11,1,High
WDP4B-1047,WDP4B,NR,2013,135,145,72,115.814,1.799,6.058,81.298,92.412,80.985,781.362,376.646,1.009,72.497,21.958,3.39,10,1,Critical
WDP4B-1047,WDP4B,NR,2013,136,145,74,115.015,1.859,5.981,80.245,98.615,79.058,819.844,376.347,0.952,70.901,21.628,3.047,9,1,Critical
WDP4B-1047,WDP4B,NR,2013,137,145,76,119.159,1.954,6.514,80.744,98.027,81.185,782.34,380.692,0.84,77.256,21.386,2.926,8,1,Critical
WDP4B-1047,WDP4B,NR,2013,138,145,78,115.992,1.651,7.089,81.326,97.669,80.962,821.331,383.588,0.911,69.233,21.584,2.967,7,1,Critical
WDP4B-1047,WDP4B,NR,2013,139,145,80,111.859,1.548,7.096,77.813,97.949,87.142,824.564,393.732,0.874,75.443,21.566,3.071,6,1,Critical
WDP4B-1047,WDP4B,NR,2013,140,145,82,120.881,1.62,7.52,79.753,98.407,83.067,801.756,410.671,0.8,68.166,22.112,2.613,5,1,Critical
WDP4B-1047,WDP4B,NR,2013,141,145,84,121.202,1.404,7.307,77.664,100.996,87.784,768.31,386.703,0.74,72.536,21.002,2.674,4,1,Critical
WDP4B-1047,WDP4B,NR,2013,142,145,86,122.926,1.622,7.896,77.282,101.2,91.257,767.511,392.37,0.596,73.411,21.014,2.637,3,1,Critical
WDP4B-1047,WDP4B,NR,2013,143,145,88,125.26,1.115,8.296,75.867,104.005,90.42,804.203,427.245,0.658,72.462,20.157,2.765,2,1,Critical
WDP4B-1047,WDP4B,NR,2013,144,145,90,127.709,1.453,8.567,76.427,107.997,93.301,769.484,412.608,0.644,73.0,20.2,2.493,1,1,Critical
WDP4B-1047,WDP4B,NR,2013,145,145,92,124.959,1.007,8.866,74.586,107.781,94.761,759.687,408.45,0.596,72.719,20.609,2.625,0,1,Critical
WAG9-1048,WAG9,ER,2012,1,149,-34,90.903,3.2,1.342,95.413,74.61,62.073,912.347,310.174,1.857,66.381,24.092,3.833,148,0,Low
WAG9-1048,WAG9,ER,2012,2,149,-32,78.391,3.702,1.903,93.772,71.568,59.96,907.672,306.337,1.851,68.518,23.976,4.265,147,0,Low
WAG9-1048,WAG9,ER,2012,3,149,-30,74.732,3.647,1.893,95.683,72.785,62.056,893.409,290.441,1.695,66.626,23.927,4.209,146,0,Low
WAG9-1048,WAG9,ER,2012,4,149,-28,84.158,3.418,2.299,96.361,77.696,60.84,877.747,312.968,1.884,79.618,23.932,4.038,145,0,Low
WAG9-1048,WAG9,ER,2012,5,149,-26,80.632,3.776,1.921,94.486,77.634,62.795,869.779,318.522,1.705,73.015,23.751,4.304,144,0,Low
WAG9-1048,WAG9,ER,2012,6,149,-24,76.273,3.023,1.913,91.158,71.481,57.9,891.439,320.872,1.724,70.97,25.151,4.413,143,0,Low
WAG9-1048,WAG9,ER,2012,7,149,-22,87.323,3.367,2.075,95.4,72.487,61.281,895.338,312.529,1.873,64.488,24.131,4.714,142,0,Low
WAG9-1048,WAG9,ER,2012,8,149,-20,83.39,3.528,2.465,93.298,76.964,60.845,864.739,319.408,1.718,77.992,24.312,4.057,141,0,Low
WAG9-1048,WAG9,ER,2012,9,149,-18,82.654,3.362,1.514,91.267,72.645,59.181,870.111,326.651,1.727,72.552,24.2,4.236,140,0,Low
WAG9-1048,WAG9,ER,2012,10,149,-16,80.304,3.629,1.66,95.008,76.026,60.124,901.598,320.46,1.848,68.986,23.755,4.035,139,0,Low
WAG9-1048,WAG9,ER,2012,11,149,-14,85.242,3.556,1.752,94.036,75.87,60.824,926.782,312.687,1.938,59.36,24.33,4.0,138,0,Low
WAG9-1048,WAG9,ER,2012,12,149,-12,85.399,3.435,1.683,94.459,73.045,61.611,906.951,313.719,1.718,76.356,24.192,4.426,137,0,Low
WAG9-1048,WAG9,ER,2012,13,149,-10,80.951,3.658,1.474,93.698,76.356,59.562,875.03,328.323,1.849,72.825,23.935,4.229,136,0,Low
WAG9-1048,WAG9,ER,2012,14,149,-8,80.534,3.433,1.904,94.606,73.453,61.068,914.709,321.889,1.742,67.083,24.052,4.156,135,0,Low
WAG9-1048,WAG9,ER,2012,15,149,-6,79.8,3.424,1.865,92.008,77.334,56.904,873.225,312.425,1.664,76.508,24.195,4.5,134,0,Low
WAG9-1048,WAG9,ER,2012,16,149,-4,85.667,3.471,2.478,93.569,79.63,60.052,915.637,306.741,1.64,74.971,24.066,4.19,133,0,Low
WAG9-1048,WAG9,ER,2012,17,149,-2,84.535,3.198,2.319,96.328,72.06,58.739,894.244,322.953,1.816,67.918,23.813,4.683,132,0,Low
WAG9-1048,WAG9,ER,2012,18,149,0,81.667,3.552,1.775,94.783,78.675,62.101,908.02,319.665,1.734,70.87,23.56,4.127,131,0,Low
WAG9-1048,WAG9,ER,2012,19,149,2,85.619,3.419,2.098,94.599,76.613,55.245,909.335,313.587,1.761,72.333,24.102,4.139,130,0,Low
WAG9-1048,WAG9,ER,2012,20,149,4,81.857,3.438,2.187,94.518,75.504,60.449,913.012,312.074,1.871,71.882,23.473,3.946,129,0,Low
WAG9-1048,WAG9,ER,2012,21,149,6,83.601,3.387,1.618,90.944,76.291,60.386,897.183,323.807,1.696,63.249,24.287,4.317,128,0,Low
WAG9-1048,WAG9,ER,2012,22,149,8,85.515,3.577,1.98,90.962,73.829,57.326,917.346,321.224,1.664,65.727,23.147,4.206,127,0,Low
WAG9-1048,WAG9,ER,2012,23,149,10,80.741,3.6,1.606,94.347,79.998,59.363,899.496,328.968,1.852,68.644,23.512,4.272,126,0,Low
WAG9-1048,WAG9,ER,2012,24,149,12,80.687,3.236,1.894,93.074,79.379,62.13,891.248,328.08,1.846,74.351,23.649,4.06,125,0,Low
WAG9-1048,WAG9,ER,2012,25,149,14,79.38,3.492,1.934,94.258,76.037,59.187,905.103,318.656,1.785,65.957,23.975,3.956,124,0,Low
WAG9-1048,WAG9,ER,2012,26,149,16,85.015,3.616,1.913,93.514,77.551,61.25,867.781,308.178,1.743,86.892,23.75,4.087,123,0,Low
WAG9-1048,WAG9,ER,2012,27,149,18,85.88,3.433,1.729,93.185,76.057,60.039,903.974,304.198,1.869,76.334,23.646,4.051,122,0,Low
WAG9-1048,WAG9,ER,2012,28,149,20,80.662,3.406,2.178,97.441,77.904,64.335,891.196,344.35,1.812,73.716,24.033,4.406,121,0,Low
WAG9-1048,WAG9,ER,2012,29,149,22,78.883,3.539,2.012,92.561,75.397,58.67,918.597,302.035,1.705,71.2,23.717,4.535,120,0,Low
WAG9-1048,WAG9,ER,2012,30,149,24,80.878,3.508,1.651,94.31,79.841,63.133,882.367,326.137,1.818,77.385,24.157,4.231,119,0,Low
WAG9-1048,WAG9,ER,2012,31,149,26,84.115,3.68,2.174,94.023,72.916,55.534,889.713,334.317,1.694,76.742,24.528,4.047,118,0,Low
WAG9-1048,WAG9,ER,2012,32,149,28,83.215,3.541,1.911,92.233,76.172,58.984,828.902,322.674,1.776,69.437,23.549,3.939,117,0,Low
WAG9-1048,WAG9,ER,2012,33,149,30,83.694,3.48,2.096,92.603,74.305,58.517,882.25,335.376,1.845,69.989,24.103,4.43,116,0,Low
WAG9-1048,WAG9,ER,2012,34,149,32,75.489,3.191,1.518,95.431,76.698,64.682,899.506,325.566,1.744,60.945,24.588,3.936,115,0,Low
WAG9-1048,WAG9,ER,2012,35,149,34,87.541,3.329,1.817,92.856,73.563,62.492,854.267,318.854,1.774,72.497,24.314,4.492,114,0,Low
WAG9-1048,WAG9,ER,2012,36,149,36,85.291,3.449,1.523,92.385,78.799,59.514,896.604,315.647,1.746,70.901,24.105,4.19,113,0,Low
WAG9-1048,WAG9,ER,2012,37,149,38,87.918,3.606,1.828,93.492,77.199,60.541,863.132,316.95,1.666,77.256,23.989,4.112,112,0,Low
WAG9-1048,WAG9,ER,2012,38,149,40,83.167,3.369,2.165,94.709,75.785,59.169,906.333,316.671,1.77,69.233,24.32,4.197,111,0,Low
WAG9-1048,WAG9,ER,2012,39,149,42,77.383,3.335,1.925,91.858,74.965,64.151,913.954,323.507,1.768,75.443,24.439,4.347,110,0,Low
WAG9-1048,WAG9,ER,2012,40,149,44,84.688,3.477,2.091,94.486,74.278,58.829,895.712,337.004,1.729,68.166,25.128,3.936,109,0,Low
WAG9-1048,WAG9,ER,2012,41,149,46,83.224,3.335,1.61,93.112,75.677,62.251,867.009,309.461,1.706,72.536,24.167,4.047,108,0,Low
WAG9-1048,WAG9,ER,2012,42,149,48,83.098,3.63,1.921,93.472,74.648,64.379,871.131,311.42,1.6,73.411,24.333,4.061,107,0,Low
WAG9-1048,WAG9,ER,2012,43,149,50,83.515,3.201,2.034,92.825,76.175,62.149,912.922,342.454,1.701,72.462,23.636,4.242,106,0,Low
WAG9-1048,WAG9,ER,2012,44,149,52,83.98,3.621,2.008,94.181,78.844,63.587,883.48,323.841,1.728,73.0,23.844,4.025,105,0,Low
WAG9-1048,WAG9,ER,2012,45,149,54,79.179,3.259,1.999,93.161,77.261,63.556,879.137,315.575,1.722,72.719,24.424,4.214,104,0,Low
WAG9-1048,WAG9,ER,2012,46,149,56,81.027,3.242,2.241,94.512,78.447,64.23,938.019,306.006,1.841,66.883,24.146,4.063,103,0,Low
WAG9-1048,WAG9,ER,2012,47,149,58,86.613,3.471,1.908,94.253,76.609,60.411,872.799,326.732,1.812,70.093,23.839,4.183,102,0,Low
WAG9-1048,WAG9,ER,2012,48,149,60,84.208,3.12,2.276,93.013,75.945,58.869,905.876,309.735,1.794,79.52,24.118,3.973,101,0,Low
WAG9-1048,WAG9,ER,2012,49,149,62,82.016,3.533,1.949,91.199,73.382,63.542,904.099,316.154,1.757,73.835,23.836,3.839,100,0,Low
WAG9-1048,WAG9,ER,2012,50,149,64,83.397,3.74,1.563,89.973,74.549,59.126,895.465,322.497,1.889,76.608,23.62,4.171,99,0,Low
WAG9-1048,WAG9,ER,2012,51,149,66,83.595,3.395,2.51,90.073,76.816,60.237,889.108,315.218,1.804,75.846,24.115,4.068,98,0,Low
WAG9-1048,WAG9,ER,2012,52,149,68,80.245,3.513,1.929,93.425,76.463,59.901,900.591,337.594,1.705,71.547,24.33,3.724,97,0,Low
WAG9-1048,WAG9,ER,2012,53,149,70,82.512,3.216,2.456,93.932,77.733,61.794,911.137,322.892,1.668,72.157,23.568,4.141,96,0,Low
WAG9-1048,WAG9,ER,2012,54,149,72,80.643,3.358,1.966,91.456,76.028,59.544,888.647,327.779,1.738,71.288,23.707,4.393,95,0,Low
WAG9-1048,WAG9,ER,2012,55,149,74,82.866,3.542,2.147,96.643,74.037,60.163,914.57,329.383,1.742,70.79,23.59,3.994,94,0,Low
WAG9-1048,WAG9,ER,2012,56,149,76,83.313,3.296,2.045,91.61,70.764,57.804,903.073,307.774,1.674,76.526,24.085,4.394,93,0,Low
WAG9-1048,WAG9,ER,2012,57,149,78,89.639,3.325,2.078,92.872,75.328,59.557,876.237,329.633,1.756,68.087,23.559,4.093,92,0,Low
WAG9-1048,WAG9,ER,2012,58,149,80,86.222,3.477,2.186,93.771,78.345,62.817,883.695,328.52,1.631,76.428,23.563,4.431,91,0,Low
WAG9-1048,WAG9,ER,2012,59,149,82,84.864,3.487,1.747,92.909,76.691,63.539,896.111,341.737,1.727,75.213,23.992,3.775,90,0,Low
WAG9-1048,WAG9,ER,2012,60,149,84,82.283,3.137,1.984,94.484,76.434,61.905,913.837,328.317,1.685,77.352,23.676,4.214,89,0,Low
WAG9-1048,WAG9,ER,2012,61,149,86,84.59,3.411,1.762,93.81,81.186,58.685,880.73,315.129,1.745,80.783,24.027,4.103,88,0,Low
WAG9-1048,WAG9,ER,2012,62,149,88,79.579,3.32,2.097,92.053,79.193,64.032,881.306,312.66,1.676,74.614,23.608,4.269,87,0,Low
WAG9-1048,WAG9,ER,2012,63,149,90,83.76,3.407,2.107,94.706,76.717,64.484,878.76,315.61,1.836,72.571,24.483,3.85,86,0,Low
WAG9-1048,WAG9,ER,2012,64,149,92,87.048,3.468,2.006,95.574,73.454,59.874,886.067,344.149,1.655,72.038,23.863,4.158,85,0,Low
WAG9-1048,WAG9,ER,2012,65,149,94,81.381,3.269,2.08,92.174,78.135,60.343,900.957,325.564,1.618,73.014,23.664,4.136,84,0,Low
WAG9-1048,WAG9,ER,2012,66,149,96,87.141,3.308,2.405,93.533,74.556,64.741,901.139,335.63,1.709,75.672,23.949,4.136,83,0,Low
WAG9-1048,WAG9,ER,2012,67,149,98,89.356,3.196,2.304,95.784,73.466,59.11,915.625,319.876,1.508,71.018,23.933,3.788,82,0,Low
WAG9-1048,WAG9,ER,2012,68,149,100,86.23,3.466,2.458,94.533,80.642,60.659,872.192,330.233,1.68,78.284,24.169,4.104,81,0,Low
WAG9-1048,WAG9,ER,2012,69,149,102,87.105,3.259,2.556,93.526,78.299,61.03,876.479,322.466,1.517,71.41,23.81,3.645,80,0,Low
WAG9-1048,WAG9,ER,2012,70,149,104,83.608,3.268,2.675,92.961,73.301,64.07,916.608,318.267,1.644,78.883,23.892,3.904,79,0,Low
WAG9-1048,WAG9,ER,2012,71,149,106,86.745,3.3,1.541,91.231,76.272,61.971,901.229,349.475,1.675,75.344,23.832,4.418,78,0,Low
WAG9-1048,WAG9,ER,2012,72,149,108,88.898,3.445,2.597,93.678,76.512,61.552,869.718,311.501,1.576,72.807,23.883,4.255,77,0,Low
WAG9-1048,WAG9,ER,2012,73,149,110,83.489,3.194,2.41,94.877,75.191,62.126,882.556,310.858,1.556,65.023,23.311,3.686,76,0,Low
WAG9-1048,WAG9,ER,2012,74,149,112,83.74,3.109,2.045,90.635,77.343,61.747,878.685,325.262,1.669,76.188,23.709,4.278,75,0,Low
WAG9-1048,WAG9,ER,2012,75,149,114,84.143,3.705,2.186,92.382,77.338,66.868,912.773,322.382,1.784,71.992,24.061,3.668,74,0,Low
WAG9-1048,WAG9,ER,2012,76,149,116,82.92,3.12,2.288,90.831,75.999,63.272,846.206,336.418,1.708,72.574,23.787,4.366,73,0,Low
WAG9-1048,WAG9,ER,2012,77,149,118,81.401,3.324,2.33,94.854,76.981,60.093,915.146,321.38,1.797,76.193,25.077,4.18,72,0,Low
WAG9-1048,WAG9,ER,2012,78,149,120,83.386,3.417,1.769,92.228,74.287,62.296,930.875,310.625,1.645,74.159,23.871,3.819,71,0,Low
WAG9-1048,WAG9,ER,2012,79,149,122,87.223,3.264,2.658,92.428,76.264,58.052,860.022,323.657,1.746,72.334,24.082,4.342,70,0,Low
WAG9-1048,WAG9,ER,2012,80,149,124,85.469,3.303,2.294,93.697,75.861,58.943,873.798,323.839,1.883,84.368,23.8,4.017,69,0,Low
WAG9-1048,WAG9,ER,2012,81,149,126,90.998,3.367,2.346,93.61,74.942,61.552,880.439,316.85,1.535,75.726,24.005,3.925,68,0,Low
WAG9-1048,WAG9,ER,2012,82,149,128,84.154,3.371,2.144,92.928,76.212,61.217,920.629,322.772,1.831,65.976,23.379,4.084,67,0,Low
WAG9-1048,WAG9,ER,2012,83,149,130,84.464,3.451,2.458,91.931,77.057,59.715,876.359,332.769,1.642,78.859,24.066,3.944,66,0,Low
WAG9-1048,WAG9,ER,2012,84,149,132,83.473,3.3,2.572,91.49,75.023,62.076,918.027,335.622,1.863,68.948,23.654,4.22,65,0,Low
WAG9-1048,WAG9,ER,2012,85,149,134,83.234,3.326,2.047,94.101,77.203,63.601,897.922,322.273,1.731,72.548,24.08,4.3,64,0,Low
WAG9-1048,WAG9,ER,2012,86,149,136,89.93,3.496,2.53,92.898,75.186,56.929,880.892,322.462,1.718,73.041,23.757,4.079,63,0,Low
WAG9-1048,WAG9,ER,2012,87,149,138,85.752,3.407,2.555,92.084,78.799,63.024,858.397,321.291,1.697,66.533,23.538,4.169,62,0,Low
WAG9-1048,WAG9,ER,2012,88,149,140,88.087,3.451,2.486,92.145,76.258,64.256,883.522,307.631,1.67,68.687,23.84,4.078,61,0,Low
WAG9-1048,WAG9,ER,2012,89,149,142,90.074,3.424,2.686,92.898,76.227,62.498,890.859,330.777,1.672,72.426,23.731,4.318,60,0,Medium
WAG9-1048,WAG9,ER,2012,90,149,144,82.108,3.309,2.479,94.437,73.803,65.012,905.593,332.693,1.815,70.297,23.856,3.946,59,0,Medium
WAG9-1048,WAG9,ER,2012,91,149,146,89.973,3.311,2.164,93.107,80.222,60.092,880.992,347.974,1.651,63.875,24.595,4.146,58,0,Medium
WAG9-1048,WAG9,ER,2012,92,149,148,81.397,3.122,2.279,92.11,77.259,60.813,885.295,333.935,1.7,81.559,23.617,4.147,57,0,Medium
WAG9-1048,WAG9,ER,2012,93,149,150,88.072,3.458,2.394,92.912,82.34,61.56,884.204,331.378,1.709,73.633,23.657,4.041,56,0,Medium
WAG9-1048,WAG9,ER,2012,94,149,152,84.148,3.352,2.597,91.779,80.731,59.608,913.817,320.205,1.665,74.653,23.706,4.025,55,0,Medium
WAG9-1048,WAG9,ER,2012,95,149,154,88.067,3.363,2.539,93.756,79.91,63.326,884.592,319.838,1.817,75.174,23.35,4.055,54,0,Medium
WAG9-1048,WAG9,ER,2012,96,149,156,86.206,3.115,2.098,93.115,76.16,58.626,878.049,317.187,1.733,78.041,23.457,3.917,53,0,Medium
WAG9-1048,WAG9,ER,2012,97,149,158,82.599,3.762,2.655,92.201,76.747,63.363,874.88,323.625,1.648,66.544,23.172,4.089,52,0,Medium
WAG9-1048,WAG9,ER,2012,98,149,160,89.802,3.243,2.404,94.277,79.959,61.596,919.228,324.506,1.807,65.61,24.039,4.124,51,0,Medium
WAG9-1048,WAG9,ER,2012,99,149,162,89.035,3.245,2.735,92.011,80.083,60.916,878.459,342.183,1.701,74.886,23.655,3.992,50,0,Medium
WAG9-1048,WAG9,ER,2012,100,149,164,91.268,3.06,2.052,92.119,78.355,63.531,850.382,325.269,1.727,73.418,23.432,4.233,49,0,Medium
WAG9-1048,WAG9,ER,2012,101,149,166,84.793,3.345,2.972,91.657,74.781,57.985,875.058,343.766,1.651,72.323,23.728,4.046,48,0,Medium
WAG9-1048,WAG9,ER,2012,102,149,168,84.722,3.192,2.433,91.65,76.096,64.057,913.417,333.516,1.621,79.429,23.966,3.986,47,0,Medium
WAG9-1048,WAG9,ER,2012,103,149,170,84.046,3.45,2.246,93.834,76.682,62.9,895.573,330.227,1.575,78.861,23.772,3.667,46,0,Medium
WAG9-1048,WAG9,ER,2012,104,149,172,84.938,3.211,2.512,95.892,78.195,60.6,882.005,333.333,1.693,71.6,23.098,4.035,45,0,Medium
WAG9-1048,WAG9,ER,2012,105,149,174,82.516,3.099,2.473,92.361,75.93,62.889,855.231,332.992,1.556,77.715,23.688,4.184,44,0,Medium
WAG9-1048,WAG9,ER,2012,106,149,176,88.724,3.446,2.125,91.569,81.29,62.785,887.375,344.559,1.584,67.555,24.001,3.91,43,0,Medium
WAG9-1048,WAG9,ER,2012,107,149,178,86.267,3.317,2.249,91.634,80.996,64.956,899.016,330.385,1.605,81.22,23.897,3.674,42,0,Medium
WAG9-1048,WAG9,ER,2012,108,149,180,91.346,3.086,2.198,91.83,78.666,61.181,898.45,326.967,1.622,77.094,23.365,3.905,41,0,Medium
WAG9-1048,WAG9,ER,2012,109,149,0,88.35,3.199,2.376,91.792,79.745,60.441,914.861,324.938,1.68,78.474,23.558,3.986,40,0,Medium
WAG9-1048,WAG9,ER,2012,110,149,2,82.419,3.2,2.59,90.013,75.369,62.563,878.037,318.972,1.749,66.972,23.421,3.953,39,0,Medium
WAG9-1048,WAG9,ER,2012,111,149,4,86.281,3.263,3.463,91.907,78.277,64.331,880.529,315.848,1.712,68.319,24.087,4.051,38,0,Medium
WAG9-1048,WAG9,ER,2012,112,149,6,87.768,3.2,2.652,90.574,80.692,62.673,904.562,338.257,1.648,68.782,23.929,3.921,37,0,Medium
WAG9-1048,WAG9,ER,2012,113,149,8,89.295,3.181,2.274,95.478,79.883,57.588,896.692,326.717,1.694,66.803,23.059,3.705,36,0,Medium
WAG9-1048,WAG9,ER,2012,114,149,10,88.757,3.122,2.043,91.17,81.141,61.175,875.061,314.83,1.703,71.211,24.146,4.114,35,0,Medium
WAG9-1048,WAG9,ER,2012,115,149,12,87.083,3.101,2.42,90.694,79.383,64.226,915.619,309.912,1.535,76.72,23.383,4.103,34,0,Medium
WAG9-1048,WAG9,ER,2012,116,149,14,95.134,3.349,2.052,92.03,77.007,65.503,883.924,340.151,1.564,72.527,23.76,4.061,33,0,Medium
WAG9-1048,WAG9,ER,2012,117,149,16,84.623,3.225,2.851,91.664,72.617,64.943,920.951,331.801,1.683,71.483,23.429,3.489,32,0,Medium
WAG9-1048,WAG9,ER,2012,118,149,18,88.963,3.165,2.318,93.388,75.59,60.642,908.898,319.865,1.648,62.736,24.168,3.99,31,0,Medium
WAG9-1048,WAG9,ER,2012,119,149,20,102.202,2.524,3.354,89.286,88.523,67.911,882.015,347.238,1.419,63.513,23.922,3.474,30,1,High
WAG9-1048,WAG9,ER,2012,120,149,22,96.793,2.505,4.092,87.614,83.82,69.917,890.288,360.086,1.315,63.492,23.342,3.293,29,1,High
WAG9-1048,WAG9,ER,2012,121,149,24,97.502,2.485,4.025,85.013,84.427,66.828,853.139,386.562,1.301,73.242,23.204,3.67,28,1,High
WAG9-1048,WAG9,ER,2012,122,149,26,98.206,2.308,4.586,90.623,84.316,66.255,866.097,347.435,1.257,70.174,22.989,3.469,27,1,High
WAG9-1048,WAG9,ER,2012,123,149,28,97.241,2.593,4.138,87.749,83.454,66.368,878.045,360.15,1.304,70.989,23.243,3.535,26,1,High
WAG9-1048,WAG9,ER,2012,124,149,30,96.025,2.485,3.994,88.72,90.354,68.809,859.539,337.315,1.171,72.425,22.248,3.469,25,1,High
WAG9-1048,WAG9,ER,2012,125,149,32,96.989,2.784,4.651,87.299,87.003,69.367,855.504,349.094,1.267,75.39,22.245,3.563,24,1,High
WAG9-1048,WAG9,ER,2012,126,149,34,98.566,2.551,3.973,88.603,85.634,68.955,826.4,357.375,1.368,73.779,22.781,3.308,23,1,High
WAG9-1048,WAG9,ER,2012,127,149,36,102.392,2.389,4.229,87.187,86.463,66.225,842.292,344.809,1.174,74.767,22.068,3.802,22,1,High
WAG9-1048,WAG9,ER,2012,128,149,38,101.463,2.44,4.649,85.39,87.479,69.884,840.521,367.681,1.317,78.539,22.517,3.038,21,1,High
WAG9-1048,WAG9,ER,2012,129,149,40,103.533,2.345,4.721,86.258,83.947,71.502,853.11,346.255,1.167,69.548,22.819,3.672,20,1,High
WAG9-1048,WAG9,ER,2012,130,149,42,96.151,2.272,4.471,88.283,89.62,72.839,865.743,355.208,1.189,67.313,22.971,3.012,19,1,High
WAG9-1048,WAG9,ER,2012,131,149,44,107.515,2.33,5.31,86.025,86.736,70.792,821.336,357.658,1.204,73.942,22.494,3.073,18,1,High
WAG9-1048,WAG9,ER,2012,132,149,46,104.307,2.219,4.892,81.761,93.077,76.139,842.111,350.695,1.162,74.281,21.861,3.102,17,1,High
WAG9-1048,WAG9,ER,2012,133,149,48,104.155,2.091,4.803,82.952,94.628,78.543,857.222,358.635,1.21,78.961,22.991,3.458,16,1,High
WAG9-1048,WAG9,ER,2012,134,149,50,109.491,2.143,5.083,84.757,94.445,72.613,826.496,373.947,1.044,70.173,22.035,3.053,15,1,High
WAG9-1048,WAG9,ER,2012,135,149,52,104.372,2.037,5.609,84.398,94.831,76.226,805.083,374.731,1.082,70.802,22.488,3.401,14,1,High
WAG9-1048,WAG9,ER,2012,136,149,54,110.625,1.996,5.166,85.716,95.599,75.637,834.961,362.966,1.105,69.659,21.752,3.577,13,1,High
WAG9-1048,WAG9,ER,2012,137,149,56,108.152,2.084,5.556,83.719,96.843,75.726,853.235,373.15,1.077,70.695,21.78,3.281,12,1,High
WAG9-1048,WAG9,ER,2012,138,149,58,106.948,1.787,5.835,81.162,96.718,80.153,805.599,386.457,1.122,84.298,20.82,2.95,11,1,High
WAG9-1048,WAG9,ER,2012,139,149,60,109.265,1.88,6.188,82.861,93.555,79.863,820.638,354.067,0.878,71.689,21.473,2.591,10,1,Critical
WAG9-1048,WAG9,ER,2012,140,149,62,112.696,1.909,6.639,78.988,94.245,82.416,841.886,364.591,0.907,75.325,21.902,3.065,9,1,Critical
WAG9-1048,WAG9,ER,2012,141,149,64,117.035,1.738,6.387,79.289,98.203,80.866,811.471,402.238,0.863,72.421,20.483,3.159,8,1,Critical
WAG9-1048,WAG9,ER,2012,142,149,66,114.669,1.657,7.098,81.165,99.944,85.803,809.932,376.6,1.0,74.525,20.653,2.709,7,1,Critical
WAG9-1048,WAG9,ER,2012,143,149,68,117.291,1.706,7.514,77.097,102.569,87.453,803.617,385.97,0.831,74.285,20.353,3.031,6,1,Critical
WAG9-1048,WAG9,ER,2012,144,149,70,118.962,1.507,7.753,80.028,101.598,85.621,856.78,388.418,0.837,75.696,20.658,2.974,5,1,Critical
WAG9-1048,WAG9,ER,2012,145,149,72,120.509,1.46,7.814,80.901,103.855,86.643,805.405,396.449,0.612,59.827,20.136,2.765,4,1,Critical
WAG9-1048,WAG9,ER,2012,146,149,74,120.932,1.265,8.092,76.334,98.8,87.197,803.261,402.82,0.649,71.555,20.858,2.698,3,1,Critical
WAG9-1048,WAG9,ER,2012,147,149,76,127.246,1.145,8.259,76.556,101.931,89.466,792.21,401.257,0.872,75.204,19.956,2.689,2,1,Critical
WAG9-1048,WAG9,ER,2012,148,149,78,120.342,1.053,8.39,74.736,101.391,88.801,786.375,435.022,0.724,75.933,20.087,2.622,1,1,Critical
WAG9-1048,WAG9,ER,2012,149,149,80,131.348,1.306,8.862,76.89,108.939,91.908,793.033,434.681,0.736,71.605,19.523,2.236,0,1,Critical
WAP5-1049,WAP5,SR,2017,1,111,-24,81.193,3.585,2.432,93.157,72.381,55.885,884.058,336.266,1.771,72.323,24.028,4.226,110,0,Low
WAP5-1049,WAP5,SR,2017,2,111,-22,81.122,3.432,1.893,93.15,73.696,61.957,922.417,326.016,1.741,79.429,24.266,4.166,109,0,Low
WAP5-1049,WAP5,SR,2017,3,111,-20,80.446,3.69,1.706,95.334,74.282,60.8,904.573,322.727,1.695,78.861,24.072,3.847,108,0,Low
WAP5-1049,WAP5,SR,2017,4,111,-18,81.338,3.451,1.972,97.392,75.795,58.5,891.005,325.833,1.813,71.6,23.398,4.215,107,0,Low
WAP5-1049,WAP5,SR,2017,5,111,-16,78.916,3.339,1.933,93.861,73.53,60.789,864.231,325.492,1.676,77.715,23.988,4.364,106,0,Low
WAP5-1049,WAP5,SR,2017,6,111,-14,85.124,3.686,1.585,93.069,78.89,60.685,896.375,337.059,1.704,67.555,24.301,4.09,105,0,Low
WAP5-1049,WAP5,SR,2017,7,111,-12,82.667,3.557,1.709,93.134,78.596,62.856,908.016,322.885,1.725,81.22,24.197,3.854,104,0,Low
WAP5-1049,WAP5,SR,2017,8,111,-10,87.746,3.326,1.658,93.33,76.266,59.081,907.45,319.467,1.742,77.094,23.665,4.085,103,0,Low
WAP5-1049,WAP5,SR,2017,9,111,-8,84.75,3.439,1.836,93.292,77.345,58.341,923.861,317.438,1.8,78.474,23.858,4.166,102,0,Low
WAP5-1049,WAP5,SR,2017,10,111,-6,78.819,3.44,2.05,91.513,72.969,60.463,887.037,311.472,1.869,66.972,23.721,4.133,101,0,Low
WAP5-1049,WAP5,SR,2017,11,111,-4,82.681,3.503,2.923,93.407,75.877,62.231,889.529,308.348,1.832,68.319,24.387,4.231,100,0,Low
WAP5-1049,WAP5,SR,2017,12,111,-2,84.168,3.44,2.112,92.074,78.292,60.573,913.562,330.757,1.768,68.782,24.229,4.101,99,0,Low
WAP5-1049,WAP5,SR,2017,13,111,0,85.695,3.421,1.734,96.978,77.483,55.488,905.692,319.217,1.814,66.803,23.359,3.885,98,0,Low
WAP5-1049,WAP5,SR,2017,14,111,2,85.157,3.362,1.503,92.67,78.741,59.075,884.061,307.33,1.823,71.211,24.446,4.294,97,0,Low
WAP5-1049,WAP5,SR,2017,15,111,4,83.483,3.341,1.88,92.194,76.983,62.126,924.619,302.412,1.655,76.72,23.683,4.283,96,0,Low
WAP5-1049,WAP5,SR,2017,16,111,6,91.534,3.589,1.512,93.53,74.607,63.403,892.924,332.651,1.684,72.527,24.06,4.241,95,0,Low
WAP5-1049,WAP5,SR,2017,17,111,8,81.023,3.465,2.311,93.164,70.217,62.843,929.951,324.301,1.803,71.483,23.729,3.669,94,0,Low
WAP5-1049,WAP5,SR,2017,18,111,10,85.363,3.405,1.778,94.888,73.19,58.542,917.898,312.365,1.768,62.736,24.468,4.17,93,0,Low
WAP5-1049,WAP5,SR,2017,19,111,12,88.606,3.43,1.314,94.951,79.459,59.98,916.005,318.913,1.873,63.513,25.055,4.153,92,0,Low
WAP5-1049,WAP5,SR,2017,20,111,14,83.08,3.418,2.035,93.327,74.678,61.912,924.577,331.52,1.772,63.492,24.485,3.978,91,0,Low
WAP5-1049,WAP5,SR,2017,21,111,16,83.605,3.407,1.94,90.801,75.162,58.701,887.905,357.62,1.762,73.242,24.362,4.362,90,0,Low
WAP5-1049,WAP5,SR,2017,22,111,18,84.058,3.243,2.464,96.513,74.884,57.957,901.517,317.985,1.724,70.174,24.168,4.169,89,0,Low
WAP5-1049,WAP5,SR,2017,23,111,20,82.776,3.543,1.969,93.767,73.811,57.85,914.298,330.059,1.779,70.989,24.449,4.245,88,0,Low
WAP5-1049,WAP5,SR,2017,24,111,22,81.176,3.453,1.767,94.893,80.455,60.022,896.801,306.448,1.655,72.425,23.485,4.192,87,0,Low
WAP5-1049,WAP5,SR,2017,25,111,24,81.689,3.772,2.356,93.654,76.803,60.262,893.954,317.319,1.761,75.39,23.52,4.3,86,0,Low
WAP5-1049,WAP5,SR,2017,26,111,26,82.748,3.562,1.601,95.166,75.089,59.483,866.215,324.558,1.873,73.779,24.099,4.061,85,0,Low
WAP5-1049,WAP5,SR,2017,27,111,28,85.99,3.426,1.769,93.985,75.529,56.338,883.651,310.817,1.692,74.767,23.434,4.572,84,0,Low
WAP5-1049,WAP5,SR,2017,28,111,30,84.411,3.505,2.091,92.45,76.111,59.532,883.601,332.381,1.849,78.539,23.938,3.828,83,0,Low
WAP5-1049,WAP5,SR,2017,29,111,32,85.764,3.441,2.056,93.606,72.101,60.636,898.089,309.513,1.715,69.548,24.3,4.483,82,0,Low
WAP5-1049,WAP5,SR,2017,30,111,34,77.598,3.401,1.688,95.946,77.251,61.411,912.799,316.892,1.754,67.313,24.517,3.845,81,0,Low
WAP5-1049,WAP5,SR,2017,31,111,36,88.111,3.495,2.399,94.03,73.8,58.753,870.646,317.633,1.787,73.942,24.111,3.931,80,0,Low
WAP5-1049,WAP5,SR,2017,32,111,38,83.985,3.424,1.844,90.135,79.529,63.44,893.853,308.828,1.765,74.281,23.554,3.987,79,0,Low
WAP5-1049,WAP5,SR,2017,33,111,40,82.849,3.337,1.607,91.72,80.424,65.135,911.575,314.794,1.833,78.961,24.767,4.37,78,0,Low
WAP5-1049,WAP5,SR,2017,34,111,42,87.135,3.433,1.729,93.947,79.541,58.447,883.636,327.997,1.689,70.173,23.898,3.995,77,0,Low
WAP5-1049,WAP5,SR,2017,35,111,44,80.898,3.374,2.088,94.036,79.182,61.253,865.189,326.54,1.75,70.802,24.444,4.376,76,0,Low
WAP5-1049,WAP5,SR,2017,36,111,46,85.968,3.383,1.468,95.829,79.16,59.809,898.21,312.4,1.799,69.659,23.807,4.585,75,0,Low
WAP5-1049,WAP5,SR,2017,37,111,48,82.244,3.523,1.67,94.334,79.571,58.993,919.805,320.075,1.796,70.695,23.939,4.325,74,0,Low
WAP5-1049,WAP5,SR,2017,38,111,50,79.723,3.281,1.752,92.306,78.568,62.467,875.668,330.741,1.869,84.298,23.089,4.03,73,0,Low
WAP5-1049,WAP5,SR,2017,39,111,52,80.656,3.432,1.896,94.559,74.482,61.174,894.384,295.575,1.654,71.689,23.857,3.71,72,0,Low
WAP5-1049,WAP5,SR,2017,40,111,54,82.636,3.521,2.13,91.268,74.205,62.676,919.486,303.191,1.713,75.325,24.407,4.225,71,0,Low
WAP5-1049,WAP5,SR,2017,41,111,56,85.458,3.413,1.651,92.178,77.151,60.026,893.103,337.796,1.7,72.421,23.115,4.361,70,0,Low
WAP5-1049,WAP5,SR,2017,42,111,58,81.507,3.397,2.124,94.689,77.837,63.814,895.774,308.983,1.87,74.525,23.417,3.955,69,0,Low
WAP5-1049,WAP5,SR,2017,43,111,60,82.479,3.514,2.292,91.282,79.361,64.266,893.847,315.045,1.736,74.285,23.254,4.324,68,0,Low
WAP5-1049,WAP5,SR,2017,44,111,62,82.433,3.387,2.274,94.902,77.245,61.187,951.575,314.052,1.777,75.696,23.702,4.314,67,0,Low
WAP5-1049,WAP5,SR,2017,45,111,64,82.196,3.414,2.067,96.49,78.313,60.913,904.944,318.507,1.589,59.827,23.329,4.155,66,0,Low
WAP5-1049,WAP5,SR,2017,46,111,66,80.768,3.295,2.067,92.664,72.024,60.123,907.721,321.17,1.663,71.555,24.205,4.139,65,0,Low
WAP5-1049,WAP5,SR,2017,47,111,68,85.165,3.254,1.947,93.654,73.877,60.999,901.769,315.765,1.926,75.204,23.463,4.183,64,0,Low
WAP5-1049,WAP5,SR,2017,48,111,70,76.277,3.243,1.781,92.629,72.014,58.891,901.21,345.556,1.819,75.933,23.759,4.171,63,0,Low
WAP5-1049,WAP5,SR,2017,49,111,72,85.232,3.581,1.945,95.605,78.195,60.507,913.323,341.106,1.873,71.605,23.366,3.841,62,0,Low
WAP5-1049,WAP5,SR,2017,50,111,74,75.845,3.293,1.797,93.367,78.583,59.834,861.682,310.889,1.757,75.447,23.54,4.143,61,0,Low
WAP5-1049,WAP5,SR,2017,51,111,76,84.825,3.316,1.719,95.397,79.829,60.312,911.443,328.526,1.704,60.721,22.972,4.097,60,0,Medium
WAP5-1049,WAP5,SR,2017,52,111,78,84.207,3.325,2.348,93.341,74.077,58.452,895.059,327.245,1.665,72.449,23.585,4.255,59,0,Medium
WAP5-1049,WAP5,SR,2017,53,111,80,88.803,3.246,1.692,94.37,75.471,59.011,865.254,308.341,1.679,76.663,24.309,4.368,58,0,Medium
WAP5-1049,WAP5,SR,2017,54,111,82,79.509,3.235,2.182,96.735,76.36,64.338,873.251,325.629,1.758,68.464,24.116,4.167,57,0,Medium
WAP5-1049,WAP5,SR,2017,55,111,84,86.112,3.547,2.502,93.416,75.834,57.874,877.793,320.816,1.854,77.666,24.271,3.817,56,0,Medium
WAP5-1049,WAP5,SR,2017,56,111,86,83.687,3.254,2.361,90.583,81.269,60.466,881.458,309.086,1.698,68.912,23.518,4.037,55,0,Medium
WAP5-1049,WAP5,SR,2017,57,111,88,89.503,3.41,1.968,87.725,75.118,62.959,859.991,322.846,1.782,76.011,24.102,4.382,54,0,Medium
WAP5-1049,WAP5,SR,2017,58,111,90,85.965,3.051,1.529,93.98,80.545,59.572,904.762,325.817,1.764,65.226,24.253,4.121,53,0,Medium
WAP5-1049,WAP5,SR,2017,59,111,92,86.885,3.513,2.298,90.998,69.929,59.694,879.767,323.461,1.835,80.865,23.696,4.548,52,0,Medium
WAP5-1049,WAP5,SR,2017,60,111,94,87.714,3.427,1.969,95.766,75.439,59.894,901.441,329.514,1.792,76.15,23.791,4.128,51,0,Medium
WAP5-1049,WAP5,SR,2017,61,111,96,84.316,3.326,2.277,93.604,72.658,61.013,911.119,310.701,1.719,61.757,23.413,4.15,50,0,Medium
WAP5-1049,WAP5,SR,2017,62,111,98,84.586,3.45,2.569,93.632,78.931,60.493,855.895,323.619,1.658,67.041,23.962,3.904,49,0,Medium
WAP5-1049,WAP5,SR,2017,63,111,100,83.992,3.575,1.635,93.16,79.166,59.888,865.606,331.172,1.603,79.44,23.409,4.153,48,0,Medium
WAP5-1049,WAP5,SR,2017,64,111,102,80.105,3.487,2.446,93.014,75.144,62.996,914.103,323.154,1.674,63.002,23.164,4.117,47,0,Medium
WAP5-1049,WAP5,SR,2017,65,111,104,81.442,3.549,1.801,92.958,78.582,64.707,892.806,319.511,1.715,79.869,23.273,4.218,46,0,Medium
WAP5-1049,WAP5,SR,2017,66,111,106,81.384,3.384,2.492,95.089,75.437,59.783,895.668,335.681,1.659,71.641,24.047,4.307,45,0,Medium
WAP5-1049,WAP5,SR,2017,67,111,108,92.432,3.448,1.984,93.623,75.013,63.739,851.732,332.388,1.614,81.465,23.84,3.618,44,0,Medium
WAP5-1049,WAP5,SR,2017,68,111,110,79.661,3.376,2.344,91.565,72.072,62.812,852.201,324.378,1.731,76.721,23.725,3.91,43,0,Medium
WAP5-1049,WAP5,SR,2017,69,111,112,86.475,3.084,2.306,95.221,75.097,65.918,929.572,334.822,1.693,69.366,24.299,3.974,42,0,Medium
WAP5-1049,WAP5,SR,2017,70,111,114,79.861,3.353,2.34,93.07,77.927,58.63,902.348,313.561,1.693,73.356,23.928,4.283,41,0,Medium
WAP5-1049,WAP5,SR,2017,71,111,116,84.17,3.345,2.447,93.779,77.81,60.772,909.185,319.395,1.77,73.761,23.389,4.487,40,0,Medium
WAP5-1049,WAP5,SR,2017,72,111,118,80.934,3.237,2.151,91.046,75.419,61.144,896.576,320.337,1.829,66.49,23.774,3.972,39,0,Medium
WAP5-1049,WAP5,SR,2017,73,111,120,86.926,3.289,2.889,91.553,74.18,67.152,875.43,327.857,1.741,66.756,24.445,4.077,38,0,Medium
WAP5-1049,WAP5,SR,2017,74,111,122,78.876,3.464,2.177,93.476,77.113,61.851,908.24,331.214,1.629,72.225,23.693,3.896,37,0,Medium
WAP5-1049,WAP5,SR,2017,75,111,124,85.119,3.464,2.182,91.936,78.794,62.36,899.972,335.481,1.734,70.399,23.638,3.927,36,0,Medium
WAP5-1049,WAP5,SR,2017,76,111,126,88.993,3.246,2.558,91.767,72.904,63.722,892.622,310.789,1.827,68.528,23.464,3.348,35,0,Medium
WAP5-1049,WAP5,SR,2017,77,111,128,87.131,3.198,2.138,94.311,79.176,62.56,866.001,322.958,1.684,78.779,23.654,4.118,34,0,Medium
WAP5-1049,WAP5,SR,2017,78,111,130,89.631,3.48,2.2,91.422,78.284,64.357,897.295,313.297,1.716,66.304,24.208,4.284,33,0,Medium
WAP5-1049,WAP5,SR,2017,79,111,132,89.057,3.096,1.959,92.018,75.591,63.921,886.109,348.992,1.863,65.68,23.563,4.296,32,0,Medium
WAP5-1049,WAP5,SR,2017,80,111,134,84.811,3.17,2.356,93.637,73.179,59.76,888.735,341.701,1.497,71.332,24.596,4.232,31,0,Medium
WAP5-1049,WAP5,SR,2017,81,111,136,90.165,2.77,3.461,89.162,78.659,62.111,881.025,324.854,1.518,61.127,23.427,3.74,30,1,High
WAP5-1049,WAP5,SR,2017,82,111,138,95.617,2.662,3.316,89.413,80.938,65.365,892.288,342.726,1.425,71.802,23.507,3.618,29,1,High
WAP5-1049,WAP5,SR,2017,83,111,140,90.778,2.914,2.785,89.904,78.655,63.859,905.032,341.971,1.359,77.841,23.231,3.654,28,1,High
WAP5-1049,WAP5,SR,2017,84,111,142,94.916,2.848,3.51,86.111,80.904,64.429,880.876,338.293,1.494,78.11,23.115,4.024,27,1,High
WAP5-1049,WAP5,SR,2017,85,111,144,90.597,2.959,3.325,88.516,81.795,66.254,861.252,330.523,1.345,69.294,22.955,3.389,26,1,High
WAP5-1049,WAP5,SR,2017,86,111,146,86.836,2.764,3.236,86.337,86.46,67.969,887.773,351.079,1.538,77.097,22.872,3.703,25,1,High
WAP5-1049,WAP5,SR,2017,87,111,148,86.825,2.86,4.11,88.682,81.772,68.087,861.171,345.25,1.325,78.502,22.956,3.845,24,1,High
WAP5-1049,WAP5,SR,2017,88,111,150,93.154,2.724,3.678,91.715,82.18,63.266,884.122,355.547,1.422,64.089,22.898,3.735,23,1,High
WAP5-1049,WAP5,SR,2017,89,111,152,95.161,2.851,3.806,86.801,81.213,66.016,896.427,328.797,1.367,67.682,23.245,3.465,22,1,High
WAP5-1049,WAP5,SR,2017,90,111,154,99.891,2.645,4.199,88.192,80.082,67.106,873.87,345.32,1.415,66.551,22.774,3.818,21,1,High
WAP5-1049,WAP5,SR,2017,91,111,156,99.554,2.841,3.877,91.869,81.574,70.835,851.13,347.449,1.4,69.26,23.029,3.527,20,1,High
WAP5-1049,WAP5,SR,2017,92,111,158,102.301,2.797,4.028,88.133,83.653,65.931,844.391,336.559,1.423,69.853,23.03,3.611,19,1,High
WAP5-1049,WAP5,SR,2017,93,111,160,99.042,2.428,4.09,87.69,86.32,69.016,856.776,343.126,1.353,68.055,21.911,3.393,18,1,High
WAP5-1049,WAP5,SR,2017,94,111,162,97.127,2.421,4.136,85.942,84.683,71.917,856.978,350.71,1.25,73.834,22.995,3.528,17,1,High
WAP5-1049,WAP5,SR,2017,95,111,164,95.884,2.693,4.706,87.163,90.371,71.432,838.844,367.416,1.254,68.812,22.79,3.475,16,1,High
WAP5-1049,WAP5,SR,2017,96,111,166,101.147,2.224,4.887,84.675,88.251,72.516,865.033,368.682,1.215,73.956,22.007,3.216,15,1,High
WAP5-1049,WAP5,SR,2017,97,111,168,101.494,2.563,4.56,87.267,87.258,78.058,872.049,353.344,1.114,68.552,22.38,3.402,14,1,High
WAP5-1049,WAP5,SR,2017,98,111,170,104.969,2.333,5.17,85.496,83.907,74.81,847.742,356.596,1.191,76.195,22.101,3.502,13,1,High
WAP5-1049,WAP5,SR,2017,99,111,172,102.15,2.185,5.301,85.602,95.702,76.498,841.074,355.075,1.158,75.335,22.067,3.479,12,1,High
WAP5-1049,WAP5,SR,2017,100,111,174,110.7,2.211,5.774,82.315,91.614,76.98,845.319,382.404,1.17,73.65,21.996,3.403,11,1,High
WAP5-1049,WAP5,SR,2017,101,111,176,106.611,2.181,5.373,84.633,94.132,77.805,830.021,369.972,1.09,67.16,21.54,3.219,10,1,Critical
WAP5-1049,WAP5,SR,2017,102,111,178,107.996,2.144,5.78,79.602,95.74,75.038,855.72,379.029,1.165,86.434,21.902,3.349,9,1,Critical
WAP5-1049,WAP5,SR,2017,103,111,180,108.645,2.161,6.125,83.823,96.242,77.988,836.884,376.414,1.114,61.971,21.21,3.458,8,1,Critical
WAP5-1049,WAP5,SR,2017,104,111,0,114.249,2.045,6.662,83.727,96.197,80.52,828.006,373.938,1.171,64.514,21.115,2.796,7,1,Critical
WAP5-1049,WAP5,SR,2017,105,111,2,109.94,1.901,6.597,80.769,95.083,82.165,818.254,382.084,1.002,79.066,21.613,2.957,6,1,Critical
WAP5-1049,WAP5,SR,2017,106,111,4,121.884,1.994,6.596,80.297,98.906,79.743,808.083,401.97,1.049,74.268,21.567,3.25,5,1,Critical
WAP5-1049,WAP5,SR,2017,107,111,6,118.87,1.682,7.658,79.114,103.25,85.552,820.495,380.806,0.862,80.185,20.989,3.035,4,1,Critical
WAP5-1049,WAP5,SR,2017,108,111,8,117.187,1.801,7.174,79.619,103.054,81.705,784.319,391.731,0.75,72.791,20.974,2.873,3,1,Critical
WAP5-1049,WAP5,SR,2017,109,111,10,127.659,1.29,7.394,77.691,104.476,86.726,793.016,392.616,0.937,71.944,20.906,2.914,2,1,Critical
WAP5-1049,WAP5,SR,2017,110,111,12,119.793,1.739,7.292,78.642,103.294,85.718,786.551,396.979,0.777,74.085,20.364,3.128,1,1,Critical
WAP5-1049,WAP5,SR,2017,111,111,14,128.51,1.489,8.311,76.682,101.382,87.162,762.532,411.453,0.726,72.689,20.649,2.928,0,1,Critical
WAP7-1050,WAP7,NR,2020,1,92,-24,81.193,3.52,1.561,95.001,77.187,60.978,895.786,318.13,1.76,67.16,23.658,4.179,91,0,Low
WAP7-1050,WAP7,NR,2020,2,92,-22,81.128,3.543,1.75,90.552,77.828,57.16,925.34,324.279,1.865,86.434,24.141,4.349,90,0,Low
WAP7-1050,WAP7,NR,2020,3,92,-20,80.26,3.624,1.867,95.382,77.319,59.01,910.536,318.623,1.845,61.971,23.576,4.501,89,0,Low
WAP7-1050,WAP7,NR,2020,4,92,-18,84.279,3.572,2.167,95.92,76.217,60.393,905.868,312.972,1.935,64.514,23.612,3.883,88,0,Low
WAP7-1050,WAP7,NR,2020,5,92,-16,78.32,3.497,1.854,93.624,74.003,60.84,900.504,317.809,1.8,79.066,24.248,4.09,87,0,Low
WAP7-1050,WAP7,NR,2020,6,92,-14,88.547,3.661,1.596,93.841,76.681,57.171,894.898,334.254,1.882,74.268,24.345,4.43,86,0,Low
WAP7-1050,WAP7,NR,2020,7,92,-12,83.749,3.423,2.39,93.372,79.835,61.685,912.054,309.514,1.732,80.185,23.916,4.265,85,0,Low
WAP7-1050,WAP7,NR,2020,8,92,-10,80.215,3.618,1.628,94.619,78.406,56.493,880.799,316.731,1.658,72.791,24.055,4.155,84,0,Low
WAP7-1050,WAP7,NR,2020,9,92,-8,88.769,3.186,1.561,93.46,78.549,60.121,894.595,313.774,1.885,71.944,24.147,4.249,83,0,Low
WAP7-1050,WAP7,NR,2020,10,92,-6,78.919,3.716,1.161,95.206,76.045,57.67,893.407,314.162,1.765,74.085,23.77,4.518,82,0,Low
WAP7-1050,WAP7,NR,2020,11,92,-4,85.586,3.551,1.872,94.067,72.766,57.623,874.842,324.528,1.756,72.689,24.226,4.375,81,0,Low
WAP7-1050,WAP7,NR,2020,12,92,-2,84.208,3.472,1.357,93.104,74.282,60.094,889.859,321.407,1.785,69.72,23.532,3.905,80,0,Low
WAP7-1050,WAP7,NR,2020,13,92,0,85.954,3.31,2.079,94.78,75.049,61.039,902.556,318.343,1.743,65.609,24.255,4.026,79,0,Low
WAP7-1050,WAP7,NR,2020,14,92,2,79.733,3.395,1.772,94.917,75.943,63.874,909.765,317.474,1.781,73.276,23.535,4.344,78,0,Low
WAP7-1050,WAP7,NR,2020,15,92,4,89.295,3.235,1.969,92.302,74.741,60.821,922.592,313.346,1.877,61.211,23.95,4.69,77,0,Low
WAP7-1050,WAP7,NR,2020,16,92,6,83.705,3.49,2.007,95.127,71.666,59.1,922.26,312.44,1.782,71.69,23.701,4.087,76,0,Low
WAP7-1050,WAP7,NR,2020,17,92,8,84.418,3.579,1.588,93.689,78.074,58.315,899.386,305.15,1.723,59.711,23.423,4.078,75,0,Low
WAP7-1050,WAP7,NR,2020,18,92,10,80.344,3.437,2.347,93.497,73.828,63.699,939.584,326.703,1.672,75.567,24.35,3.86,74,0,Low
WAP7-1050,WAP7,NR,2020,19,92,12,82.927,3.383,1.829,94.305,79.837,61.108,879.519,332.678,1.722,76.383,24.308,4.405,73,0,Low
WAP7-1050,WAP7,NR,2020,20,92,14,83.26,3.689,2.162,93.7,76.564,59.605,877.21,327.82,1.908,72.426,24.065,3.923,72,0,Low
WAP7-1050,WAP7,NR,2020,21,92,16,82.229,3.387,1.409,93.369,74.589,61.225,902.26,316.697,1.853,74.732,23.874,4.056,71,0,Low
WAP7-1050,WAP7,NR,2020,22,92,18,78.696,3.412,2.013,93.844,72.993,61.994,908.115,308.567,1.779,69.777,24.249,3.577,70,0,Low
WAP7-1050,WAP7,NR,2020,23,92,20,86.447,3.506,1.715,93.586,76.6,58.491,900.795,320.761,1.806,78.729,24.229,4.126,69,0,Low
WAP7-1050,WAP7,NR,2020,24,92,22,79.464,3.244,1.644,91.9,72.575,64.11,919.912,307.261,1.652,78.709,24.484,4.316,68,0,Low
WAP7-1050,WAP7,NR,2020,25,92,24,81.191,3.353,2.072,91.996,76.163,60.831,915.901,319.324,1.794,61.493,23.512,4.1,67,0,Low
WAP7-1050,WAP7,NR,2020,26,92,26,78.911,3.532,2.368,93.403,75.931,60.108,899.7,328.679,1.784,66.658,24.353,3.9,66,0,Low
WAP7-1050,WAP7,NR,2020,27,92,28,83.912,3.479,1.492,93.839,74.169,62.261,915.76,337.258,1.692,67.827,24.006,4.03,65,0,Low
WAP7-1050,WAP7,NR,2020,28,92,30,83.041,3.498,2.476,93.426,75.444,59.962,911.245,302.682,1.791,75.005,24.397,4.071,64,0,Low
WAP7-1050,WAP7,NR,2020,29,92,32,89.368,3.303,1.874,92.308,72.931,56.609,941.393,327.581,1.805,78.317,23.36,4.449,63,0,Low
WAP7-1050,WAP7,NR,2020,30,92,34,81.939,3.501,2.315,95.934,72.047,59.968,821.17,324.671,1.752,73.927,24.86,4.071,62,0,Low
WAP7-1050,WAP7,NR,2020,31,92,36,82.689,3.607,2.365,94.167,72.758,59.979,897.507,337.911,1.77,74.929,24.579,4.277,61,0,Low
WAP7-1050,WAP7,NR,2020,32,92,38,84.07,3.359,2.099,93.151,77.22,58.897,911.718,321.227,1.777,72.831,23.717,4.035,60,0,Medium
WAP7-1050,WAP7,NR,2020,33,92,40,82.834,3.285,1.912,94.063,72.728,60.551,907.717,314.146,1.713,76.921,23.842,4.134,59,0,Medium
WAP7-1050,WAP7,NR,2020,34,92,42,81.765,3.563,1.679,90.013,76.716,57.014,898.796,309.898,1.731,68.334,24.163,4.176,58,0,Medium
WAP7-1050,WAP7,NR,2020,35,92,44,83.642,3.37,1.784,94.159,78.099,59.796,888.897,316.589,1.733,74.805,23.472,4.319,57,0,Medium
WAP7-1050,WAP7,NR,2020,36,92,46,84.106,3.499,1.81,91.455,76.037,59.246,898.607,299.803,1.801,74.891,24.344,4.119,56,0,Medium
WAP7-1050,WAP7,NR,2020,37,92,48,80.486,3.528,1.968,95.439,80.301,58.714,888.281,317.103,1.753,77.526,23.357,4.134,55,0,Medium
WAP7-1050,WAP7,NR,2020,38,92,50,87.088,3.464,1.333,92.938,75.875,62.8,894.723,323.355,1.86,77.302,24.124,3.668,54,0,Medium
WAP7-1050,WAP7,NR,2020,39,92,52,79.677,3.894,2.117,93.157,79.369,62.182,901.614,323.445,1.695,69.414,23.89,4.126,53,0,Medium
WAP7-1050,WAP7,NR,2020,40,92,54,80.759,3.333,1.702,94.791,74.189,60.825,925.638,331.21,1.735,71.716,23.96,3.922,52,0,Medium
WAP7-1050,WAP7,NR,2020,41,92,56,90.295,3.484,1.73,92.375,76.117,60.631,857.855,341.045,1.701,74.497,23.724,4.089,51,0,Medium
WAP7-1050,WAP7,NR,2020,42,92,58,86.529,3.498,2.253,93.675,76.456,60.182,911.23,327.019,1.748,73.194,23.132,4.055,50,0,Medium
WAP7-1050,WAP7,NR,2020,43,92,60,86.194,3.418,1.72,93.934,73.117,63.243,903.88,309.276,1.777,72.348,23.404,3.991,49,0,Medium
WAP7-1050,WAP7,NR,2020,44,92,62,85.522,3.467,1.803,94.899,75.343,63.143,888.219,316.257,1.769,70.584,23.729,4.165,48,0,Medium
WAP7-1050,WAP7,NR,2020,45,92,64,85.76,3.774,2.302,94.281,74.3,61.532,898.372,321.831,1.649,63.155,24.155,4.049,47,0,Medium
WAP7-1050,WAP7,NR,2020,46,92,66,80.954,3.175,1.266,93.065,71.839,63.224,913.224,320.487,1.796,65.87,23.542,4.111,46,0,Medium
WAP7-1050,WAP7,NR,2020,47,92,68,79.985,3.149,2.311,92.142,75.351,56.283,872.307,312.599,1.519,82.892,23.822,4.021,45,0,Medium
WAP7-1050,WAP7,NR,2020,48,92,70,86.954,3.172,2.387,92.856,75.331,61.078,868.186,322.469,1.74,72.25,23.52,4.241,44,0,Medium
WAP7-1050,WAP7,NR,2020,49,92,72,84.543,3.472,1.963,91.694,77.906,62.59,857.473,313.09,1.769,72.828,23.977,4.09,43,0,Medium
WAP7-1050,WAP7,NR,2020,50,92,74,79.308,3.587,2.223,95.028,75.651,60.61,863.182,316.054,1.732,80.971,23.951,4.062,42,0,Medium
WAP7-1050,WAP7,NR,2020,51,92,76,89.596,3.528,2.093,93.371,73.349,59.81,894.603,330.058,1.742,76.53,23.935,3.913,41,0,Medium
WAP7-1050,WAP7,NR,2020,52,92,78,84.178,3.176,1.878,93.29,74.697,61.864,852.957,340.294,1.851,74.097,23.749,4.151,40,0,Medium
WAP7-1050,WAP7,NR,2020,53,92,80,87.187,3.213,1.656,93.587,74.94,61.106,922.686,329.405,1.668,67.47,23.882,3.747,39,0,Medium
WAP7-1050,WAP7,NR,2020,54,92,82,88.93,3.449,2.413,93.716,78.908,59.953,885.636,319.786,1.625,67.724,23.847,4.33,38,0,Medium
WAP7-1050,WAP7,NR,2020,55,92,84,86.105,3.554,2.273,92.687,76.078,59.653,914.217,306.037,1.664,69.384,23.812,4.153,37,0,Medium
WAP7-1050,WAP7,NR,2020,56,92,86,82.721,3.317,1.704,92.982,77.346,63.304,865.041,332.946,1.878,74.661,22.885,4.127,36,0,Medium
WAP7-1050,WAP7,NR,2020,57,92,88,86.651,3.487,2.073,93.492,73.24,62.129,896.731,335.279,1.668,63.26,23.762,4.044,35,0,Medium
WAP7-1050,WAP7,NR,2020,58,92,90,77.565,3.461,2.515,92.269,80.496,63.872,870.98,320.26,1.737,66.384,23.735,4.171,34,0,Medium
WAP7-1050,WAP7,NR,2020,59,92,92,83.224,3.438,2.742,93.282,74.529,61.238,905.263,322.045,1.808,70.522,23.571,3.829,33,0,Medium
WAP7-1050,WAP7,NR,2020,60,92,94,84.019,3.197,1.871,91.719,75.432,59.047,865.226,306.228,1.752,70.047,24.417,4.071,32,0,Medium
WAP7-1050,WAP7,NR,2020,61,92,96,83.104,3.329,1.996,93.369,72.274,63.994,909.487,312.839,1.777,70.116,23.715,4.061,31,0,Medium
WAP7-1050,WAP7,NR,2020,62,92,98,89.524,2.828,3.129,92.105,80.643,63.813,860.217,336.523,1.398,70.235,23.551,4.125,30,1,High
WAP7-1050,WAP7,NR,2020,63,92,100,88.539,2.68,3.087,89.223,78.98,65.547,888.997,335.623,1.551,69.097,23.933,3.731,29,1,High
WAP7-1050,WAP7,NR,2020,64,92,102,95.061,3.008,2.919,90.734,81.826,64.583,886.241,340.073,1.691,71.74,23.396,3.57,28,1,High
WAP7-1050,WAP7,NR,2020,65,92,104,88.159,2.973,3.013,89.823,78.751,64.737,885.032,337.483,1.474,72.118,22.619,3.71,27,1,High
WAP7-1050,WAP7,NR,2020,66,92,106,88.164,2.81,2.835,94.477,80.619,63.667,859.672,345.537,1.575,71.917,23.827,3.716,26,1,High
WAP7-1050,WAP7,NR,2020,67,92,108,92.627,2.703,2.898,91.205,77.554,66.896,884.834,346.671,1.549,80.689,22.533,3.574,25,1,High
WAP7-1050,WAP7,NR,2020,68,92,110,90.863,3.014,3.469,91.322,85.953,68.313,878.192,325.75,1.461,72.475,23.028,3.664,24,1,High
WAP7-1050,WAP7,NR,2020,69,92,112,91.133,2.63,3.276,91.181,87.101,68.906,866.214,343.909,1.471,76.863,22.479,3.535,23,1,High
WAP7-1050,WAP7,NR,2020,70,92,114,90.157,3.074,3.524,91.214,81.926,61.803,847.181,338.22,1.414,65.44,22.672,3.51,22,1,High
WAP7-1050,WAP7,NR,2020,71,92,116,89.049,2.992,3.677,91.431,85.175,64.47,861.598,343.521,1.434,71.192,22.158,3.675,21,1,High
WAP7-1050,WAP7,NR,2020,72,92,118,96.411,2.944,3.338,87.461,83.904,70.76,904.458,342.795,1.531,66.773,22.808,3.357,20,1,High
WAP7-1050,WAP7,NR,2020,73,92,120,92.624,2.433,3.229,88.243,84.789,70.118,864.741,348.269,1.54,70.222,22.709,3.846,19,1,High
WAP7-1050,WAP7,NR,2020,74,92,122,101.267,2.75,3.666,87.291,88.949,68.367,864.503,354.828,1.381,62.738,23.425,3.658,18,1,High
WAP7-1050,WAP7,NR,2020,75,92,124,96.881,2.908,3.609,88.444,84.956,66.992,867.662,348.122,1.441,71.281,22.847,3.655,17,1,High
WAP7-1050,WAP7,NR,2020,76,92,126,101.352,2.612,4.259,88.205,89.059,70.033,844.333,344.7,1.283,74.334,22.642,3.71,16,1,High
WAP7-1050,WAP7,NR,2020,77,92,128,95.647,2.635,4.035,87.603,88.383,73.455,867.828,345.96,1.407,70.393,23.191,3.616,15,1,High
WAP7-1050,WAP7,NR,2020,78,92,130,97.418,2.557,4.506,85.809,83.081,72.595,864.333,355.698,1.253,74.695,21.699,3.582,14,1,High
WAP7-1050,WAP7,NR,2020,79,92,132,96.945,2.217,4.618,86.326,87.019,75.597,845.124,365.62,1.247,66.751,23.114,3.486,13,1,High
WAP7-1050,WAP7,NR,2020,80,92,134,100.618,2.313,4.883,84.332,88.502,75.53,820.123,366.987,1.469,73.706,21.864,3.516,12,1,High
WAP7-1050,WAP7,NR,2020,81,92,136,101.549,2.046,5.05,86.622,88.843,76.535,830.424,367.597,1.165,74.765,21.473,3.46,11,1,High
WAP7-1050,WAP7,NR,2020,82,92,138,108.402,2.53,5.033,85.426,89.504,76.728,841.26,348.332,1.318,63.903,21.499,3.432,10,1,Critical
WAP7-1050,WAP7,NR,2020,83,92,140,109.944,2.312,5.535,84.188,90.978,74.309,849.873,372.735,1.199,64.073,21.918,3.186,9,1,Critical
WAP7-1050,WAP7,NR,2020,84,92,142,107.987,2.159,6.453,81.225,98.794,75.422,813.537,375.179,1.169,70.577,22.221,3.416,8,1,Critical
WAP7-1050,WAP7,NR,2020,85,92,144,113.984,2.352,5.743,83.144,92.936,79.329,824.183,383.493,1.069,67.454,22.16,3.243,7,1,Critical
WAP7-1050,WAP7,NR,2020,86,92,146,109.247,2.118,6.737,83.703,91.584,79.139,860.247,366.725,0.95,71.445,21.236,3.309,6,1,Critical
WAP7-1050,WAP7,NR,2020,87,92,148,113.662,1.939,6.209,81.148,96.844,81.736,800.185,374.021,1.035,69.77,21.562,3.305,5,1,Critical
WAP7-1050,WAP7,NR,2020,88,92,150,114.603,2.033,6.549,80.289,102.522,79.095,814.375,381.241,0.991,69.805,21.45,3.171,4,1,Critical
WAP7-1050,WAP7,NR,2020,89,92,152,116.643,2.001,7.129,80.813,97.429,84.99,808.346,403.225,0.755,72.571,21.382,3.454,3,1,Critical
WAP7-1050,WAP7,NR,2020,90,92,154,120.063,1.699,7.425,76.703,100.284,84.772,814.864,408.57,0.941,70.645,21.558,2.966,2,1,Critical
WAP7-1050,WAP7,NR,2020,91,92,156,123.078,1.683,8.052,77.638,106.05,90.669,812.389,401.315,0.924,70.665,20.441,2.766,1,1,Critical
WAP7-1050,WAP7,NR,2020,92,92,158,123.176,1.896,7.841,80.917,99.924,90.757,802.047,403.367,0.857,73.889,20.326,2.454,0,1,Critical
